# Resource object code (Python 3)
# Created by: object code
# Created by: The Resource Compiler for Qt version 6.8.1
# WARNING! All changes made in this file will be lost!

from PySide6 import QtCore

qt_resource_data = b"\
\x00\x00\x01/\
;\
 This file can b\
e edited to chan\
ge the style of \
the application\x0a\
; Read \x22Qt Quick\
 Controls 2 Conf\
iguration File\x22 \
for details:\x0a; h\
ttp://doc.qt.io/\
qt-5/qtquickcont\
rols2-configurat\
ion.html\x0a\x0a[Contr\
ols]\x0aStyle=Mater\
ial\x0a\x0a[Universal]\
\x0aTheme=System\x0aAc\
cent=Red\x0a\x0a[Mater\
ial]\x0aTheme=Light\
\x0aAccent=Teal\x0aPri\
mary=BlueGrey\x0a\
\x00\x00\x026\
/\
/ Copyright (C) \
2018 The Qt Comp\
any Ltd.\x0a// SPDX\
-License-Identif\
ier: LicenseRef-\
Qt-Commercial OR\
 GPL-3.0-only\x0a\x0ai\
mport QtQuick\x0aim\
port QtQuick.Stu\
dio.EventSimulat\
or\x0aimport QtQuic\
k.Studio.EventSy\
stem\x0a\x0aQtObject {\
\x0a    id: simulat\
or\x0a    property \
bool active: tru\
e\x0a\x0a    property \
Timer __timer: T\
imer {\x0a        i\
d: timer\x0a       \
 interval: 100\x0a \
       onTrigger\
ed: {\x0a          \
  EventSimulator\
.show()\x0a        \
}\x0a    }\x0a\x0a    Com\
ponent.onComplet\
ed: {\x0a        Ev\
entSystem.init(Q\
t.resolvedUrl(\x22E\
ventListModel.qm\
l\x22))\x0a        if \
(simulator.activ\
e)\x0a            t\
imer.start()\x0a   \
 }\x0a}\x0a\
\x00\x00\x01X\
/\
/ Copyright (C) \
2018 The Qt Comp\
any Ltd.\x0a// SPDX\
-License-Identif\
ier: LicenseRef-\
Qt-Commercial OR\
 GPL-3.0-only\x0a\x0ai\
mport QtQuick\x0a\x0aL\
istModel {\x0a    i\
d: eventListMode\
l\x0a\x0a    ListEleme\
nt {\x0a        eve\
ntId: \x22enterPres\
sed\x22\x0a        eve\
ntDescription: \x22\
Emitted when pre\
ssing the enter \
button\x22\x0a        \
shortcut: \x22Retur\
n\x22\x0a        param\
eters: \x22Enter\x22\x0a \
   }\x0a}\x0a\
\x00\x00\x00\x92\
m\
odule UntitledPr\
oject1\x0asingleton\
 Constants 1.0 C\
onstants.qml\x0aEve\
ntListSimulator \
1.0 EventListSim\
ulator.qml\x0aEvent\
ListModel 1.0 Ev\
entListModel.qml\
\x0a\
\x00\x00\x12\xce\
(\
\xb5/\xfd`\xaa\xb1%\x96\x00ZY\x00\x127\x00y\
s<\xa2\xab\xff\xff\x7f\xea\x15f\x95h\xd4\xff\xff\x1f\
t\xa9\xd1GG\x93$y\x8b\x1c#\xd9m\xb9\x04\x80\
s(\x1c\x09x\xda\xec\x9d\x9e\xd0\xdb\x07N\xce\xf7I\
\xff\xbf\xf7\x87\x17\x12\x01\x0d\x01\x0c\x01=7{]8\
\xa3\x8af8\xa9\x17\xa9\x0c\x9c\xf5\xb2\xf1\xebZ:\xeb\
^\x1b\xf3L\x9dG\x10W\xa3\x9e\x1b\xadVT_\xb7\
\xde<\xf3\x86\xae\x19&\xfb\x8c[a\xf9\x8a5\xa3\x22\
 \xf4&u\x9a\x8e\x93\x91\x0fj\x84\xdaP\x9f\xa5\xb6\
\x1e\x9a$\xb4\x96\xea\xb2\xe8\xb7b\xd1\x9a\xe6\xad1g\
\x99\xdb\xb4.\x15\x1b\xbf\xdd\xd5C\xc4V\x05\xfc\xd1e\
Z\xbf9\xc3\xee=1\xfe\x89\xd7\xae+\xcbv\xf9\xad\
+\xb8\x0a\xf1\x99\xb5\xa8\x02V\x98\xaa\xe1Sx\xbd6\
~\x10\xac\xdcjB\xb5z%\x04p\xcer\xc9t%\
\xad\xce7\x83.\xdb\xfa\xcb\xac\xcb\x1a\xcac\x93\x22\xb9\
\x8eS\x0d\xc5Im\xb7YJ\x84\xa2\xbe\x15\x83\xb3\xf6\
(\xda\x1f\xbf\xaf\xc1Y\xe3\x0emKuVh\x1d\x05\
\xe3\xe4o\x0c\x94\xca\xcd}fY\xd50o\xd6\x1bg\
\x97\xb7Ry\x08\xae\x02\xda\xf3c\x7f\xf8\xd6\xb9$-\
J\xc7\x89\x08\xd5q\xb2\xddtf\x9e\x8eP\x22\xb4\x86\
\x16\xa1\xb6\x9b\xe3\xa47i\xcf\xcd\x86z\x0d\xe5A\xdd\
\xc0/\xb9\xe2\xbdX=\xca\xb2\xe5\x07\x07\x01\xae\xb3e\
\xa9\xe3O\xc8te.\x9d\xcc:\xc6b\x1f|\xdd\xe1\
l7\x88\xcfX\xb7\xc1\xc78\x83^\xf8\xdb\xfcs\xe5\
A<\xdb\x0d\x09E\xa58G\x15p&\xc7u\xa3y\
\x96\x10\x0e\x92\xe2xP\xae\xf3\xf4\x8bb\xd6qbB\
}lj\xfe\xc2*\xae\xc8\xa3\x82\xcau+h\xb7~\
\x96\x15\xb6\xa2\xae\x1b;\xf6\xd7Y\x9eB\xf0T^\xc0\
}\xabW\xcb\xa5\x10\xc0u\xfaUt\x0d\xbd\xfd\xe1\x12\
\x1e\xbei\xbe.=\xf3\xb4a\xd5\x0a\x1f\x82\xea\x02\x9f\
M\xa9\xcf\x91c\x0c\xfd2\x7f\xea\xed\xac\xf0f\x18\xc2\
\xbf\xd8\x90\xfb.\xb6\xe4*\x99\xc7*\x22\xbb\x96\xac\xf8\
\xb7\x1d[\xb8\xd9\x0d\xcfM*\xc2}d\xde;\xc3\xca\
\xbc\x8d\x10>]'\xf4\x87\x95\x08'\xedlRZ:\
KQ\x1e\xce.l+\xe9\xac[\xed\xb6\xd8\xfa\x08\xb5\
\xbc\x1d\xd9!\xe0_\x11\xd7\x0d>\x08J\xc6\xe6\xa9\xce\
<\xc1\xfcz\x16\xbb\xc1\xd6\x83:\xc7>\xb4c\xea/\
\xcc\x9a\x96\xc5s\x01\x01\xef<fmG\xa8\x8e\xd3\x11\
M*\xf4\x83.\x05\xa144\x0f\xb7\x8e\x94.\x15\xe2\
\x83\xf8\xa0K\x00B8\x9b\xb8\xea\xcd\x1a\xb7\x88_\x83\
<I\xeb\x22\xbb\xb8\xc3\xdcV\xb4\x14#\x89anl\
/\xc2<\xee\xdf\xb0#g\x891Z\x0d\x9e\xe7\x89\xe8\
\x0fo\x1e\x1f\xacw\xf5U\xb8\x84{\xfaC\xdd\xe0\xf0\
\xfa\x1a\xdc\x16\xfe.=\xb2k\xc9\xa3\xc9\xad\x18\x14T\
6i\x0eM\xaad\xefo|\x98]\x17vu\x9c\x92\
.Z\xac\x8d\x9f\xc4\xa2\xbdu\x96.\x91\x08\xaa\xf0\xb5\
\xfe\xd8\xeb\x92d\x04u}\x13\x08H\xc4\x16\xac\xa5\xe9\
\xe0}>\xe0\x1b\xe7\x17\xfb!\xc4^\xc34\x7fCg\
\xad\x9f\xe3\xbc\xf0\xbe}\x85\xb8%\x87u\x0c\x09uu\
\xe5\x18\xc6(\x85P\x9a\xd4m\xe9\x0c\xc4\xc3/mK\
H\xca\xc4#<\xd5\x99\xb0\xea\x8d\xbbn\xec\xd0RZ\
\x8d\xcfM&3q\xf1\x0c\xdc\xc5+\xa9\xfb~\xf8\xe6\
}\xb7fh\xb3\xae\x22\xae\xa3\x0b\xe7\xbaM\xdf\xd8\xe6\
\xd2\x87h\x86\xb3_\xd4u\x87\x7fC\x5c/\xc4\xaa)\
J{A\x02\xc7\xe4y\xb1\xf5\x8b\x16\xf4}\xfa\x0c\x1d\
\xc6+iq\x0b\xe7(\x99\xdd\xb5d\xdc\xa2\xa5=\xb7\
\xb0\x9e\x1f\xfb\xec\xa8p\xd6\x97\xb2\xed\x89\xd8\x9a\xf5\xbf\
\x84\xfcy\x0f#O\x8e\xec\xa2\xd9\x85`G\x05M\xc6\
\x99\xc3\x9bq\xb3\xb4H\xc23\x84\x13\xc5\x5c\x14\xab\x17\
<Y\xb1\x17\x80\xdd+\xfc\x02\x1d\xf4\xe8\xbb}O\xf3\
A\x5c;\x0c\x13\xad\x04\x86\x85\x19CS\xca}\x9c\xc7\
\xc4x)RI\xb3^\x0f/\x90\x95U\xff\xb8\x8d\x9a\
\xb8\x8f\xbbI\xb9nc\x8c7\xb5\xd8\xe2:\x11[\xbd\
C\xb4>\xc1\x02\xee\xc3\x0a\xd3r*\x86O\xe5z\xbd\
l\xf8G\xa8\xfe\x10\xbf\x85\xcf,\x05\x12[OV\x0e\
\x19r\x81\x15\x12\xd2\x92\xc1\xd0j\x0b\xffV\x9f\xb3d\
;\xdb\x9aA\xcd\xa6\x96\xb7\x87\x7fm}\xc9px\xf8\
\xb2{\xcf\x98i>\x08\x9e.\x82\xb4\x14\xebs\xcf\xd2\
!'\x22\xa7\xd9\xcd&\xa5\xa5J\x0e\x0e\xf1\x90\xb2\xf1\
\xa0?\xdcMZ\xf3\xa9<\xd8\xa7\x82\xf0\xeb!$8\
\xcbU\x0c\x0b\x09\x09\x0a\x0a\xdc,\xf5QB\x9bR\x08\
\x00\x8e\xf3\x02\xf1\x00\xc5\xc1\xe0K99\xe8^{\x22\
-\x8f\x9d\xa9F\x93\x0e\xa1A:\xef\x1a\xda\x85\xb5\xa8\
c\xcb=\xc6T\x8d\x90$I!\xd3\x1a\x83@8\x10\
\x14\x10\x89\xc4r\xe2x\x9d\xdd\x03C1\xc2h,\x0a\
\x15BA\xc0@\x0c\x850\x08\x02#\x08C#\x08\x03\
!\x08\x83\x10\x09!\xd0p\xe4\x94\x11;.\x17\xff6\
\x9d\xfc\xb5\x96\x9c_\xc8\xd2\xb7\xf2j\x0e\x0e\xa3t9\
\x9e\xe2]%\xa1\x12\x07\x86u(\xfd{L\x8c\xd6m\
\xba\x1a\x10h\x09\xabu\xad\x18\xb2\xf4\xf2\xe5=\x01\xaf\
\xff\x07\x0a\xc6\xcd\x8a1\x07\xbe\xf7\xe0\xa6\xe4+w]\
\x1e\x9cv\xfd\x068\x03+\x10\xaa\xcc\x0d\xbb\xaa\xfai\
\x8e9\xcbM\xcc=\xd6\x22\xb4-T-\xb1\xe2\xd4\x1d\
\x95\xccN\x08\x0b\xc1[\xb3\xd7\xac\x89:\xa1\x1b\x10:\
G\x80sr\x95\xfd(]4\x17{}\x88\xd7L\x15\
\xb2\x98\xda\x97\x1evX\xee?\xe23=\xdc\x83\x1d\x8a\
s\x99\xde;x\x00\x15?\x15]e\x0b\x0e\xbc\xef\x07\
'\x9d/\xab\xed\xbdY\xfbO<\xd9\xee83\xba\xa9\
P\x96(\xbb^y\xef\x1e\x11H\xc2E\xd6\xf6\x94\x15\
\x81 N\xfa\xf6]\x8f\x04E \xd5H\xc5\x0cTX\
\x1d\xf4\xd3o\xb4\x1fm\xb9R\xac;\xa0\xe0{\xd8\x99\
\x04\xef\x0fj\x9c/kI\x10\xe1\xda\x9d\x14$\xf4[\
\xa6v\xe7\xdd\xcb\xf4X^{\x17\x90\x8b\xa0\x00\x02\x04\
\x04\x82\xde\xe3j0\x14\x12L\x85\xcf\x18\x10\xb2G\x08\
y\x10\xe9\xe9Iv\x16\x80@+\xabsQ\x00\x22\x00\
\xacV_\xef\x98XH\x5c\x91~\xad\x1a\x15\xfc\x1aT\
\xf8\xa3\xe4\xdf\xa5\xab\x1e\x89\xe87\x86\xd4W\x90\x9c\xc7\
\xcc\xd5H}\x19\xf6\xc4\xf6\xa4\xb9\x0f\xfbK\xa2r\xd4\
\x1a\xba'\xc2q\xd5\x22w\x8cr\x07\x19\x03\x00P\xa9\
\x84@g\xc7`S}\xf9}l\x14D\xbb\xea\xb5\xf0\
2b\xe3\x16\xa8B\x8c\x12`\xf5\x84\xb2=I\xcf>\
\x8c\x5c\xa3U\xf9\x83\x96Fs\x8f\x16\x0a\xfc\x0aN\x05\
^\x8c\xde\x0e1H\x92\x0f=c0.Q\xe5\x08\x1b\
rJ\xb3*\xc2|e\x92\xadw\x9b\xb7jI\x80>\
rd\xf5%@\xd8!\x04\xf2D\xcc\xf0\xe0\x08\xdc\xce\
^\xea[\x04]\x18\x8e\x97\x98c\xd2C\xf5\x02\xe5\xc6\
}\xd7\xae.M\x10\xa2\xfa\x82*\xdf\x08XD\x88r\
\xd4\xad^\xe2\xc6\xf6\xd1\x1d\xb5\xb8\xb4\xd5\x87\xd8\xb1\xdf\
\xd8\x8e\x12\x07\xdcZ\x98;+\x00;:\xd0\xa8\x85k\
\xc68\x97\x9b1\xd1\xd1\x09s\x04:\xfa\x05\xe9-\xcf\
\xd1\x0c\x8f\x94~\xfe4\xbd}\xb1~~d\xcc\xdf\xf4\
\xff\x99f\x12\x90\x1f\x17\x90AX\x84\x04\x865\x5c\x9f\
\x07\xe08CC\x05\x10\x83\x01T6\xe8\xdb\xb0\xe7V\
e\xa6\xb83\xdf\x92.\xa8h\x90\xe2\xbc\x0e\x91\x84@\
\x13\x9eF\xb4r\xa8\xca\xe1\x8a@\x01a\xa2#\x87\x5c\
q\xa8\x99\xf0v)\xcc&\x16\x12\xf6B\x96\x91\xb2/\
\xfc\x97\xea\xdc--\xfd\x08t\x13K6\xb9x\xab\x9d\
\xa2\xd0\x87x\xa9\x81\xa4w\x9b{\x8e'\xf4c?\x95\
\xf5\xe6\x86\x00x\xaf9\xde\xdej\xbcn*\x0a0T\
Gv+\xe4u\xc6=\xeb\xd1\xd5\x02\x8cg\xe8w\xdf\
\x0c\xc3\x0d8At\x86\x8d\x9f\x09\xff\xa9\xb5\x87t)\
\x81N$\xe0i\x84\xb6\xc9\x81\x22\x94\x03\xba6o@\
\xd4\x02\x7f\xe6\x00r5\x81A\x95\x0e\x9b\xb02*\xb2\
d\xe2w\x06\x1a\x8e\xc1{\x14'\xdcX{!_T\
\x8al\xf5Vg J\x02\xb0\x10\xc1+\xcf\xc0\x05`\
6L\x0c\xa2\xbd\xe3?H\xd1\x00\xb8K\x0e\xf5+\x09\
\xf1W\xe2\xbe\xd6\x0a\xf0\x1e\x06\xa1\xc4\xd6\xbb4\x10Z\
T\x80{\x8f\x00Bt\xe9\x87l\xb6\xc7\xa6\xbc\x86\x13\
\xf2\x80C\xa0\xf7[8 \xf0Yh\xb2\xfa2\xfc.\
\x9d)\x85E\xe3\x15\x1e\xbb\x0dh\xaa\xc2\x1e\x87\x00\xdd\
\x95\xccJU\x0a?\x00-K\xb6\x10\xbc\x135:\x89\
U\x0c\x0e\x0a\x9fL\x91B\x5c`\x97\xef\xa3'\x7f\xa7\
\x0d\xea$He\xf6\xd0\x88F{\x0a!\xf9p;\xc3\
\xc6\x9a\x82{)\xc4\xcc\xd7\xd9\x94a\xd7\xbb\xd0+\x93\
\x8byIr\xceL\x10\x1a\x0c\xc2xH\xf3:\xfeB\
\xdeJ9\xa2[\x90\x02\x82\xb7A\xf0\xd0A{fo\
\x8b\xcd\xa5;Ao\x97\xee2u8\xc7S>qz\
9\xb7bnv\xd5\xb2\x99O*\x0b\xe1\x05\x0e\xc2\xc1\
\xa3\x02\xb9\xda}\x83\x87\xf9:\x94\xbd\xd6\xb6\x095\xae\
MQx\x1b+\xfb\xd3\xb7\xf8\xb2X\x14\x06}P<\
\xce\xac'(\x8d\x87\x8ejV#\x81<\xa7\xc5\xe4\xc9\
RX\xa3\xad\x921y%\xe9\x97<\xc8\x1c\xd6!V\
\xc1\xa2\x0d$\x08\x85\xcat2\xa0\x0d\xf39\x1b\x19F\
\x03t\xd9\xe0\x00\xac\xf8\x09\x130\xb4n\x9dN\xc5\x05\
\xfc\xd2\xe0\x01\xead\x03\xa4`\x07s\xf8/d\xe0\xfc\
\x0b\xcbQ:\xa1\xa7\xe5\xa2Xz\xd6\xae\xa1\xb6D\x8d\
^\x03\x88n\xad,l\xa4\x17\xbf\xd1z\xe7\xdc[X\
r\x1a\xb5uW\x8a\xbc\xd8\x09\x84\xe5z\x11\xce\x08C\
\x07\x94\xe2OF\xa6C\xcf\x8c\x8e\xb5\x1b\x9e_|.\
G\xea\xc1\xbb&\xc8\xa9$\x1b\x02\xb9\xd5\x92\x89\x04a\
\xb7\x947[,\xb8\x02\x91S\x1c\xaa\x11\xd9\x0b8\xe8\
\x0a.\x96\xfc\xcc\xbeu\xe7\xfdw\xe0\x00\xd6W\xd0\x85\
o=?RB\xa1\x5c\xaf\x94\x0d\xae\x0e\xad\x7fEv\
\xaf\x12\x86Pp9Z\xcds\x1bi #~\xe2i\
^\xe7\xd6\x81y\xc8\xfcC\xb3I\x97\x16\x8aQ\x85\x1b\
\x22\xfa\x17 \xb5\xaa\x90\x12a(5\xe1*\x02\xe4\x9b\
^t\xa0)\x01%\x04(\xd14/7N\x1eO\xeb\
\x0eT\x1b'\xea\xff\x91r~\xa6\xb6\x0eU2SU\
\xc3\x96\xde\xf3\x99<\xb0\xbd\x08\x84\x12\x99\xa3E,d\
\xf0\x86]J\xab\x83\xa5\x80\x88\xbd\x81\x1e'\xd6\x19\x86\
\xe2\x06\x16\xa4x\x064\xb0\xfc2\xb8\xb0_l-\x9d\
\x9b)Y8\xd5\xdb\x8f1`\xffT\xa6\x96\xb9B\xb0\
&\xca)\x81H\x84\x87\xdc\xe1Y~\xf6\xfd:\xd7\xfe\
\xeb\x02\xef\xe0\xb5\x14\xe2\xe1a\xb0VB\x93\xf1_b\
}'\xb0|e\xc0\x13yX,'\x89`\x08\x09\x06\
y\xea \x93\xd4\xa7gr\x87\xe9\x06ar\x08\x89\xd6\
\x94e\xaa\xe4\x08\xa4h\x8d\x8d\x90I\xd2\xed`\x86\xec\
\xf5\xe3X\xdc\xc2\x80z\xc2U\x8beA9R\xf6\xa6\
\xb1\xab\x17\xaeb\x063\xb3n\xd78\x87\xd2\xb9\xd7?\
\x0dRZ\x8f~\xe1\xe6\x0f\x06\xa4\xa2\x5c'\x0d\x9d\x22\
\xa2\xd9\x858\xe9\x12\xd0\xea\xcb&\xd0\x8fb\xc7\xdf\x81\
\xa6\xea\xa2\xbd\xc7?\x83\xce\xc5\xb2\xb4\xcf\xf4\xab\xba\x1c\
\xddS\x17\x142:wb\x9e\xa2k|\x9eJ# \
~7Ntr\x98\xbb0\x89'\xe4O\x22\xb6\xe3[\
\x8f\x8a\xfde\x03Fxr\xbf\x0a>Ha\x1fS\xf2\
\xe9f\x81?\xa2S?\xc71Q\xbb\x9a\x96\xd9\x14\xe4\
\xcbq\xd0\xfd\xe95qwv,\xc6\xf8$\xe2\x84@\
\x80D\xae\x88o\xcfq\xe9\xcc\xa4\xc37$%\xfe\xa1\
\xe3\xb1u]0Z>E~V\x8ah\x0aB\x9f\xb4\
`\xa2\xef\xcc\xb9;`{u\x00I\x01\x12\xc3\xa2\x99\
+\xd6I\xd8\xe7B\x13\xef\x9bX\x07\xb5`\xba3\x00\
\x03\xdb\xd8\xb5\x86\xb1\xe1l\x9f\x1e<f\x16\x9c\xd0F\
\xaa\xe4#\xa2q\xc8\x0b\xb6s\x99\x15\xf4\x82\x9e2\xc6\
\xb2$\xd9\xe7\x01[\xd8'\x9b\xc97\x0b\x89U\x84*\
\x02(\x8b\x7f\x93\xec\x15\xdb\xc6\x5c\xd7\x97\xe1<\x08\xa4\
\x0el1\xbe\xb15r0\xfb\xff0%\x92\x90A|\
\x0a\xc8O\xb5LJ\xcf\x92X\xce\xc1jkw\x1d\x89\
|\x17.\xb6\xe1\x04\x90\x13\x91E\x87&\xd8N\xcd\x89\
;\xef'kE\x9b\xaa\xd6\x8c\x1f\xd2\xd8g\xb6\x8e\x9e\
m.h\xc0\x1f\x0e\xcaG\x03\x92p\xd2Zj\xfe\xc7\
7\x7fg\x8b\xd1\x81\xf2;\xeby\xd7\x8c\xf3\xcf\xec\xd3\
\xc6\xcc\xed/\x0f{\xcbB\xaaC\xabM\x0aN6;\
\x85\xc0\x94\xc2\x07\xdf\x85\xbc\xe6\xd1\xb0\xfe\x11V\x0cF\
\x0e{\xf2r\xee\x02BF\xe7\xf12\xbarf\xe6\x02\
\x17\x14\x8e_El\x92\x1a\xc4\xb2\x99$\xc3*\xbby\
An\xda&e\xbcr\xfe\xfe\xd6\x94\xf9\xdeO\xd1\x10\
\xf3\x1b\x9cPb\xecGH\xcc`\xb7\xa9\x01@\x98Z\
2\xce\xf2\xbc\xe2\xca\x0e\xc0\xb0\xfeq\xf1{No+\
\xde\xb4\x0f1\xf8\xf3}\xc2\xb6m\x07A\xad\xf7\xa7\x07\
\xde\x96\x90\x80\x9de1 @\xf3\x98\x14L\x84+W\
8\xaa!\xe6\xb6\x8c\xa4\x84\x89;T\xc4\x9c\xb0\xc2\x0e\
l\x93\xff\x00Z&\xc3B\x89\x10\x05\xd0\xc0\xf2\x10\x05\
\xb5\x88\x96z\x99\x1f\x8a5Y\xbd\xf5\xd2\xcb\xd3\x91t\
\xcd\xf1\xf7\xf9\x96\xaf\x06%\xeawW\x91\xc7\x88E\x06\
\x5c\xea\xe5\x19+\xaf6\xe3\x80U\x84\xe3 \xcc\xd91\
m\xf7\x85\x11i{ojNn\xcdN\xf3S\xeb-\
Y\x0d~\xa9+y>\xcf\xd2\x7f\xad&^\x86Ml\
\xa2\x98\xd7\xb1T\x14\x92<\x0e\x02\xf2/\xab\xe5\x84\xfa\
\x22/\x02\x0e\xd3\x02\x95\xf2 \x14\xcb[\xe5\xa6\xa5\xdc\
\xd6\xa6\xe0q\xb0\x94\x14\x84\xe1**q\x84\x8e\xdcj\
\x8b\x91\xdc/E\x8e\xb0\x10\xfc\xefP\x93\xb8t\xfc&\
#\x9eDj\xec\x98\x89*\x12\xc2\x7f`\xd7\xff\x1d|\
q\x87\x01s<`%%gj\x19\x8e\xba\x184\xa3\
\x8b\xb2\xdb\xe0\xa3\x09k\xd4\xa49U\xce\x82]{\xd3\
\x80\xe6\x9a\x078X\xa58\x88\x07\x859\xf4\x86\xe6\xbf\
u\x04^7\x8e4<\xed\xb9 J\xd2\x90\x96\xd1\xab\
\xd1\xb2\x87\xef.m-\x90\xb2FEH\x0e\x07\xdfg\
U\x1a\x94\x07k\xf9\xcf\xcb\x8dj(3&L\xbd7\
\xff-*\xa0\xb9 mi\xa0\x1cG#\x14\xd4\x019\
\x14\xeeS\xc0\x84\x94\x22r\x0b\xba42\xb6I5\xff\
o\x10\xde$\xf1X\xf0~H\x8e\xe7c\x8f\xc2\xb9\x03\
o\xd4\x0dq\xd3\xe2B\x85\x80\xd0\xd1\x0b\x1ee\xd0:\
3\xc6\xb2\xeb`\xe67\x11j\x12I\xef\x09\xc1$7\
\xc4R\xa4\xd5\x84+\xb0~@\x05\x8a\x09\x8c\x95\xaa\xde\
~\xa1NZ\xc0\xbf\xfd\xca\x10\xcf\x93\x9d*\xb2\x18\x14\
\xe9\xb6\xe5%\x93'\xc0\xb6\x03\x85\xc5\xff\xdd\xcf\xd6^\
\x9d \xc7&\xc6u\xbc\x04\xa2\x07\xa6\xe6\x01\xf8\x15Y\
\x94\x94\xea\xads\xb9\xb7\x82#\xa5\x96\xf1W\xc0VP\
}\xff\xf79\x94\xc5\xe1r\xab\xacr\x0f\x07\xbb\x09i\
8\x10\x84\x92\xddE\x0d\x0e\xde\xa3X;\x98K\xe4\xff\
R\xbeP\xdc\xb7\xe5h\x84\xd0j\x9cc'\xf3\xa7a\
\xf5B\xe2\xf2\xb4\xba\xa8s\xd4\xdd\x98\xff\xd4<\x9f\xa7\
\x08\x0f\x06\xc1\xd23\xec_\xc2\xd8\x99\xff\x80\x0br\x85\
\xb7\xef\x93\xdd\xb2\xe0\x05\xab\xa5\x8a\x88{\xd2\x1f\x01'\
\x8c\x1c\xe8\xa3\xa2\x11\xbb&O\x02\x15j4\xac\xb5\x8e\
\x83\xc8\xdd\x0fe\x99\xd4\xe2\x99B\xab\x84\x9e$7/\
\xeaI\x98\xa9\x19l\x0cW[n!\x98\xe9\x09\x87\x9f\
\xf0\x1cM\xf8\x5c\xd1Bb\xb9*\x13>\xd9\x95\x9d5\
^&\xb8\xea\xf1\xee\x85\x95\xc7{\x8e\xe4\x93\x15\x17M\
\x96v\x99\xf8\x192;5\xa4\x9c\xb1+\xd79\xe4\xfd\
\x19\xc9Lg\x8e\x18\x9e\x07zvP\xe9\xe3\xa5\xf1\xb9\
\xce\xcd\x10\xbc\x0ckV\x83\xd0x\x0b\x96\xfaJ\xf0\x06\
\xd2\x7f\x0b\xa9\x93\x80\xc0\xe6T`>\x87\xd0R\x0d\xf7\
@\x06~\x93/.\xa4\x8d\xa4\x85\x0d\x0f8E\x18\xf8\
\xfc\x81$\xfas\xe3\x85m\x09,Z\x040\xaa\x87\x1f\
^,\x80\xdb6\x9f<\x8eKt\x15\x04V\xadE\x9c\
\xd9\xa1\x05\x97\x82\x96n\x1f\x1b\xa3\xf3\x08\xd0zk\x00\
\x96\xd8\x98\xb2\x01\x98k\xd8\x9dav\x86\x8b\xc6\x7f\x0f\
\x03\xe86\x830\x18qx\xe6\xd4\xb1'\xb4tO\x8d\
\xd1\xa5\x0c\x8e\x1b\xd8\xe4\xeb\xfd\xc0\xad\x90\x0836O\
h\xf0\xa7\x9c\xce\xc4\xfa\x19\xf1\xc0\xb4/\x02\xb4\x01\xe8\
\xc2GE\xab'C\x95\x96\x8fR\xd8\x06\xf2\x95\x97;\
\xe9\xf2\x1d\x87\x0d\x04\xd8\xe3\xee\xfe[\xa3}\xf9)X\
\xd1s\xd6mR\xaeU\xa1a\x80\xa2\x11-(@_\
(\x98\x04\x87dv\x84{X\x16:\xa0\xbe\x15D\x10\
~\xd9\x0a\x9f\xe2t\x22\xc7\x03\xdd\x89\x0e0*\x08\x15\
\x0b\xd9\x14\xd6\x1d\xa9aV\x11\x8c\xfdnxZ#\xb7\
X\xda1'3\xd3b\x94\xb2\xff\xb3\xb5\xbc-\xa8\xf1\
u\x9cKI\xa7_?\xb6\x96\x82\x16\xb2\x9aH}\xe7\
/WR\x94{\xafS\xc4Q\xbc\x17N M\xdc\x88\
\xad\x15\x1av\xba|\x9eP\xe5g\x86+\xad\x15\x87\x93\
\x06\xcc\xe6T5\x8e>3\x05C\xc8\x8c\x89S;\x84\
w{#\xdc\xc6\xe4N'\xfb\xc8\xeb4\xefFKX\
@\xaa\x8cg\xa7\xf2pP\x8d\xdc\xa1L!\xf8\xa1\xa6\
x\x11\x8f\x16:\xc4J\xa7\xb5\xd38\xb6\x04\xc5j\xc3\
\xca\xbd\x1d\xc1%\xf8e\xe8\xfd\xb3\xbb/\x94\xa0Y\xbd\
\x87\xf5a\x97\xc1\xfa\x1c\xcb\xcbve\xe9\x05@\x07\x81\
^\x9dU\x89O\xb75\x98\x0c\xd7\xc7\x0f\x12\xed\xcdC\
\xf2\x8b\xc7\xec=\xc4\xe3\x8e\x10\x00\x1f\xa6\xdf\xb93\xaa\
\x88\xc6\xa5\x83\xb5O\xa1\xe0u\xec\x8e\xce\x15x\xd9\x02\
\x94@2T\xca~%\xf3\xa1\xde\xb3\x91=\xaf\x0cs\
03\x1fSm\xcc\xea\x00l\xa10\xa5K\xb7\x19\x1a\
\xb8J\xe8\xfa\x91\x07.\xdb\x9a\x0d\xc2\x0aE\x11,\x8b\
\xac\x85&\xbf\xfeB\xcb\x10\xc4\x81\xd68&\xc9V\xc2\
4\x82\x89\xf1\x930X\x1dH\xaa\xc5\xd4#\xc0.b\
-\xc5\x06x`S\xce\x00\x82d\xe5\xc0\xe6\xff:C\
\xbe\x9b\x95l\x8b)u\xb7\x17=\xaf\xcb\xe4h\x93/\
\xe1\x8cne\xbe\xcc\x9f\xe8\x09\xc0\x89\xc3\xe4\xc3\x1c\x8e\
Y\xe1\xa5J\x9aH\xda\xcd\xac:u<O\x00\xad/\
s$\x0f\x1f\x02\x97\xa2\xefgsgW\xd9&\xb7?\
<)\xe8\xeb\xc9\x83Y\xa9\xc9\xca\xe6\xa6\x0b~\xd1\x8b\
^\xbfFS\xb7r\xe0\x9cb\x10\x08\x95\x1f\xb1\xf1Z\
\xd2\xc5X\xd3\x96\xdd\xa4\x1e\xdaM\xbc\xc8\xeb\xe7^x\
\xf3\x19c\xd0\xbd\x82\xc4yq\x8b\xb6\x03\xc1.\xd5\xf6\
\xbc\xf8\xea\xb9\x0c\x86i/\x1e\xbd%\x18\xaa\xd0X\xcf\
+\x9b\x9a\xe6\x10U\xe8\xdfJy\xc1\x11\xfbl\xa7\xe6\
-\xd1{\xcf\xdf\x0f\x07L5/\x98\x04$\x06r\xd0\
\x02\x81\xd3\x8d=8z\x12m\xff\x12\x93\xb7f\x8af\
\x8f\x89G\xc0`\xcc\x88\xf4j\xde\xca\x86\xa4\xac\x1bu\
b\xb1\x8d\xf8\xe6\xba\x14\xa9\x89\x9eS\xd9X\x01`\x7f\
\x94\xff:\x1c\x93\x5c\xf8\xe5\x89q\x0bb\xfaY\x14o\
\x5c\xb4q\x81G\x8f'@\xf0\xcb\xe3@\xda\xd4\x1fG\
\xa0\xc0^\x0b\xcdjHu\x18j\x14\x0dP\xdb{\x91\
\x07!\x11+\xf3:\xec@\xfe\xf8\xa3\x88$\xe9\xd8p\
\x05\x052\x03\x0d\x08\xc1\xa59\xa7\xfb\xaa\x0e\x5c3\xc8\
\xb2`\xab\x86\xa3\x92\xc2\xf46*\xf5\xe4\xe7*\xef\x03\
\x1d\x8d\xbc\xb4\x9b\xc2\xd6C\xfbJ\xef\xaa\x9f\xbf\x1a:\
\x8aD\xc7\x96N\x0f\xabM\x9d\xd1\xa8\x98Di\x83\xa3\
\xe8\xd4\x05,\x22\x92b\xd0\x9bKy9\xe2\xc4\xb9~\
\x0c\x1c\x0a%\x06\xf7\x9c\xa2\xb8\xe8\x22\xd7\xf0\x8e\x12\x09\
6\xc2\xffg\xe5\x00\xfd\xfe#\x87\xe9\xd8\x15\
\x00\x00\x0a\x96\
i\
mport QtQuick 2.\
15\x0aimport QtQuic\
k.Controls 2.15\x0a\
import QtQuick.L\
ayouts 1.15\x0a\x0aIte\
m {\x0a    id: skei\
nwindows\x0a    wid\
th: 800\x0a    heig\
ht: 600\x0a\x0a    sig\
nal goBack()\x0a\x0a  \
  Rectangle {\x0a  \
      anchors.fi\
ll: parent\x0a     \
   color: \x22white\
\x22\x0a\x0a        Colum\
nLayout {\x0a      \
      anchors.fi\
ll: parent\x0a     \
       anchors.m\
argins: 20\x0a     \
       spacing: \
20\x0a\x0a            \
Button {\x0a       \
         id: bac\
kButton\x0a        \
        text: \x22B\
ACK\x22\x0a           \
     font.pixelS\
ize: 16\x0a        \
        Layout.a\
lignment: Qt.Ali\
gnLeft | Qt.Alig\
nTop\x0a\x0a          \
      background\
: Rectangle {\x0a  \
                \
  radius: 10\x0a   \
                \
 border.color: \x22\
blue\x22\x0a          \
          border\
.width: 2\x0a      \
              co\
lor: parent.down\
 ? \x22lightpink\x22 :\
 \x22lightblue\x22\x0a   \
             }\x0a\x0a\
                \
onClicked: {\x0a   \
                \
 // \xd8\xa7\xd8\xb3\xd8\xaa\xd9\x81\xd8\xa7\xd8\xaf\
\xd9\x87 \xd8\xa7\xd8\xb2 \xd8\xb3\xdb\x8c\xda\xaf\xd9\x86\
\xd8\xa7\xd9\x84 \xd8\xa8\xd9\x87 \xd8\xac\xd8\xa7\xdb\x8c\
 \xd8\xaf\xd8\xb3\xd8\xaa\xd8\xb1\xd8\xb3\xdb\x8c \xd9\x85\
\xd8\xb3\xd8\xaa\xd9\x82\xdb\x8c\xd9\x85 \xd8\xa8\xd9\x87 \
StackView\x0a      \
              sk\
einwindows.goBac\
k()\x0a            \
    }\x0a          \
  }\x0a\x0a           \
 Text {\x0a        \
        text: \x22\xd8\
\xb5\xd9\x81\xd8\xad\xd9\x87 \xd9\xbe\xd9\x88\xd8\xb3\xd8\xaa\
\x22\x0a              \
  font.pixelSize\
: 24\x0a           \
     font.bold: \
true\x0a           \
     Layout.alig\
nment: Qt.AlignH\
Center\x0a         \
   }\x0a\x0a          \
  // \xd9\x85\xd8\xad\xd8\xaa\xd9\x88\xd8\xa7\xdb\
\x8c \xd8\xb5\xd9\x81\xd8\xad\xd9\x87 \xd8\xb1\xd8\xa7 \
\xd8\xa7\xdb\x8c\xd9\x86\xd8\xac\xd8\xa7 \xd8\xa7\xd8\xb6\xd8\
\xa7\xd9\x81\xd9\x87 \xda\xa9\xd9\x86\xdb\x8c\xd8\xaf\x0a \
           Recta\
ngle {\x0a         \
       Layout.fi\
llWidth: true\x0a  \
              La\
yout.fillHeight:\
 true\x0a          \
      color: \x22#f\
0f0f0\x22\x0a         \
       radius: 1\
0\x0a\x0a             \
   DigitalTimer{\
\x0a               \
     id: d1\x0a    \
                \
Layout.preferred\
Height: parent.h\
eight\x0a          \
          Layout\
.preferredWidth:\
 parent.width\x0a  \
                \
  width: parent.\
width\x0a          \
          height\
: parent.height\x0a\
                \
}\x0a\x0a             \
   Connections {\
\x0a               \
                \
target: digitalT\
imer\x0a           \
                \
    function onR\
unningChanged() \
{\x0a              \
                \
     if (!digita\
lTimer.running) \
{\x0a              \
                \
         // \xd9\x88\xd9\x82\
\xd8\xaa\xdb\x8c \xd8\xaa\xd8\xa7\xdb\x8c\xd9\x85\xd8\xb1 \
\xd9\x85\xd8\xaa\xd9\x88\xd9\x82\xd9\x81 \xd9\x85\xdb\x8c\xe2\
\x80\x8c\xd8\xb4\xd9\x88\xd8\xaf\xd8\x8c \xda\xaf\xdb\x8c\xd8\
\xac \xd8\xb1\xd8\xa7 \xd8\xa8\xd9\x87\xe2\x80\x8c\xd8\xb1\
\xd9\x88\xd8\xb2 \xda\xa9\xd9\x86\xdb\x8c\xd8\xaf\x0a  \
                \
                \
     gauge.value\
 = (digitalTimer\
.seconds % 60) *\
 100 / 60;\x0a     \
                \
              }\x0a\
                \
               }\
\x0a               \
            }\x0a\x0a \
                \
          Timer \
{\x0a              \
                \
 interval: 100\x0a \
                \
              ru\
nning: digitalTi\
mer.running\x0a    \
                \
           repea\
t: true\x0a        \
                \
       onTrigger\
ed: {\x0a          \
                \
         if (dig\
italTimer.runnin\
g) {\x0a           \
                \
            gaug\
e.value = (digit\
alTimer.seconds \
% 60) * 100 / 60\
;\x0a              \
                \
     }\x0a         \
                \
      }\x0a        \
                \
   }\x0a           \
 }\x0a        }\x0a   \
 }\x0a}\x0a\
\x00\x00\x0d\xe6\
(\
\xb5/\xfd`\xc9\x87\xe5n\x00zH\xec\x0e8\x00\x97\
s\x9c\xb6\xc2\x00\xff\xff\x07\x81\x1dL\xdc/a\x01D\
\x97\x81\xa6Q`\xf7+\x17\xb8E\x0e[\xda^\xded\
\xa0\xe0\x02\xf4\x02h\x1d\xde\xae\xffv\x13\xe2\xe0\x8c\xb2\
\xf2\xff\x7f\xef_!\xda\x00\xde\x00\xda\x00W\x9c\x10\xb5\
\x8b$\xac#+\xd6\x82\x89R\x12]#\xba\x95\x97\xba\
(MLx\xa8\x05/\xa0\xf4 kc\x1b\x86\xf5u\
\x1esX3\x8a\xf5\x1e\xfe\xc3el\x0f\x04\xd3\x81\xec\
\xa9\xf7\x83\xf8$\x8b\x1b\x9f\x99e^k\x8e\xb5\xf5\xa0\
\x0b_\x8cO\xfdc\xce#\x22\xce\xa15\xe9\x83\xa6\xdd\
'\xbe\xe4o|?ek[f]\xc2t\xd9\x8d\x88\
\xc6\xff\xa5\xe3\xb8t\xd9\x8dV\xd4\xffI\xa4\x19\x8f\xe9\
2\x96\xa3\x98\x1c\xa3\x1a\xffX\xaf\xfd\x8c\xef\xf0\x97\xdd\
f=\x9c\xc6\x81\xb8\xec\x86\xc3\xdf\xd6\xd2i3\xfa\x99\
\x1e\xdc/\xd7\xb5/\x1c\xfe\xc3g<\xd6a\xfa\x0b\xf1\
\x1en\xe3\x9f\x90\xf0O\xe9\xe9\xc1\xd7\x16\xef\xc9\xceY\
?(\xde\xff\x7f\xd2\xca\x93v[\x90B\xdbjI\xec\
3\xa7\xd4\x0bs\xccz\xe3\xcc\xe2H$\xe1=96\
\xc7o\x9dK\xf2\x06/=\xd6c\xa0\xc1\x0f\xd0\x81\x7f\
x\xda=\xc3?\xd6\xe7\xb6\xda\x8e\x90'&\x10k)\
\xbb\xc1\xc8\xf4\x1a\x8d\xd7l8/ \xf0V\x8c\xc91\
\xf2XX\xf8\x83\xee\x0d\xb8\xd7\xae\x18\x00\x18\xd6\xacV\
\x87\xf8\xfa\xccL\xd2\xfc\x03r[\xd3j\xd9\xad\xa7\xa5\
\xbbt\x99NSq\x95\xbc\x18\xe2,\xb7\xae\xdb\xb4\x01\
\xc1(\xea\x1bT\x06\x065\x1b'\xc1\xc4T\x0do\xc7\
\x91k^\x13\xce\xba\xaaiZ\x8c\xb0\xcc\x9bV\xfb\x85\
\xef\x1b\xde>\x02\x02}\x87'\xf8\x16\xcew\x87\xf8l\
\xc1t\x1f\xfe?>=\x1c\x87\x93`\xaa\x02\x02\xbb\xab\
X\x9e\xa0h\xb5u\xb9\xae\xde\xd5\x96\x96\xbb\xc5tb\
(\xa5\xdd\x83c5\xd1v\xe3\x0f\xd9\xed\xa5\xf3\xd4f\
\x9cV@ \xdam\xc7\x92\xcc,m\xc9\xbb\x7f\xac\xd8\
u\xcd\x97^3\x92\xdd~8\x8a\xfd\xc0y\xef\xd3\xee\
\xfb:\xb9\xae\xda\xb6\xac.K\x90\xd5\x17\xd3]\x5cb\
\x9f\xc8I\xeex\xe9\xb1.\xd3\x9fU\x01\xc1m\x0e\x12\
\xbb\xeeX\xb91\x8f\xa4\xac\xca\xf5\x18-\xca-K\x95\
\xcc\xaf\xfa1^\xb2\xe6V\xe9\x87o\x99\xde\xc3c\xdd\
\x16\xd3_z\x10\xed\xcc\x0e\x93g\xa7\xa2\xd7\xcc\xe5\xaf\
\xbc\xc7\x83\xae\x0f_\xdd\xb2c\x8a\xa2\xcc85^3\
\x82q\xf4\x86\xb5\xd4\xf0\xf49\xaeL\xe1\x0d\xa1f\xab\
\xa51\xd6\x8d\xb3\xca\xd5\xb9\xa2DO\x12\xf5%q\xf7\
xb<\x08\x8a\x15[N\xdb\x94:\xc6`\x0bmQ\
\xdd\xc9{\x84\xe7\xa8\xf7\xa0y^\xb1\xea/\xc4V\xd7\
\xf2\xc1q\xbc-\xce\xd4\xf9\x15\xe2:bG\x17\xae\x1d\
\xa6\xc5Ab=5$\x1e\xb4e\xca\xe6(\xfd\x1e\xd4\
\xa7h\xa2\x5c\x1ekh\xae\xb6um\x90\xec\xbe\xf8\xb6\
\xb0\xc5\x83f\x99\xf38\xd6\xbb\xb1=K\xacG$\x18\
\x89#}\xb2\xdb\xcd\xa7\x80\xea\x80xf5\xfe3}\
\xa8\xd4y0\x8f{*OUC\x93\xe4\xd1\xd4\x1c\x99\
\x14d7\x9b\xd3w\xf2\xa8g2\xd1\x07\xc9\xac[@\
D\x5c%uBA|\xdf*\x15\xa1@Q\x01\xa5\x92\
J@\xe0\xe9744\xc4\xba\x8c\xb7\xf4 /C\xe7\
kR_v\xf5\x1eG{L,\x93D*e\x9a\xf0\
&<S\x04\xcad:\x9d&>/u\xeat\xdd\x09\
\xdeW\xe6\xfd}\x9f\xe7y\xf4\x0f\xba.b\xc5i+\
j*\xf1y^\xf7\x1d\x052Ck~ \xa9\xb6c\
E\x02\x04|\x92#P\x0fb\x90y\xef<\xe2\x95`\
\xb0\xa74\xa5\xf2\xe1\x9fc\x04\x133J\x95L\x5c\xf5\
.\xd1o\x02\x82\xf5`\xa3\xd9\xb8\x10\x97\x19\xe2.4\
\xd4\xa9\xe0\xf4\xa5H\xc2;\xb2pNy,\x89\x0e\xf6\
\xa5\x88\x827M\x82\x0f\x84\x85\x98@\xbc \x9e\x9a8\
\x03p\xe3\x0a\xfa\x89V\x07\x84)\xa8c\x9az\x121\
53\x92$IZ\x03SQ8\x14\x16\x11\x88\x04\xc3\
\xe9\xa0\xb2\xf4\x01sA\x112\x18\x0a\x15\x85@`\x10\
8\x04\x04!\x08\x03\xa1\x04\x0c\x9a\x10@\x08\x01\xe1\x10\
b\x19\x01CD+Rq\x03\x0b\xf4\xc0\x8d\xcd\x9c\x85\
\x88&i\x90@=\xcfu\xaaB\xbdF\xb2\xa7\x82\xa0\
C*\xecWk\x05\xee\xa9\xf1\x8c\xcb\x11\xff\xcd9\x1c\
q^\x88.\xb1_\xec\xc4\xb6\xf0\xa4\x1e\xe4\xf9$\xc9\
\xa7(\xff&\xcfD\x1d\xa0F!(\xa5\x11\x8aE\x18\
*O3\xf4S\xcb}f!\x90\xe2\x1f\xd7\xc5\x0aH\
\xea\xcb\xc9\x0b\xb0\x94\x8a0\xf5d?zbB\xad\xbc\
\xee+_L\xde\xd7\xae%B\xb7\xb8\xba\xe5m\xdc5\
\xc7\xa3\x94*\x89Y\x9f\x84\xfdm\xa9$X\xf0w\xd4\
\xa6U\xb1\x02\xaf\x05\xf1\xb7;\xec\xb6o\x87\xaa\xd5\xad\
2\xc4\x9c\xbfU~L\xca\xba\x0d\xe9y\xa8\xa3\x83\xff\
\x8e\x19\xf6\x8b\xc6\x10(\xfd\x82\xcd-\x1b\x96\xf2L\xe8\
MKK\xc7\xe5]\xdf:zNS@\x07\xfdJ\x97\
\xf7\xf09L\xd7\xb58\x17\xce\x92\x88\xedF\x16sy\
\xab\xf1\xf6\xc6\xee\xb8\xf7\x05\xe9\x8b\xc8\xf2X\xf1v\xf3\
;\x0a\x8d\xdb\x9c5\xe0\xe5\xe5\xa2@/\x18w\xa5x\
t\x17e%\xc2\x0e\x8f\x81e\xba\xa9\xca\x0f1\x8c^\
\xbc\x03<\xc9\xb8\xbe\xa9~\x99iv\xc51?Gl\
R\x80\x91&\x86Z!\x07\xcc\xf2P\xf5\xd9\x94\x9f)\
\xc4G\x03\x18A\xd0\x00{\xaaA\xcb\xce\xb9\xbe\x8aL\
\x99\xba]O\xf4%\xe2B\xdaaH\xf1\xa7$\xa8F\
\x7f\xb9\x04?\xd7\xbd\xdb\x19\xf1\x00{,\xbeA]\xda\
\x81\xc3\xec4\x11'\xc8\xf1\xaf)\xdc\xc3\xb2\xa9-3\
f\x0b\xedg(\xcc\xdc\xeaQ\x03\xdc\xbc\x04\xa2\xaf\xf8\
\xe8\xd6\xf3\x835\xaf\xa7\xb7e\xb4\x86_\xfe\xc2\x91g\
\x14\x92I\xe7\xc9\xe1P,e@t6\x83\xb9\xf0\xa6\
Gi ,\x15d.\xc3\xf5\x95\xdf\x7f\xec\x9a\x03\x19\
5\xa8\x0c\xdd\xb7\xf8\xe9\xa8\xfd\xb2\x22\xbb\xb1\xea\x18\xf0\
\x22_\x82\xfb\xdc\x91\x22\x95\x03\xf2\x11A[z\x9e&\
Ns\xed\x00\xdf\x1c\xa2\xae+dk\x9eQ1\x0a\xa4\
h\xa5\xf2\xe5\xed\x99\xc9\xc2\xa3a\x94\xc4D\xf8\xf4\xaa\
\x9f'7y\xd1\xd26\xe9s\xa7+f\x11#o\x91\
$q\xd9\xd1\x83T\x16D\xd2\x0a\xfc\xe6(\x0f\xab\xe8\
&4/\xa9\x9c\x96\x98\x5c\x9eU\xbb\x970Gd\xff\
=c\xc4\x9d3$\xee\xe1\xe7&\x17\xdf\x0al\xff\x11\
\xec\xde\xd1\x07\xc9\xe2yC\xfe`#CB\x18!\xbc\
\xcd\xfaA\xc0\xd9\x89\xa9\xa7\x1e\xeds\xb0u\x05\xc5\xf7\
\xf5h\xfe\x81\x9d\xa1q\xa2\x0bW\x93\x16S\x87,\xbe\
\xb6:\x9eiB\xab\xa4\xab\x1a\xc8\xd7p\x17\x88o\xf4\
Y(\xfc\x91\x8a\xb84\xf8\x8bO\x9b\xd1\xda1=\x1b\
`\xc6\x82\xff:\xf3\x8a\xa9\xb4\xe5\x15\x98\x87\xb8\xb9\x5c\
\xde\xd8\xba\xb3\xfal/\xbfd\xd6\xda\xc8\xff\xb6A\xea\
\xdd*\xa7\xad5\xe8g\xcck\xda<\x9f6#\xbc\x9c\
;\xa5\xc7\xc7\x8f9w\xe1!\xc4\xc9\x8bLe\xf6\xde\
\xc6\xc9\x5c\xbduQ\xc7\x17\x9d\x1c\xbd\xb7\x0a\xdb\x03\xec\
\xd1d\xdd\xf6q\xec6\x97\xcc.3y\xc2&z`\
\xad\xfc#\xe3*\xe6\xa8\x96\xa2\xf1\x87\xfd9Y\x19\xc3\
l\xb8S\x16\xd6+\x81\x90\xb8\x07\xb3\xf9\x03\x88\x16\xc5\
\x0e\x81\xbaE\x94<b\xd5\x9bQ\xe3\xb6;2\xfe\x8d\
S\x84\xda\xb2\x9b\x9f\x04\xfe\x0b>\x9a\xb9p\x0c\x0c\x18\
\xd4[Q\xc0\xd0\xfb\xa2bu\xde\xe8\xc6i\x90N\x86\
o\x9f\xca\xb9\x1dW\x99\x8bb\xb2\xbbRrX\x0d\x96\
T\xdc\xfd9\x95\x03\xa1\xdd\x86_\x9fp\xf0\xa5j'\
r\xf3<\xb2\xd5\xef[\xb6i\xcf@j\x1c\x17\xc8@\
\xb9\x9f\xc4\xc5\xaah\xfc\x1aVN'\x1e*\x94-\x1e\
\xf3A]\x01\x95\xf4c+\x96\x12i\xe0n02\xb9\
L%\x13P\xd4O\xdf\xdeY\xd0:\x9a\xf7p\xc4\x15\
?\xe9\xebX\xa8I\xcb\x1a\xfe\x14`\x16\xea\x8bC\xb4\
\xc4^-6Gv\x8a\x98\xdd\x06\xb4gFmn`\
\x1b\xccTG\x05c\x22\x00-y\x07b\x9f\xecA1\
\x85n{\xf0\xc5<\x01\xad\x82%\xa0\xc6!\x84D\x88\
T\x81\xfe\x1c\xc8\x1a]-\xc3\xf3\xdcf\x99\x11\xbf\xe3\
t\x04\xd3\xa7\xa7A\x99\xd6\xd2\xa2\x02\x91\xf4\xb35\x9c\
\x86\x84e\x95NpA\xaa\x0f;\xe5\xef\x05\xb5~\x04\
\xf6\x9c\xee\x0b)\xa4\x1a>Rt\xe8\xd19\x99\xc6\xf0\
\xa3\x8f\x1d\x85M\xa9I\x15\xaeXDg\xfc;$'\
\x96\xc9Ix\xd2?OB\x1a\x00\x02{\x86_\x92\xe8\
6Si\x87N*\x0d\x99\x0b\xdc\xa1\xee\x22\xcc\x90'\
A\xa3~\x17\x07\xf5f\xa2\x95\x9e\x00P\xca2\xa0\xbc\
\xf6\xe1\xffxP\xddJaA\xf4\xc9\x81\x9e\x8f-\xcb\
\x02\x04\x0a\x0c5\x06X*\xebD\xcb\xff\xc4Q\x1f\xb7\
\x97\x9b,L\xe4\xca\xd32i^\xdc\x15\xba\xce\x02\x81\
\x91\xde\xa2\x82\x12\xd8\x13\x8f\x88`\xa8O\x92\xef\x1a\x09\
j\xe9\xea@R,\xad9\xb4\x1f\x9au~B\xa0\x10\
~A\x80H\x1b~5\xdb\xe8\x1d\xf7(h\x7f\xca\x91\
\xb1\xf7\xcf\xc0\xa8\xaeN\x14\xff\xdf4(g\x13\xb8\xcd\
\x1c\xf8/\x9d\x1d\x8e0\xde(\x83\xa1\x8f\x16\x90\xb3\xbe\
\xfac\xe1\x05\xb3jv\xc8\xc9\xb3\x08\x17\xa6:\xf9\xa3\
\x09\x0e\x87\x14Vr|\xa4&\xcap,\xd7G\xb1\x9e\
C\xca\x14\xea\x90E\x87\xb8\xba\xc2\x82,Kl\xcb\xef\
tq8Z`t \xd7\x8atK\x07W\xdbk/\
Y\xdb\x076\xc1JM\xabCT\xe6\xea*+\xba\xdc\
\xa3\xdcPy\x05h_\xc36\xee\x8e\xdcG\xe0\xb44\
\x8b\xe7zH\xf0\x5c1v\xc7\xbd\xa8\xf6`\x95\xf84\
Y\xfe)\xab4\x80\x1e-j\x8c\xc6\xbf\x01O\xec\x90\
;\xad\xed7\xb4)i\xc3\xe1\xba\xe7oI\x1b\x5c\x10\
\xa5\x8dR\xf1\x04`\x8d7A\x9fV\x98\x04)\x12\xdb\
\xbc\xf2L-\x85\xd0\xf1G}Q\xe4D'\x18\xe9\xa2\
\x19p\xe5\xf7\x02/\x85;\x8cH\x08[8\x87\xd1\xe3\
\xa4\x9c2\x02\xe1+(\x9c\xd8R\x06H\xa4\xe4\x94\x05\
l~T9%n\xe4!&\x06\xf2k!,\xa7\xa4\
d\xfa\x16\x15/%\x0ce\x9b\x856\xb0\x98\xdb\x81\xd0\
F\xad\xb20\x83\xb8\x1d\x1fm\x82\xf9\x22\x5c\xe2\xfe\x0f\
\x94*K\xae\x15\xbfn\xf6\xda\xe2W\xae\x04\xe2\x1a\x08\
D\x81\x84f\xce\xe7\x983\xefF4S\xdb\x89\xf1\x86\
\x98\xb8\xff\xa9]\xc5B\x19\xb8rE\x22\x0fY\xf2\xf0\
\xfa\xd0<~%/m\x11\x9c\xac\x80HOZ\x11@\
u\xa2\xe4&\x07\xc3\xbd\x0f\x01\x90\x1c6!\xd0\x0c\xa3\
\x8c\xaev\xe5\x22\x12_\xa2\xa2\xfb/\x9e\x1c2m\x14\
\xec\x89\xbd\x7f\x88\xf8\xc8\xaf\xd3\x8f\xdd\xb9\x02W\xc7\x08\
r|\x1b\x0f\x11\xb3\xb6\x05\x84\xaf\x9e\x8a\xa5\x0c\xc97\
~\x06u]\xa6\xb7\xb4?,\xc8\xcee\x7f\xab9\xb6\
p\x1f\xec\x03\x1b\xc2:\xaa\xb6Q\x7f\xd8cC}\xa1\
\x94\x87t1\xa0Yo\x0eG54\x09(\xc1\x13\x84\
;\x89\x01}\xa6\x0dY\xac\x0b\xe2\xf2\xc5JT2\x22\
\x91\xee\x92M\xff\x10\xc8\xfe\xe5T\xb2T9\x94\xc09\
)\xd2\xcd\xf6\xa1\x12\xb8\xc0\x85V\xaf\x14\xb9\x07\xcd\xa7\
N]\xa8\x1dP+L2\xb1\x87\xecK\x1d{\x82\xb8\
8s\x1c\x82\x81\xbfC)\xd0\x17G\xb3\xbb\x5c\xccP\
\xa0\xcd\xea~ \xb1~\x90]n\xc5\xa3\xd1\xb88Y\
\x01@L\x95Cha\xa1\x14\x18C\xd0D\x1f\x9aO\
\xcb\x8c\xf3\xc5\xbd\xa1\xf3\x8fb\x8f\xea6-_3\x0d\
\x84u\xe1\xea\xeae\xd1\xf0\x05\x03v\x9f\x9a\xd0)\xf9\
\xe4\xc3\x9d,\xc8\xd2m\xd7\x8c\x0cK\x89\x8e\xf1\x1b8\
\x1d\xb8\x833\x8a>\x9d\x0a\xbav\xb7\xab\x8f\xa1\xae\x0d\
b}\xe8\x13w\x80\xbdc\xd3\xdc<%\xb3\x8e\x14\xf0\
N \xeaW\x81\xf1\x14\xca-\xe0\xfeRl\x15\xcb\xbb\
\xa0\xb3n\xc5\xd8\x90\xa9\x04\x5c\xc4\xe9\xa1\xf7j\x189\
;^\xe9\xeb\xbdwIp\xc8'\xc3A\xe3\xa5\xd1k\
\xf2\xec\x05\xa9z\xef\xccz\xceEfZ\xd6eF|\
\xbbC\xd3\xd2\x90W\x86KW7\xca\xd2\xedV-\xaf\
\x00\x8c\x83&\x80\xa9\xd4\x16\x8b\xb4~\x0d\xfa`_Q\
QWz\xf6\x1e\x1c\x9e*@\x03In\xb5\x84E\xf8\
N\xeeF\xc1\xe6\xeb\x90c\xb0k\xee+u2iT\
\x8d7\xa7\xa8s\x22\xfd\x14.\xb1\xde\xa9H\x9bU\xfc\
\xe9\x12\x17\xe3\x1a \x0f\xe2\xb6\x14#\xdd\xf0M\x0by\
\xe34\xf7\xc9\x03\xbeD\x9coD\xde\xb0\x1e1\x13\xdf\
R\x9c>\x0cT\x8ah\xf1\xe0\xeb\x14\x03.\xc9\xcb\x81\
!\xced(\x87<\x87@\x17~\x0a\xd2\x11\x9a#6\
\x07NSs\xf5XI\xbdcD\xd8\x98\x1b;\xe0\x0e\
\x95\xd6-@\x1a\xbcJ\xba\xb3\xc2>7\xd3\xb8h\xcd\
\xd7\xbd\xf6#\xe1*\xcc\x19.\x5cjOW\xc8C\x8f\
\x9fm\xdb:\x88$\xf2e7\xc9%m\xb96\xc9\x03\
\x8e\xc2\x95\xb6\x10\xce\x22\xd9C\xe3\x19\xe1\x96Jd\xbe\
>\xbcB`\xado\xbduZ\xecW\x94J\xac\xb2\x84\
\xc8~9\xe5\xdd\xfc\x80Kx\x13\xf5u_\xf9<\xba\
4\xcd\xd3\xf3a_\x9bS\x05^\x14a)\xf4\x1f\xfa\
yD\xfd\xbc\xe01\x0eV\x153\x8a\xd8k\xcb\x22\xd9\
FM(\xa8\x1a)\x9aB)$n\xbd.\x85\x81\xf3\
\xfa\xbe\x12v\x1fQ\xf4\x9c\xd9\xac\xba\xfa\xc49\xf0\xea\
\x08<Q\xab\x827\xa5Q|\xbdHg\x13\xb4\xad\x8a\
\x92v\x01\xd54\x9cE<\x5c.\x89\x93\xa2yu\xf5\
\x01U3\xd1\x086\xfcXQ>0\xaaq\x22\xba\x8c\
F\xa6w\xcem\xba\x11\x22\x00\x92Y\xe8\xc8{\xd0\x5c\
5\xc5\x11-\xa8\x9b\xd7\xfa\x88\xd9\x03\xae\x93,Z\xda\
F+\xdc\x06\x02\xc4\xa5K\xb1\xc9\x91\xfe\x8a4z\x83\
\xd0\xb7\xc4\x92\x85{\x80\xfe\x1c\xf0G\xdb\xaens\x22\
\xd5n\xd7\x18\x82\x95\xdc<\x95\xbd\xdbx\x22\xfc\xfb\xe0\
H]\x82x\x89'\xf134\xb28\xd0\x1e\x5c&\x0e\
Kr%!\xdf\x18~\xb8\x15\x01\xf3\xc5F\xc1=G\
\xc9+\x0d\xc9\x85\x07\xeem\xf6\x14\xc1\x11\x91\xa9l$\
:\xc2\x09\xc5\x1d\xc9\xf3\x07\x0c52\x86+\xd3\xc5{\
Y\xb7\xd8\x1a\x87\xa0\x15\x96\xb8\x95\xfe\xbf\xbcw\x04\x88\
\x22\x12g\xdbJ@\x04A\xf8\x8d3\xd1\x8f\x06zv\
<\xcdW\xa90\x9a=\x87W\x9b\xa7\x8fot\x12<\
\x0d\x19\xc5\xcf\xd3m\xdb\x81F5\xfd\x9f\x1d!\xdf\xe8\
0,\x09\xb5\xcd\xa2\xe4eA\x1f\x1bV\x82\xb5\x94\xad\
\xd4\x91x\x8a\x021\xbb\x80\xf3\x9e\x8a\xeb\xc2\x86\xd6\xef\
\xe4JT\x98K\
\x00\x00\x18\x08\
(\
\xb5/\xfd\xa0\x02\x9d\x01\x00\xacb\x00JGh\x0e7\
\x10ws@\xd5\x03\x00\x000\x89S\xac\x82\x1dW\x01\
\x00\x10J?R\xb4kD\xa4\x82\xb6\xc8\xc1\x91\xdd\x96\
Kx^\xfc\xa5\xa1\xa4\x8a2\x06\xa7\xf0:j#\xdc\
\x0f9\x13\x00\x04\x004\xd5\x00\xda\x00\xd6\x00.\xab\xf2\
\xdfJAqo\x97\xab\x9a\xb7\xae\x16\xaf\xe9\xeb\x0a\x8a\
\x1d9\x97\xdf\xc5U\xeb\x17\xe9\xdc\xd3\xfb~\xdd\xf4\xc3\
\xd2\x8d\xb7\xef[k\xce\x1c\x13'f\xe9u\xcad\xf7\
+\xc0L\xf1\xca\xf5\x1b\x96\xae\xb0\x0d\xad-\xaf{\xad\
\xaf$[{\xa6,\xee\xda\xf9I\x9cI\xd9\xcc\xbc9\
_\xe7\xcc\x8c\x995'\xccD:M\x1b\xf8[\x7f\xb9\
\xf2!*\x1f]\xb9\xa57\xac\x1aG\x89f\xe6\xec1\
e\xce!\xd3_g\xcc\x142eI@&\x0cG\x09\
f\xceL\x1d\xd3iN\x98is\xca\x92p\x94\x82L\
\x80.\xc5\xe0\xde\x16\xc3\xfab\xd75\xb8'n\xb0\xb6\
\xb2{`uw\x07x\xf1\xf1\xb7\x06\xc0\xc9\xf5.\xb1\
\x8brh\x8b\xf3\xbeX\xc5\xa5N\x1c\xcaU\xbeZ\x82\
l\x10\x1f+\x80\x1dW\xb8\x0f\xe9\xc7\xce\x98\xfc\x10G\
@\x08\x0f\xe2\x0e\x9a\xf3\x06Fs\xca\x80\x12L\x9a\xc9\
Bcs\x0d\xb3\xb4\x7f\x99w\xd5\x95\xa5\xc05\xf7\xb4\
\x96\xdf\xdc\xdb]GHY\x0d\xaa\xe5\xc1\xab\xc1eZ\
\xb1\xa2[g\x86\xa3t\x04P\xa4c\xce|\xa4\x1en\
\x00jl-,\xea!\x1f\xd3w\xdc\xc8\x84\x15\xb9\x90\
\x0d\xcc\x17h\x9e\xf5\x8b\xdf\x5c\xfc6\xfd\x1c\xc6\xc5\xfa\
\xbeR;\xf8!],\xc8\xa4\xd1~\xa4\xd7\x0d4m\
\xfb\x88\x99Af\x89,)f\x81\xa3\x84\xa3\x04\x14S\
m#\xfbC\xce#|'\xc9]y\xc3\xdc\x5c\xee\xcf\
&-\xe0\xed\x8a\xdaJY\xa8o|]W\x0f\xd1\xb6\
\x8cs\xfe\x80\xcdYU\x063w\x92x\x824\x8e\xe3\
@\x0fo\xe5\xd06.\x7f\x18\x9a6\xba\xa9\x85\xb5\x14\
 \xc5\xd6\xbf[\xb2^g\xcd\xf9\xfa\x99\x19\x99:1\
\xfd\xd5M\xb7\x88\xd6\x95\x83\xdc\xb7\xc4\xaa\x22\xf6[*\
\xa9\xd1\x11\x8bt\xc4e\xebH/f\xfd\xaebK\xbb\
\x11\x02\x1a\xd1:\xd4\x88\xf7\xc6+\x12\xef\x8aS\x0a#\
\xa1\xe32\xad\xc8\x0f\xd2\x17_\xe7\xa6\xa50\x042\xb6\
\xf8\xdb\xf73%\xdd\xb3\xb6\xb28\x9d\xb1\xf8]j\xf7\
\xf7!\xac\xe7\xf01q\x08\xb3\x11\xc3\x1a\xe2\xe0\x93\xb5\
%\xd2\x9d|`\xc0M'.\xe1\xa6M\xaf('n\
\xda\x01{\xc1\x5c\xae\x93\x16\xee\xc0[8\x13\xba\xbfj\
Lr`\xfd\x8f\x86\x97\x8a\xaag\xa9\xfb\xa3\xb8x\xdf\
\x8a\xc9\xd8\xcc\xec\x99\xc9\xd8$e\x000\xbf\x05/\xcd\
\x08i\xb6\xf0\xc0\xdfo/\xe6.&G\xac*\x92\xd1\
\xe0\xbf\xb6\x94\xa5\x87\x86L\x9f\xd9\xcb\x94RQH\x92\
\x16\x148\xc4\x83\xd7\x0dH\xa8\x06\xbc%\xf6\xe8<\x22\
\x22\xc2\xc5\x1d\xde\xb7\x9c\x8e\x0d\x92\x99\x93\x04\xcb\xf4\xed\
\xc7\xd9\x1e\x01\xc2\xe6\x13.\xf1q-t\xf4\xfd\xd6\x89\
\xcc\x99i\xd4c\xa6..8\xef\xc1j\x7f\x81\xeb\x9c\
\xc09}i\xde]\xca\xfbM\xc3oH\x8d\x00F\xb0\
\xae\xc1\x01\x03\xc3eG\x1e\x18\x8cw\x090\x19\x14\xde\
\xbe?\xde\xb0Z\x9aZ8\x9d\x0e\xdcsA\x9d\xc0'\
\x8d4\x98\xa9\xaa\x85Cb\xe1\xad\x1f%5Y-w\
\xc72\xa3\xe4\xb3\x16\xe7OD\xc7\xeb:\x11\x98\x02/\
\xd9\xb5\xf5\x95eD'w)\x0c\x0a\x95\x82\xc8\xfa\xec\
\xe5\x12\xf4\x17:\xd6K\xa1\xba\xd83\xae,T\xfc\x0a\
\x18{/\xb0\xa8pRY\xfa\xd5\x9d\x9f%uk\x98\
i\x87u\xcfM(\xee\xe4\x06\x1a\x0a\xc5\x90\xc2\xd8\xf2\
\xabd\x0ar\x1b\xc4'\x1c|\xad?\x93\x1c\xfdL\xf1\
\xba\xc4\x1d\xee\xe9\xb2\x824+t\xa8\xd3\xc5{\x97\x15\
\xb2\xab\x91\xdf\x03-~\x97\x1a\x83\xbd\xa8\x02\xa5\x8a!\
\x1a\x11I\x92\xa4\xd0\x18r\x18\x88\xc1X\x96\x05\x924\
\xb6\x1e\xa2x(\x04\x22\x14\x08!4B\x08\x81\x0c1\
\x86\x11B\x04\x84 \x22\x22\x22)\x10\xd2$\xe9\xf4\x88\
\xd3[.\xb7\x1a\xc5?\xb1}\xd1\xcf\xd3\x8c=\xf3\x83\
h\x0d\xfa;@\xb5\x9d\x8c\xbc2'\xb8\xa2\x8b\xaf\xeb\
\x16\xf9\xaba\xa9\xc4\xe3\x10\x9a\x9b\xe6\xc6tz\x06\x0b\
\xfd\xca\xd6&A\xa4\xac*\x08\xfd\xb110\xe1\xa0\x05\
\x00\xa8\xa5Y\xbdZeV\x0e{\xc3\x81\xc1\xf0A\x93\
\x85\xfdn\xd4\x0a-'\x08\x9d\xaf\xf8o\xf9:M\x0b\
r\xa3d\x22n\xe6\x9b\x86\x1eI\x94!\x15w\xde\x80\
\xcb;l\xd1B^\xc8<\x09F\xcf[B\xbbL%\
\xf9$\xb4\x00n\x95\x8f\xa6G\xb2\x08\xa4\xa3\x1d(\xf4\
\x1d\x9f\xd2\x09\xf4\xb0\xc2I\x9a\x04\x1e`g\xba\x1a\x5c\
\xaf\xb06X\x11V\x16_\xb4_\xad\xa4\xc9\xb2l\xc1\
\xa9a\x83\x8a\x93\xba\x9av7*TaO\xa9\x11\x1a\
Sd\xb6-\x09\x05\xb8:\xf5[\xb3\xd2\xe3\x03\x11\x06\
\x95]P\xdc\x84\xe9\x83X\xd1<%\xb5@#\xcf0\
\x91\x81+\x833\xc5\x88z\xd9\x97\xd23\xad\xa5\xaeC\
w\x0e\x9f\xc3\x12H\xf2\xf3)\x0dcL\x12%\xa4'\
\x98\xfa\x85E\x1d\xff\x10\x93\xd8\xd6)\xd0\x97\xd3\xfc\x03\
\xcdT}L60\xa4`\x1a3\x87\x9e\xf1\x07\xfc{\
\x02\x81\x8e?9c\xf3\x173\xd6\xaa\xc6\xa0\x0a\x08f\
\x17O\x03U\xc6\x17*\x8a('u\xcc\xcd\x09:\x96\
p{\x94\xda\xd8t\xfb\xaf\xdd`n\xb5>\x93\x1a\x80\
z\x13('\xa3\xe4N\x95\xdf\xb8\x9b\xb6\xbc\x8b\xdbm\
\xf9\xd4\xc1\x8c\xbe\x0d\xaf\xd9\xf5\xff\xe4\xdbU\xc08\xf0\
y\xfdh\x13q\xbd\x97F\x1b\xf2\xf5\xb6#\xea\xb9\x07\
\xb8\xf8\xd2\xf4\xd4\x1f\xa0'\x8bt>\xdbR\xcb\xa6p\
\xe6\xeb\xb97\xaaE\xfc\xbf\xde\x1c\x9a\xe3R3i\xda\
\xfcd\x9e\x9f\xdfm\x19\x10G\x870\x99+th\x94\
\xbel\xc7\x86\x85C\xed\x22\x84\xeb\x10y\xd7\xa89\xe2\
\xbd\x0d\xc3.\x08\x1e\xc8\x07\x00n)\xbf\x07\x98\x03\x11\
\x07\x88r\xa6\xbb\xfd\xeb\x8e\x0b\xbdJ\xf2\x01\x7f\x92\xe0\
\x80O\xe2\x9c\xb3y%cj\xc8X,\x14\x05\xa0\xf5\
\xb3\xab\xa3\xe1\x1f\xd3\x8b= @\xc1\xd8D\xc9n\xb3\
:\x81kFG\x93c~qn\x96\x012\x1aFq\
\x89;\xfb\xcd\xc4t\xed\x94q\xfe\xe2\xad\xdd\x8f\xf1\xdb\
Xg\xc1\xa6\xd7)\x85\xab\xb5\x83\x8e\xc8\xac\xff%\xe5\
\xd0\xcd]T\xc5\x86\xf4\xfc\x00\xae\xf8\xd5\xe2p\xed\xd0\
\xb7\xbb\xcf\xc5\xddI\x8fc+\x8e\xa6c\xb3n&\xe2\
\xc0\xdcl\xb4M\xe55\x09V'\xe0\x18LD\xbcK\
\xd1\xe3\x96\x7f\x19\xc4`Xf<Y'\x0d\x1an\x04\
\xffa \xef(\xaf\xa3\xe2\x0d.\x94\x00\xd7F\xb3\x10\
<\x1b\x86G\xceU\xf0\x82dP\xcb\x17\x01\x89\x19\x13\
\x87n\xb8~\xf1\x0f\x14\xda\xc2\x5ceO8I-\xa2\
$j\xad\xa7\xe8\x5cSG:\xeb\x8cik\xc6\x1eu\
'\xf9\x0bC\x1dp,\x88'\xd1\xe8\x13\x18\xbbd\x8f\
\xef b\x90&,G\x00w\x08\x07\x01\x84\xcc\x07\x95\
*\x82\xa4\x91k\x99\xdd\xf3]+W\x09\x1e\x0d\x005\
\x1f0\xc5\xd2(\x04G\xfal\xe9\xccYan\x97\xd7\
\xc0\xe1\xb7R\x8e\x90\xac\xec<\xc7O\x8d\x0bj(\xd0\
\xdb\xf1\x8d!\xb9\x17\xe302\xe7\xb9G\xecx9J\
\xdeD\xb5\xd4I,\x0fw\xf8(\xd4K\x0f\xb8F\xe0\
\xba{\x8a\xd3\xa4\xf4\x9c\x88\xd19\xd3\xee\xaf\xb9\xcd\xc2\
\xc1\x1du>\xe6\xda\x1dDJ,\x82M1\xc4'\xc3\
\xff@\x87\x88\x11=\xc0\x97K8\xd2\xab\x83\x9c\x9cE\
\xae\xdcL.\x0e\xe1\x83%T|\x0a\xb9\xc4u\xb9\x18\
\x97.\xa6\x02\x84\x90\xc8Y\x96\x05\x22\xc2\xff\xf8\xd0\x8f\
\xa7F\x80\xab\x1eH\xbc\xc0\x1bD5\xe0\x88~\x5cJ\
\xfa\xb68\x91\xda\x02gE`\xc1\xc67\xb1\xa0a\xa7\
2\x9fc\x0e\x5c\xf1\xb8.\xc7{$d\xf6\xf01\x9b\
H\xdbT\xec\xfa\xbd\xc19\xf7\x1a\xd2\x98\x14\xff^\xca\
\x80V\xef2@\xfc\xba\xf6\xe7>\x8e\x0b\xf7Mm\xde\
\x90g,x\x0c\xec\xca\xd6\xd6\x1ch\xa72\x16\x22J\
J\xe7\xcd\xf3 \xaf\x8f\xb4\x0a\xaa\x16\xcb\xb5\x09\xc03\
\xa8{\xf4\x5c\xaa\x14\x16w\xb8\xcd[~\x93\xf3*\xbd\
\xca\xc8\x9f\xde\x13\x80\xa3\xc1IY\xb9\x03W-\xbeY\
30\xfc\xbfA\xd1X-\xad\xd4e\x91LG\x93h\
\xc0\x8e\xa5\xbb\xfd\x9f\xd6\xfe\x98\xde\xe89\xf1\xe9\xf9V\
\xe7\xbc\x9e\x88\x8e\x04\xd5\xdf\xceb\xa9\xf1\xfe(\x88\x90\
|@\x96=\x14\xcd\x0e:mwb\x0d\x96\x1a\x15/\
A\x02\x00\xe0\x15w7\x9c\xea\x0b\x8a\xf0q\xaf\xec\xaa\
\x01\x07C\xbbk^\x05\xae@XcpN\xc2\x1c\xad\
\x5c^\xb5\xa0^\xbf`8\xa8@\x0fm\x99!n\xb1\
~\x08cg!\xacJ\x0b\x89\xc3\xffV\xae\xe2O\x8e\
RN@\xf0\x1f6\xe9\xa2\x03\xad\xb1\xbc\xc8\x13\x0a\x94\
z\xcfV,\xcb49\x07`\xa6\x89\xf0\xd4H.\xfd\
M\x22\xf0\xb2\x98z\xc6wTz\xecw\x80\x14\xbfn\
\xaa,\xde\x22\xcc\x8c?,Z\xe82\xc9.\xdb\xe6f\
\x99\xe1\xe3{b,\xc7\x83\xb7\xb1\xdcI;9&\xc6\
\x92^\xd6\xa7\x8d\x7f\xf4\xc7Pk\xb1\xad%\xa1_\xf8\
uZK\xb8\xed\xabi,\xecZ\x8c\x82\x9c\x99\x1b\xa5\
\xfa\xcbpH=v\xcf\x88\xf5\xeeQ\xb3\xdf-\xa2\xcd\
8a\xba\x87\xed\xdc\xcb\xe0\x0728g\xf8\x14\xc4J\
\xd6\xe6\xb7\x8b\x9b\xc3\xd4`p\x04\xd5\xb8I\x12\xdb\x04\
0f\x81:\xba<`\xb7w<?c\xa2QKd\
\x83(\xe2\x9ci|a\x13H\x01\x5c\x0f\x06\x17\xec\xd7\
\x84x\xad\xe0\xc0\xda\xa1\xc0\xa0b\x90\xf4\xcf\xc1\xcc\x88\
X\x18\xe1\xde\x9b=<\x9e\x94\xff\x86v@\xf1\xf6x\
\xf8B\x96Q\xdb\x85\xf0\x85@\x09\x9e~\xa4\xd7\xaf\x02\
\xb0\x1f\x8d\xf9H\xde\xfeY\xb6\x85#\xa4\xfa#|z\
\x1e\xc0\xf3\x06\xb3\x0f\x18\x16J\xc2BWP\x8eac\
5\xb2\xa9\x17\xb9\x94Ds\x8at\xa7\xb5\xef\xee\xfd\x03\
s\xc4\xaa3B-k'x*\x08]N\x906\xa3\
\xb4kX\xde\xedpx\xc9\x04[\x0a_\x80\xb9:?\
\xc3\xf2N2\x97@K\x86q\xe6\xa8\x7f\xe7\x9f\x19 \
\xa64\x9et\xbe\xfa`\x00$#\xe8\xdc\x88)\x08\xbd\
m\xc5\x00\x87\xf0\xde\x834\xfe>7/v\x93\xca\x7f\
\x1d\xcb\xad\xb1\xbd\xa0V\xf1J\xf8%\x95AQ\x1b\xe0\
\xa4l\xaa\xc5\xf9\xa7\xe6\xd3J^\xf8\x17\xbd#\xf1K\
2\xbar\x9b1z\xb4X\xe4\x9c\xdc@P\xe2\xedr\
0E\xc4M\x1eQ3=ng\xd5\xe8U\xb1d\xaa\
*N\xbe|e\x07B}x7\x99\xcf\xfe@\x85\x84\
\x17\xa2x\xec\xda\xbe\x99+\xea\x8eF\x814\x1e\xbf\xb4\
\xc6|.\x86\xdc_:f\xde(I\xb4f\x81H\xf9\
\xdd\xb99\xf6\xf29\x90\xc9\x15\xa3\x80\x89G|za\
\x95k\xd2\xc0\xac0^\xf3\x0b2`\x870Vn\xff\
\x8f^\x96\xfbD\x06\xd4\xc5\xddC\x9d\x1d\x18f\xd5\xc8\
'\x04\x88b3\xe0\xa4\xad[8R\xd6CTn\x83\
\xbd\x19\xbe\x18\xa6#\x0b\x90\x02\xc4d\x8b\xc5\xe6?\xf8\
}Q\x1cD1Ej~\x1fI\xa5 C\xb4po\
\xa3\x8c\x82\xfc\x01-3\x05\xb8\x1b-C\xda^\x0d\xd5\
T\xbbS\xcc\xbaX5\xd7f\x1d\xadGN\x96\x1f\x9e\
\xcd\x06\xa86 \x1b\x89\xb8\x8e\x94*\x0b\xc0Z@\xa0\
\xeawb\xfcG\x1c\xca\xe0a.\x01P\x9229\x19\
\xac\x97\xabN`\xff\xa0\xf2\x01r\xb1\x99\x18\xb3\x8d?\
6#\xe2\xf5b\x90\xe6\xa6\x05\xf0\x86\xf3\xba\x9fK\xaa\
\xcaD(\x1f\x1abY\x1fb\xd0\x01\x93\xaf\x00\xc2\xc0\
\xc8\xf2R\xddl]\xd5$\x04\xdea\x8e\x8b\x80e\xb2\
\x05@\xf0\xc9\xfd\x0bD\xbe\x10M\xd9N$\x96\xf1\xb7\
\x011P\xe3\xc8\xf2\x9fq\x93\xc3\x01:2z\x994\
Q\x7f6\x10\xb1C\x82\xcb\x03'\x83j\x98\xb1\x02\x91\
j\xe8\x0e\xae\xf4\xe2\xbeKm\x8d\xb2&m\x90\xfe\xc7\
\x8e\xf0VZ\x08\x00\xe9\xe1v\x82\xe4\xda\x0f$\xb3\xce\
\x8eq\xc6\xd7UuF\x96\x92\x09\x0c\xe0B6\x86\x9d\
\xe9\xdfJ;p\xf2\x0b\x00\xd2\xd1\x16\x86\x85\x81\x19\x93\
\xcd\xc8\x1e\xe2\xd9\xaa\x03\x88\x04C\x9e\x0c\x11)\xe4\x15\
\x05\x0d2\x9f\x1d;\xa2\xe3\xa0\xebBo\xd5-\xca9\
o\xad#?4\x07\x97\x0bx\xe0\xefg\x046\xc1\xc4\
\x03\x97\x93\xf3\xae;'\x97bZ\x10\xc8k\x84\x22\xd5\
\xd1\x98\xdc\x872\xd7\x85r\x82)E\xcaBc\x08V\
\xf6s\xe0\xa6[H(\x07P\x7f9\x0b\xcd\x1c\xd6\x00\
\x06dT\xf2\x95\x0b>\x881\xb5\xa7\x11)\xb0|\x80\
Wl_+\xe8\xf9i\x7fN\xa0\x86\xae\xfe\xd9d\xd9\
\xc1\x8d`&\xc1jR\xd9\x00\x83[\x15'(\xaf]\
\x02\xe9\xfb\x1d\xa5\xf8qQ\x08\x16$w\x07\xc1\x106\
\xac\x18'\xf21\xd7\xef\xc3+\xed1`U\x13\x00\xe5\
\xc0\x96Q\xf0\x0d\x0a\xde\x99\x08Ep\x09:Z\x06\xd9\
\xe9\xcf\xb7I\xfb\xeb\xde@\xf0\xde7\xdd\x91\xc8\xed\x10\
%]\x00\x16\xd6O+Py\x03\x103\xe3u\xd0\xe2\
\xb7gf\x06\xd8\xb0\x1bMn\x18\xb3$_\x91\x12!\
\x03\x96.G\x85@\x88H\x9c \xbd\xe0%\xc3L\x13\
4\x01B\x00D\x00D\x00\x83K\xb8g\xd9A\x84\x83\
\xc2\x00T\xbb/\xa5\x86\xaf1\x5c\xd5\xfbpi\xac[\
\xcb\xb6e\xfe\x5c\xd5\xbc\xc4C\xf2\x12\xc0{\xb8\xe1\x98\
\x00\x15\xb7p\xff\x0a\xf1z\xd5\xf3\x1a\x8ay!\x8e\x06\
\xf2\x0an\x98\xc9\x0e\x82\xda\xa7\x99[c8\xaa\xb4o\
\x83\xf9\xd1\x13\xbbn\xb3\xb6%b\xdc\x1939\xe2h\
\x8a\x14!}^\x81kB\x0c\x99\xdd|\xbe=)\xc4\
A\xda\x7f5Mx\xde'!\xd0\xd7\x5cS\x1aYj\
\xe3\xe7\xaa\xef\x13\xc0\xaep\x1d'I\xb8\x83C\xbd\xc4\
\xa3\x9aj\x9f2\xcc\xbb@\xb5\x08\xb4\x12\x1a\xe6\xc5\xe5\
\x15\xd8\xc8\x12\xe6\xc3\xb5\xb7V\xd62\x16\x8a\x12K\x12\
,\x5c\xaep\x1f\xde\xb3#\x92\xe5\x18\x92\xf8>.7\
y\xcdQ\xb9\xc7\xea\x88=\xa8N_>\x1dC\xfd\xa4\
t\x07\x80\xd5q\xf6\x0eIkYeB\xa3A\x91>\
b\xf7O\xc9\x19\xc3|-\x1f\xdbJ\xd0\x93\xd6\xfe\xbb\
\xd8\xdfL2\x02.\xb4\xf6\xee\x5c4PV\xf5\xee\xc5\
r,#;\xccm\xd9\xb1{\xc4yo\xb7\xf6Z\x18\
o\x0d\xc5\xddw\x83\xbd\xa8\x82v4I\x0a\x1dr(\
\x0c\x82 \x18\x84\xa1DK\xc3xyRH\x1c\xc2!\
\x08\xc4 (\x82 \x08\x87\x10 \x08F\x80 \x08\x82\
@\x08B\x84\x04#\xc4\x11\x8aL2z~\x8b\x1b.\
o\xd4\x07pR\xe6\x8f\xe8\xcd\x89\xb7\x05$\xd7\xbeg\
\xc7kNQ\xd0\xad\xd2\x84\xf2\xc8(8x\x83\x8di\
\x8eL],G\x05IsL\xd8\x1cdN\x0a\x0eR\
0/\xe9\xfbh\xbb\x17!9,\x0a\xa9y]H\x9a\
Z)\xfc\x9a\xd5\xa5.\x9cG \xed\xbc\x90\xd2\xfc5\
\xac\xea\xaa\x17Zu\xa6\xa8*B\x81H\xea\x04\x18\xcc\
\xff/\xa8x\xdbD\xd2\xca@um\xf9\x8e\xb3\xb3\x88\
\x83\xae\x8e\x84]\x8fY+\xfeP\xf6\x03Z\xa5\x9dD\
\xfd\x82\x89$\x1c\x04\xdd\x10\xe7\xa7\xe3d\x96\xc0_\x1d\
\xb5V\xc3\x80iQ\xf6G7\x90\xce=\x13\xe7\xf0K\
L0`W\x16\xaa\xa5bqo\xdc\xe9\xf7\xad\xdef\
\x8e\xc7\xbfH\x17\xc5\xf7\xa6\x10\x1c\xe9\xf2\xa03\x92i\
<\xcf[\xb24\xfd\x04\xdd\xee\xa7\x1d\xeb&f\x1f.\
ot\xb4\x17\x99\xdcg\xec\x08\xda\xa7\xcf\xad:\x1a\xd6\
\xc1U\xe9l=\xd4\xaf\xf5\xd1\xb0\xcb\x04\xc1\xc2h\x91\
9\x938u\x87\xf1\x1c\xb4\x89v@\xbdwA\x10\xb4\
\x9a2\x0e\x01\xe3/\xc1\x81M\xa0\xd8*\xb0\x0d\x08\x16\
!\x86\x82\xff\xd9R\xae\x1f\xa1pB\x89\xe0\x06\x1f\x1d\
-\x93\x88\x15\xd5!\xd0\xc0\x81f\x91\x15\x83\x22rQ\
\xdbi\x9a\xdd\x97\xa6u\xf2\x16\xe4\xfc\xed\x84\x15\xa4\xb5\
\x08\xabE\xfaQ9\xa8\x19\xe5\x8aI\xad\xcd\xf1\x9e\x1d\
\xe9\x7fK\xb6\xbf\xf9<>\x92\xf4@`CAF\xc9\
\xe1\x05\x19\xc4\x95\xb8\x1f\xf3!\xf6\x9a }+\xf7\x15\
\xe3u\xec<l\xae0d{\xba\x014U\xf8\x8b\x09\
\xc3\xd1\xb9\x17\xfd\xc5\xbaY\xaf\x06B}m\x12!x\
\x0e\x10h\x02\x1f\xb0\xbcW\xaf}\x10\x84\x11B\x0d\xf1\
G\x84q\x9d<cL\x830.\xedA\xf5\x98\x08\xc3\
C\xaf0\xf8\xf4\x8f\x000.\xa2\x90\x9eQq\xaf\x09\
1\xe9`kG\xa8\xfbUt!\xdd\x17c\xf0z\x11\
\xb9\xa3T\xed\xe6\x10\xc5\xb5\x01\xd3\xd6|\xafO\x0eS\
x\xb3[\xda\xf6\x92\xa9o\xb2\xda\xd6M\x98\xf5\xa4\x1f\
,\xb6\x89D\x8e\x86\xab\x0a\x8fG\xea\x0a\x88\xc4&V\
\xaf/\x1f\xba(\xee\xc0^\x8d\xc5R\xd4\xad\xce!\x00\
\x99\x15%\xf9\xef\xd3\xe0\x1a\xd5\x88!\x1f\xee2'_\
\x92{\x96w\xfd_\xe9d\x81\xaf\x16\xd0\x1b\xa8\x19\x9d\
/\xa6\x93\x99\x96\xf8\x98\xd7~\x09\xe5)\xe7\xb2KX\
Ne\x15\x80\xc2\xc8\x18\xd3\xe0\xdf\x97\xf6\x5cBUN\
\xa9(\x8c~\xde\x84{\xb0\xd1K\x0ab\xd2&8[\
\xb2\x11g\xe7U\x85n\x14\x1e:$\xb6\xa7\x85\x84\xf3\
\x18p\xf3c\xf1=\x9b\x95~.\x13\x86\xfe\xaeI\x13\
\x88*\xb7\xbb$}\x0d\x84\x1dsDt\xe3\xc3\x1d\x95\
\xa0h\x86o\xd7\x96g\xe7\xe5\x07\x9eX\xd1\x15\xdd\xa1\
\x14v6|\xe1`\x86\x9b\xa4N)\x81\xa9N8\xb2\
\xbd.\x0a\x01\x87\xe8\x19y\x16\x0d\x0d\x1cL\xfd\x15r\
;\xd8\x0fx9\xdc\xc6\x1b<\x1b\xc8U \xa1\x22\xc0\
\x97p2c-g\x09SW%\x1bG\xaa$s5\
\xc6\x02o.@\x87\xa7\x1bK\xe8\x9c}\x02\xde\xc1\x1b\
p\xdcO@\x07\xf9;G\x0b\x0d\x8cY\xd2qpw\
\xc480\x86o\xb3\xeb_\xe3\xa8\x9b\x81\xb6\x1f\xdc\xf7\
Nk\x97]\xb4\xa8\x08\x0cG\xf8\x95|a\xb4\xa0U\
\x95 \xc0l\x00 \xbdn\x13\x1ck\xc2\xe2\xbd\xe1_\
\x06\xd7'\xab(E?\x80\x92\x8b:\xba\xec\xf4\x1d\xab\
d\xed\xbd-\xcbY<MMG\x13\xe44\x82\x93\x10\
}\x08j8\x5cB66jPI\x04\xa3k^\xb1\
\xa9\x8c4\xe7Q)\xdeD\x1b$C\x92\xf6\x9e \xd2\
\xb6\x16\xfeXJg\xe2E}\xbc\xdc\xf1\x98&7\xf1\
\x1e%\xec\xcc\x1d\xea\xae\x1f\xe0\xcd`\x82\x89\xfc\xb8|\
\x80\x16\x06Y\xdc\xd9\xf6\x901{\x8fX!(\xce!\
@\xc7\x90\x0b\x99\x8a\xd4\x1a\xc3\x17H\x02\x15\xee\xc6\x90\
/o3\x9f\x160\xa5\xce\x8c\x17r\xe53\xb3\xedu\
Z\x11\x9a\x01q\x1e\xce\xe2k\xb6@\xa3\xc8\xaa\xacj\
zl\xfe\xf1\xcc\x92\xa2\x17\x16-\x87\xbfS\xc4\xa7\xae\
\xc6\xa7\x0c\xfe\xb5\x9a\x1f\xd1\xc5\xd1A\xf1\xfb\x22;r\
z_hRF\xcd\x0b\x83\xcf\x8d\x9e\xce\xe8\x94{\x1e\
\xb5\x99\xa5i\xfc6\xdcF\xf3a\x95\xfe\xac\xd5\x99,\
\xff\x81\x96\xce\xf1 3\x1c\xb6\xb6{4P\x86\xd5W\
\xc6fF\x5c\xac\xcf\xb0\xda\x09kH\x18\x09\x95\x1f&\
&\x86\x1e,\xec\x8a\x8cj[y\x02\x95\x86\xd2\xe6\x16\
K 4\xd8\x04\x08\x8a\x804\xda\xba\x99-\x11\x0e\x14\
\xacA\xd8 \x9ax\xb1Kh\x05}\x88\x82\x04\xb9o\
\x85\xd1\xcc\x0e\xbf$}$\xdf\x81F\xb1T\xf2\x02\x1e\
\xf78oC\x07\xfc\x12\x07\x22\xe4\xcb\x04I|\x0d\x84\
C<yc\xcd8E\xe2\x89\xfe\xf1\x957\xe6\xd2\x10\
\x22\x913g\x1dK\xe5b|\xa0\x06\xf1\xd4i\x9a\xa5\
\xad\x08x4\xb0\xbfR\x0a\xa1u\xd1\xcc\x92\xe1\x00\xd1\
\xe7\xb8\x8cA\xf0t\xcb\xfe\xec\x95\x0e\xb8\xa6\xf8S\x99\
\x9a[\x0cB\xce\xa2ag\xd9\x8f\xb4YE\x172\x97\
\xfaA\xd19\x06\xb6X\xe4~\x88U\x12{\xc1\xa1\x17\
7\x16\xd9\xbd\x04\xf9w\xfe\xf8Y\xbe\x09\xfa\x06\xa6\xe2\
\x81-p\x12\xd8\x029J+\xa3\xf1M\x03\xbb\x90\xf6\
\xfa\x91\x94\x1fi\x9e\x8a\x94\x82\xa6\x87\xf5\xe3\xbe\xd1@\
\xdcC\x02C\xd7K\xc0AST\xc5\xf5\xc2\xd2&\xcc\
\x9a*\x8dK\xa1\xaaH\xd9K\xc5\x89\x1fxl\xc4\xd1\
\x02lr\xd6\xc6\x15\x02}Uc<\x01\xd0mQ\xbb\
\xa3K8\x8b\x10\x08E\xc2\x89\xf8n\x0e%\x05\x0c9\
Q8\x0d\xa1\xe6\x86\x8c\xe1G\xd8\x9e\x0d\x189\x1e\x1a\
\xb7\x1f$\xe6=\xfea1\x82e\x1b\xe9O\x11\xf6)\
\x11\x01\x84\x88.\x97\x94R\xe7\xfb\xe5$\xe2\xa7\x18\xf7\
I\x0e<JI\xf0\xb5~\xb4B\x91\xc7\xa3\xda+\x11\
\x12\x91\x87\x89(\x0d ]}\xcc\x9dU\x99{\x85}\
Hi\x11\x03\xc6!\x81\x84\xd3\xae\x0c\xd0n\x92j(\
\x097*\x03\xf4B\x95\xb0\xb9\x8a}\xf1\x078\xc0\xb4\
\xca\x9e\x13.\x81\x18o_\x08\xfc\x16X\x1c\xd2W\xb0\
B\xfd\x1f\xfeU\xc0<\xb7\xbc\xe1\xb3\xd8\xf7\x7f\x0f\xcf\
QA\x07\xb8o~\xf0\xe7^\xd0\x01\xf0\xa1o\x00?\
\xe8C\xfa\xce\x7fN\xf8\x90k;\xc0\x86\x19\x15x\x83\
~\xedd\x5cdb\xb5\xf5\xc3\x0bv_\xc0s_\xfa\
\xfe\xbeE\x10\x1e\x88\xd0\x16\xd4\x0cR\xa3\xbcN\x1e\x03\
\xdf~\x1cH\xa4\x8d\xde\xa7\x88\x98\x9a\x0c\x03\xa88w\
\x12G\xde\x0a\x920dm\xbd\xdb$\xaa\xe2\xd4\xde\xbd\
\xeb\x03\xc3\x0c\xcf\x9a\xea\xc0\xed\xedL\x5c\x9d\x86\x12:\
s\x0d9H-)\x08\xb0\xe5\xd2\x96\xb1\xeb\xd7\xde\x1d\
\x90\xeat\x80}\xc9^6\x1e\xc8\xae\x83\xccq\xfeq\
\xf0U\x0ey\xb8 Q\x0d\x12O\x9eZX\xda\x84\xee\
y;\xf6\xec,\x05\xa7\xe6\x9d\x12\x125\x8a}\xc3\x5c\
\xf1\xdd\xd7\xa0Hr\xecWH\x93\x10\x96\x8d\x90\xe2\xcc\
\xa2V37)\xce\xcf\x0b\x8d\x96\x99\xca\xeda\xeeO\
,\xccR=88\x0e\xdf\xd1\x82W\x03\xa5\xce\x1c\x05\
t4\x0b\xb6\x5cf9s\x88\xe6|\xda3\xb8\x9a\xa7\
\xda\xdah\xcd\xf0\xa5#\xc1i\x1cKb\x0f\x19\xd48\
\x90DYO(@\x93\xb7\xd1%\x89mX\x8c\xd9\xde\
\xd0\xaek\xfc\xdcCR;v:\xb0\xa3\xe8\x0c\xc2\x18\
\xbb\xa2_\x8d\xeb\xa0\xa6E\xb5\xf4\x15\xe2\x10\xbc\x88\xe8\
\x07A\xa5>>5v\xc9QA\xa8\xef\xbf\x97\x07\xdf\
\xcd\x85\xfd\x95\x91\xff\x9d`S\x92\xfb\x82n\xb8I8\
,pr\x10\xe6\xe0u\xc7\xa7\xbbU\xf8\x19\xc7\xd7\xa1\
\xc8\xcf\xa1 T$\xcb\xe7\xf8J\x05!\xc0?\x22\x17\
\x95\xf2\x1a\x92\xd8\x0b\xbb\xb1\xeeX\xa5\x11\xf4;4\xa2\
\x9b\xd6\x04\x5c\xe8I$p\x5cX\x99\xb8=\xd0E\x04\
@\xc9\x0eDE\xd1\xba\xf2t)A\x0d\x08\x90\x85\xee\
\xbcf\xc0]\x86\xb94\x08Sp\xb9\xfc\x87e\x8e\x15\
g\x1b4\x19`zQ\xf9\xad\x8fr\xd9\xf0\xf9f\x1b\
\x82\x13\xd03\x5c`|\x03\xb9A\x15E\xcdT\xa2\x16\
\xc5Q\xe7\xfb\xa1&\xd0X\x1e\xbc\x19F\xe4\xcc\x10\xc5\
2J\xef\xf85\x91\xe8PR\x0a$\x22`\x88[\xf0\
\xbaq|a\xe5\x1ePn\x08\x85\xab7\xc9\x8e\x0fa\
\xef9y\xceR\xd2\xcd6\xf4\xacO\xcceI<\xc3\
\x99\x05\x9f\xedG\xd6\x5c\x06p\xceB\xa35\x18\xca\xca\
\x90R\xc5\x13\x1b<\x87T\xb0\x04\xe88\x04\xca0\xce\
\xef'\xa4L\x1a\xc6\x8d\xb4_\x86\xd0\x81\xcc\xcf\x12\x18\
\x0d\x8c\x93\xa4\x92\x80\xe3\x11:\xc1Rg\xcd\xdd1\xa8\
#\x02{U\xdau\xc7\xd63i\xd8\xfd\x15\xd9\x1d\x18\
\x0c\xcf\xceB\x8e\xc2\x0c\xa7-\x9a\x5c\xf8\xcd\x0an\xc7\
\xc1R\xde!\x08]\xfb\x96\x81F\xe85\xa5\x18\x0b:\
\xf0\x17\xdcsj4\x02M\xd1\xcd\x15\xe2\xfb\x006\xe2\
\x5c\x09\xb3\xc9\xf3\xfad\x8d\x15\xcddl\x96\xcb\xcfe\
N\x11\x5c\x9c\xc4\xe7i\xf1\xae\x06\xa0\xe2\x9c4\xb9\xcb\
p+1\xb2\xa0\x1b1\xe3\xeb\xd4@\x13$\x22\x1f\xc5\
\xe7Y\xfc$\xba8c*J\xc0\xeb\x08\xa9\x15\xbcm\
\xc8\xc1\x13N\xca\x95\x04\xfd^\xac\xe6\xcak\x95C\xd7\
\xdd\xc3|\xa4J\xa1\x00\x12\xd2D\x19\xcc\x81\xaf\xdd\xba\
l>Z\xd1\x95\xc7\xce\xe9\x0eU\xb5\xce\x98\x98{\xb5\
\xe2\xc5\x80\x8f3\xb7\xf3\xf5\x80\xe9\x8d\xf6[\xe0?\xa0\
8\xb4\xbc\xc9\x09V`\xe3\x80\xc4b\x8bu\x82\xef\x7f\
MeB\xf5\xe1\xcaWB3\x90&\xfd\xd5\x9fi\xfd\
fD\xf1\xcb\xb4\x9cz\xbaQ\x9e\x08\x8641\x09E\
\x90\xc7)?\xf7\xa4\x86\x14\x01Y>\xe1\xc6\x11\xa6 \
\xa6j`\xc3\xd1\x18\x13\x02}\x19/K\x84m\x00\xe4\
6\x89\x00\x81'\x83\x121T\xc2\xb6\x89t1N\xd0\
:\x11\xb7\xe1\xbb\x1c\xb1\xe5\x94\xf7JC$?\xc9\xaa\
\xb94U\xd52Ij\x7f\x1b\xd1\xa0\x83U\xb2N\xad\
\xf2\x82\xa7\x18\x0c\x7f?m\xb9\xb7HX\xe2\x8e\xfb\xfd\
\xec\xb0\x0e\x0d\xd5j\xf3vFG\x895u\x1ay\xd2\
\xf0\x00\x96q\x96V,\x91%\x853\xaay\x01\xb9\xa0\
r{ \xcb\x16\xd9V\xed\x9d\x01\xf0G\xfb\x00\xfcs\
6\x0fO\x0b\x00\xd3\x8e9\x09\xf6k\xc9\xe4\xe6\x9b\xbd\
\xfa\xc9\xac \xb0\xa9\x91$\xa3\xf4y\x8bZ5eU\
\x06\xde\xb1\xcfNzM\xbb\xf2\x18\xccJ\xc5\xffM\xb3\
\xf7\xa4\xc93\xec\xf4\xffk\x95O\xcc\x01;D\xfe\x94\
\x84)\x1a\x1c\xe0~\x81\xedy98w\x88i\xec\x1d\
\xfd\x8a\xc0\xb2gT\xae\x18\xc1\x17\x7f\x1e\xf9\x1f\xae\xb0\
\xc7r\x8b\x07\x19/\xe0\x80\xbe\x06\x04\xaa\xba\x8f\xd37\
h\xa8\x16\xb7\x12U\x03\
\x00\x00\x17\x1e\
(\
\xb5/\xfd`2\x92\xa5\xb8\x00\xeae\xbc\x14D\xf0\xae\
:\x07,q\x03\x89\xc3\xe2\xa4l\x0c\x94\x05j\xde4\
\xf62\x0e\x83\x9b\xc1\x1d\x12\xf8\x02\x09\xe3A\xa4Dl\
\x91\xd3\x91`w\x92\x84\x96\x0b\x8f\xada\xbf\xa5a\x8d\
\xeeuL\xd4u\x9bB\x13\xf9lK\xa4\xc8&\x82\xc2\
\xb4\x04-\x016\x01>\x01\xaf'8\x92n/\xd5\x9f\
%U\xb1]R\xbaH\xa7\xf8\xb8\xc29/\xe4\x03|\
\xb3\xa6:\xf5\xd5\xae\x10,-\x22N<O9\x011\
\xf3\xd1\xe6\xad\x12&\xdb.(b'^\xc7\xc9\x8f\xc3\
:\x1f\x83\xaf\xbf\x8e\xe2%}\xaeS\xe5\x22kIT\
\xa6^\xef\x05\xc9\xa2\x0c\xa6\xe7\x86\xce\xb3jK^R\
\xb6\x97\xe6\xfc\xa9L^\x1a\xf28%\x06\xd6\xb2MJ\
\x95\xed\xb1\xd8\x86\xd90\xd9N\x89Y\xd9#<\xd0\xde\
\xefS\x1d\x17\xe5\xd7\xa4\xa5\x1duRM-\xfd<?\
S\xf0\xc5\xc9@\xd3\x5cD\xeb\x8b\x0f^Rh)\xd6\
\xd93i\xfbT\xcf\xd1\xb5\xa5\xce\xd2\xf8\xc7\x8b\xc7V\
)\xdb\xb1\xed(\xa5\xcbN\xca\x94\x18W\x99\x82!E\
J\x0c\x0cE\xc9m\x13\xbe\xa9qC\xaf\xd3\x864\x9b\
\x94\x94\x22v\x86\x92\xc4vW\x09\xdb.;6c\xd9\
\xaf\x94\x98\xd7\x96\xed\x0f\xdbM\xca\xd7n\x95\xb1YJ\
L\xcbv\x0b\x0b\xbd\x0a\xe9\xaf<\xef\xc2E\xde!p\
m\x1f\xcf\x95\x06\xa9\x88\xbe\x17\x85_\xa4\x1eS\xcc\xb3\
\x8e.\x02\xa9\xbb{\xc6\x82\x8b\xafM\x99L&k\xf2\
\xb2\xe6\x82\x5c/\xd6\xf6\x92\xba\xcc\x84\x8f\x92\x0e\xb4\x03\
\xd7\xf8\x8e\x22\x0d-\xad\x12\x86\xa4\x92\xec\xb5\xa6\xef5\
]\x89d\x9e\xc4\xba^\x90\xcfW\xa0\xa9\xfa#t\xb4\
W\xa5mh\xa5\xd0z\xe4=2\xf8Iu~T\xe3\
\x0f\x11Y\xda\xd1\xe1l'\xd6\xaey$P\x08\xc4A\
0v\xf3q\xc6w\x90\x14\x9c\xf8\xa35\xa9\x01\xe2*\
O<\x1c!\x0cN'\x04\xce_}\x00\xa9\x02h.\
\xc2\xb7\xde\xafV\xaa\xea2\xbe\xab\xcf\xce\x1a\xda\xa9\xbf\
G\xa9~\x01\x87\x8dR\xbalW\xd9+.W\xe9\xe1\
\xa5\xc3\xa4\x1b\x22\xa6*{I\x22w\xb5\xb23\x94\xb1\
\x8dR\xc2T6\xa7\xa1\x1c\xfc\x91\x8a\xa4<\x8f\xe3\x02\
\x048\xf7\xc1m\x19dv+=;\x5c-(\xb3\x17\
\x8b\xf51\xd2m|\xa4\x8b0u}\x90\xe6;v \
\xfdo\x8a\xc0\x0f\xed\x5c\x91>\x84\xea/\xc3\xde\x93\xbe\
\xe3I\xd9\x02!B\x96\xa1\xe5\xaa\x95\xb4.\xd2\x1f\xe2\
\xa9A\xfc\x15\xb4SA8\xf1\x06\x8cI\xf9\x12\x9b\xc9\
^\xfb\x05_\x8c\x7f\xf3\xd5\xa7\xe7\xe7$\xaerew\
\xd8\xae\xd1<SQ\xe1\xda\xd6\xe1\x0f\xc3\xeb\xf9\x85\x0b\
_\xc7\xa5N\xfa\xc3\x0e\xb4?\xf2\xab\xb2\xa6\xecx\x86\
\x80\x989\x0b\xeb\x138o}\xc1d\xbc\xcf\xf5\x9d\xc4\
-|\xe4\x9e\x1f\xf0\xcdU\xdcv\x0a\x96\xbc8|\xa0\
@\xb4!\xad\x191\x91\xb6\xa9\x0ceIi!rQ\
$\x17\x1e\x96\x93\xd6\x0c\xe5\xe4\xfb|6M\xe4q\xdc\
\x00k\xd61\xd3\x8d\x97\x98\x0a8I\x07\x9alP\x1a\
Y\xba{L\x82\x9c{!^\xac}\x9d_>}7\
\xde[\xf1\x93\x14>\xe5\xa2\xaf 4\xd3\x90\xce\xd3\xb7\
\xdb\xa8T%rT\x11\xe1\xb2B\xe2\x1a\xcf5!\xcd\
\xc7\x07\xb7\xe5\xfbU\xe8\x0b{\xd9%\x9cF\xa3\xd1h\
\xb6\x0f\xcf\x01>\xc0;\x1bh\xdft\xda\x846#6\
\x83\xb5\xa0\x8c\xfc+K\xa7~\xc2\xc5:_\xbc\xa5\xf5\
di\xf8 \xdc\xa6\xbf{m\x19\xc87\xcei6K\
\xc5\x0fN\x03;\xdaf/I\x7f\xe8#\x1f\xd1\x9fH\
[:O\xf6r\x1e\x88#\x83\xf4\x09-\xcd\x93\xe6\x19\
b'i\xc3 \x8e\x8e[|\x98\x92\xf0s,-\x1b\
E\xb9i{+P\xaf\xd3\x99\x22\xb5\x19\xda=\xcf\xd3\
*K\x18\x01H\x9e\xd2\xc5\x85\x87\xd3\xb8\x0d\xc1\xe6\x95\
^\x1b!\x02\x18\x1c\xd0\xa4\xc1\xc4 \x5c\x06\xb7c\x9c\
\xb8\x04\xd2\xfa\x9d\xcf\x89\x838We\xa9\x0ag\xe3\xa2\
\x0a^(\xb6]\x9c\xd7.\xe1)\x00\x1f\xe3WA\xf8\
D\xf1j}A\xba\xf1j+\x92\xf5\x92H\x5cp\xa6\
xW\xd3\x83U\xa98U\x01\x19\x92L\x06f\xb7\xc8\
*\xb4\x8d\x83\x0f\xce\x93\xc8^\xcf\x83\x1fD$\x19\xe0\
KC\xe6\xea5>\x99\x8c\xd6\xf1\x80V\x99McN\
\x01\xadS\xdcV\xd2Ba\x7f\xbc\xe0\xebqv\xa0\xa8\
\x12\x9b\xa1\x94\x1a\xc7m\xa1\xa5X\xa74\x9a\xe8b\x9d\
\x1f\xb4]'\xd24M\xb7\xe9\xef%\x804\x18\xf9\x87\
\xf3\xb4b\x81\xf3Q\x1d\xa9\xa7\xce]\x15)t\xa4\xd7\
\xf3\xf17rm\xdf^Z@\xd34\x19\x10\x9c9\xff\
\xf7\x91\xa3\x12\x12\xbb\xa4\xd5r\xb9\x88v\xdb\xc6\xd6\xc1\
\xd2\x18\x99\x8c\x0c\x80\xa6M\x01N3y\x91\xc4f\xad\
\xd2U\xee\x8d\xa7\xc4\x9c\x90\x91x\xf1|4\x1a\xe9\x8c\
3,2G5@\xa1J\x16\x1c_\xd5kpd\x9c\
\x0d\xa5?\xd7\xd1\x08U\xea0yx\x03S\x87\xa5\x14\
{\xe8\xf9\xe3\xe3:C\xac\xc8\x05Q`\x5c\x5c8M\
\x83\xb6\xe9<\xaf\x07k\x9c\xf8W\x1ey\x83\xa3\xc3\xe1\
\x09\xc5\x5c>d\xa6\xea$\xed\x14c\x18%\x8d\x12G\
\xe9\xe2\x03\x02a\x10\x08\xa0\x81X\xf8\xeaL\x15\xb4f\
+\x19\x03D\x02\xdal\xc0i\x7fS\xe1\x1c\x06F\xa7\
U\x80\x1c\xcc\x90\x16\xf3R\x22\x17\xe7\x0f\xa48\x81\x09\
\xd8\xd6084\x16\x0e)4\x00\xe1\xd5\x9b\x85\x90\xc7\
\xf3\xf9pXL\xea\xc7\xceY\x10\x81\x01\x87\x9b\xa8c\
+\xa6c\xc8H$I\x92\xc2\xb0\x06\xc3@\x18\x10\x14\
\x94\x09\x85\xe39]\xd8|\x03\x93\x01\xd2hD\x08\x93\
\x01\xc4 8\x84A\xe8\x08B!\x14\x82\xb0\x04D\x19\
B\x10'R22b\x93\x0eJ>j\xa8\x0f\x1eI\
4\x94|\x08\xc1h\xc4\x07\x12\x05\x0a\x1a\xbd\x9d\xeb\xac\
\xe1,>\xaak\xeb\x7f\xc1H&\xe4\x8bV`\xa6\xd5\
M\x89\x9e\x8b\xc7/r0Z\x05}\xdc\x0d|~\xbd\
\x10c\xdfn\xb1\xcbQ:\xc6\xa5m\xed\xf8\xa2Rj\
\x002\x0d&\xd1\xbbD\x15\xd7\xb2\xd6\xe2\x07g\xc7\x82\
^\xb7\xfa\xef5XH\xea=8g\x84\x806\x0di\
r=\x96-2\xe0\x8abA\xf7\x9ed\xc1k](\
\x1aJ`\xa5>\xd1,\xe3\xa6\xe7s\x0c\x91X\xf7=\
%\xda\x0c\xbd@\x80\xbep)8P\x00QO\xbe\xa6\
\x7f\x06\xd57\xdc\xb7y\xd1\xac\x01,\x00\xbc,\xc7\x01\
P\x9d\xcbk\xf2\xf5\xd7T{\xfeK\x8d\xb1dmq\
o\x9cjP%\x82\xac\xb4d\xef=\xb0\x1c\xe7\xe7\xdd\
\xafT\xc4\xd1\xe9\x19?\xae\x0bY\xf1,:o\xde\xb9\
\xf6\x0f\xba\x13e1NS\xe2\xd2\xe9[\xd1\xa4\xca\xb4\
\x8ab\xb0\xb3\x85<(Q\xdcW\x8b.\xe8\x8e\xdf\x8d\
\x1a\xfc\xca\xe7Il9V,f\xea\xe9\x15\x9b\xa2\xf7\
\xee\x93\xd8\xd9\xc9\x14z\xd2\xe0'%\x16\x06\xc5\xd6k\
A1\xd3\xb6\xbc\x0f\x82o||\xa4>~\xd2\xca\x84\
.u\x92\x97\xc3>'\xb3\xa2\xb8r\xb5\xbd\xb4\xab4\
\xcf\x9f\xc6&\xf0\xde\xce\x0d\xdf\x81e\xfd\xcb\xf5R\x0e\
-p{\x00\x12\xc3nCW\xb5P\x89\xc7{\xe6^\
\xdb\xa0r\x8a\xe6\xd8C\xf6\xcd\xec\xa1\xe4\x1b\xf0\xc5\xe2\
c,\x80\x9e\xee\xee\x17\xecU\xb27`^\xaf\xe4\xab\
X\x14(\x870\x03\x5cZ J\xe8S\xee8\xe2\xe8\
\xb5&\xb0\xd9\xf9\xf6\x88\xc1\x14\xab\xf3\xd8V\xc2~&\
\xd6\x80\x0f<W\x7f\x94v\xb1C\x01\xde87-\x10\
\x08\x04+&\xb9\xff\xe0\x08\xf4\x88+\x1e\x88\xda\xc4\x97\
\xb2_}\x0e\x91%\xd7\xa9\x88\xb4\xb55A\xaf\x8f\xb4\
\xbd(Ql\xda\xff\x11y\xe7\xb4\x0b*i\xab\x02\x9d\
\x99\x1c\xa4\x01\x8b\x05\xd9\xb6\x5c\xdc\x89-\x80\xa9*\x81\
0\x93\xedkZ3\xffC\x95\xf5\xffT&\xfe\x0ca\
\x192\xbf\xd1>\x1c\xaapS~F\xef\xdf\xc8\xff\xf4\
\x0b\x8e\x0e2\x97n\xffY\x8f]s?\x01.vP\
\xd0\xa6\x95\x22\xb5UIh\xa4\xc6\xe1\xaf\xe5\xac\xe6\x22\
,\x10\xac\x8b1\xc3?)\xc6\xf3C\xfc\x9a\xac\x91\x8e\
\xa5\x8dm\x88<\x13\xd67(t\xe0\x81\x96tk\x06\
\x8d\x5c0TE\xe6+$\xbcf\x84o\x8a\xa2\xbf\x83\
D,\xbd\x948+\x13\x0b\xd0\xb45\xb3\xa8\x1e}\xb3\
 \x93n7\xc1\x0eUC\x8a\xee\xb8\x22\xa8K7\x01\
%\x1a\xc7\x1b vx\xe0\x89\xea\xe7\xbc\x95\x88\xdf\xc2\
?\x9a\x8e$\xdf`^6\xf3:\x08\xab*\x17i\xac\
f!\xe4\x8c\xe98\x0c\xf3\x1b\xae\x5c\x0e9\x7f\x81\xfb\
\x9a\x83\xa3\xca\xc5\x0c\xeb\xc1\x151h\xc9\x81\xb4H\xe9\
J\xf54\x10]|\xf4\x90C\xf5VY\x8a\xc3\x8a;\
\x1d}Y\xe3\x16A\xcb\xe02\x1c\x83A\x93\xf2k\x1b\
b\x09CE\xb6\xf9z\xc6 \x91\xd0\x80{\x11\xe3\xa4\
\xc1\x14\xf2F\xb49\xa4\xb3R\x85\xf1\xbe\x97\x18TX\
bK\x09\x00\x80\xcb7\xd5}\x13\xc3\xad\x09\x1dq\xd8\
\xcc\x81r\xce\x0f\x0d\xb7\xef\xc8\x19\xfd\x86\x18;\xe5\x9f\
\x99\x10\xe3k-\xa7S\xdd\xc6\x99\x81k\x9a\x18\x0c\x09\
8\x9f\xe3#\x97\xac\xd6\xc26\x1a)\x8f\xc8_'2\
\xf99\x0eR\xe9\x02\x01\xc2\xd8\xcc\xb8<&\xef\x0a\xd3\
\xfc\x9e\x09\xd0\x8f\x18\xf2\xd7\x88\x89\xa7\x02\xc1f\xb1\xee\
\x9c\xae\xa9B\x07\x83(\x90^\xd7\xb2\xd9iw0P\
3\x1c\xb1#J\xcb\xa2\x9e\xd5g\xda\x0a\xd1&\xaa3\
\xccR\x9b2V\xb3\x05\x07~\x00\xc1#w~r\xc6\
\xba3\x02\x87\xaf3YMB\xbb\x02\x89\xb7\xdfj\xf1\
6\x1c\xec\x8c\xcf\x02\x81\x94\x97\xa8\x19,\x5cE@\xcb\
\x03-\xaa\xec\x1ew\xc3;\xb6\x978\xc4\xc1\xd7\x8e\xd3\
\xc3\x09o\xfd\xd6\x14\xa2\x9c\xfd\x1c\xc8\xf8LW\xa5Y\
e\xc8\xad3\x83S\xb0W0\x9c\x04`\xa92h\x97\
c)\x16\x980\x14\x90\xa1\x0a,\xa2\x1b\xd8M\x0a\xf2\
\x09\x0d\xe8=G\xdf\x04\x97\x01\xc6\xb6U\xebj\x8e\xab\
\xfb\xd1\x11-/U\xbf)\xe1x\x1d\xd2\xe8K\x9a\xba\
|d\xe3#\xc7/m\xaeS\xc1#\xc5\xac\xbc\x91\x10\
E\x15$\xe9\x81r}\xe30\xa0\xb7\x9a\x0f\xbdj\x92\
\x97R\xd8\xec\x94\x03K\xb7\x01\xd0\x05[\x91V\xceL\
6\xc4 r\x8c\x91h\xec\x08\xf9\xe3\x06\x08\xdc\x11M\
\xcb~\x8d~\x1cE\xa7\xa9\xb2\x85\x09B\xb6\xfa\xbb\x1e\
`\x00\x0f\xd6q\xaf\xf0>g{J\xcc\xbc5\xfdx\
\x937\x0a\xb5[\x9aR$T\x8erw\x8aD\xb2\xa8\
\xc3\xc6\xebloS\xe2\xb3\x0a\xf3-\xea\xda*\xe2n\
P\xf0W\xd8q1<&\xfemum\x9e\xd1\xe6\xe0\
&\x0f\x99_\x15\xbaT\x18\xe9\xab\xf5G\xeb\x0f6\x5c\
>O\xb6I\xdf\xae\xc37\xd20s\xb4\x1f\x8e\x5c(\
\xed\xa4\x9dW\x9b\x09>A\x82\xb7a\x18\x95\xd5e\x02\
\xcd\x1d\xea\x90t\x85D\xff\xcc5\x8f\xdeJ59\x94\
1\xbc\xfa\x1c\x98J\xb1\x93\x09r\xb0\xf3\xff\x5c\xf2\xa6\
\x86\xf5|\x83\x1et<\x1f\x1f\xb78\xf8\xa3\x01V\xc5\
\x06\x09\xb1\xba\x22*\xd2\xc61\x8eO\xd9:*\xf7\x96\
\x9d\xd8\x1d\xb4\xac\x9b&\x13]\x1d\xf0\x15\x01\xf8\xf1\xf1\
n\xa9\x0d\x04\xa9\x09\xf5\xf1\x5cN\xd6\xbb\x9en\x03\xea\
7+\x03D\x832\x22\xca\xc1-v\xd1U\xa7\x1a\x9c\
}\xe4\xa6Y5,\xa6Q\xd0\x91\x8d\xf4\x94\xa6\x1a\xa0\
\xc55\x93\xe2\xb9\x0f\xaf\x1bx`\x09\x02U]\xc6\x05\
p\xbc\xb2\xcc\xcf\xc7\xf8\x8f\xdaSU=\xb5\x17g\x8f\
\x8f-\x0e\x91\xe6\x87\xe4 \xcb|bT\x19\x07;R\
\xd20\x09\x02#\xdf)L\xaf=1\x86\xa4=\xcfE\
\x0czk*\x09|@\xe6\x5cl\x0fc\xf6\x10\x12=\
\xa4\xe7\x81\x83\xd0`\xca\x90\xa9\xc8\x10C)\x89\x0c&\
\x7f\x8c\xb2\x80\xf3+ZGP\x9b#\x890\xb3\xfb0\
\xacYK\x13\xab\xb70\x80\xf5'd7\xc8\x89\xd7\xbd\
\xcap\x84\xa2\x94\xa2\xf5\x0f\xaam\x22\xd9\x1c\xd8(\x0d\
mM\x93\x89\x9d\xa1w\xe8Z\xd6\xa8\xcc\x86_\xe5\x04\
\xf6R\xf7\x0c\xf6\x9e$\x1a\xe1\x0a\x9b\xa2\xb3\xe6\xc7h\
\x8eNd\xa0J\xb36\x89\xd8\xc5(^\x1d\xb2\x87\xdb\
>q\xd1k\xe1\xdc~\xb8:%n\x87\x0b\xee\xf2.\
\x1e\xf8\x8ce\x05n\xf92$-\xf3\xb8\x1aG\x9b\xb6\
\x03\x0f,p\xd5\x99_ \x9a7\xd44D\xe3\xee\x11\
r\xf3\xb7f\xc0Ps-\x11\xe0\x22\x87\x8bKS\x80\
\xbfF\x17\x11\x84\x16Y/\x9a\x15\x10\x02\x0b\xf2\xea\x0c\
\xb5\xe9\xe7@\x8b\x0d\x09h\x07\xd2\xc4\x1cF\x85\xef\xce\
\xe8(nH\xcf,fE\x06v\x91US\xc2\xf8\x95\
\x91\xde4\xea\x0d\x83%\x0e\x13P\x87\x17\x14\xc2\x93\xd7\
,\x1e\x87\xa4(~Px\xe4#\x1d\x09\x97D\x92\xf6\
J\xa5#V\xf3\x99MQ\x07*\xffM\x92\x22e\xc2\
F\x22Z\xfe\xc7\x04j\xa4\xbf\xf53\x0d5'\xe5+\
\xf4^\xa2\xd9\x0a\x10\xa5\xfa\x84E\xaa\xcc\x03\xe6\x04v\
\xd8\x0a\xd2\xab\x9dV\xa4\x07\xe9\xc3\xf7\xdc&%\xd8\xc6\
\x9etmY\xec\xc3%\xb5\xabQ\xc6\x07\x8c\xfa\xdb\x8b\
k\x05\xac1\xbaO\x8d\x15M\x0f)t\x13\xa0\x8c\x0d\
\x22w=\x1c\xd3\xb5Q+l1\x92\xbbn\x8e-%\
\x15\x81\xe6\x87\xd7g\xf6\xd5 \x84\xd6 \x9cp\x0bR\
\xd3ox]\xb2Wl\x9c\x9ceJ\xe2\xd35<\x89\
\xb2&\x8a\xe7\xcf\x15s[od\xbc9\xc3\xae\x960\
k\xecM\x8a53\x13\xec\xf9\xd6\xbc.\x8b\x89\x95\x83\
a\xd2\xae\x81`<t\xca\xa3\xf2\xeb\xc0\x05[\xc8\x08\
\xb9\xf7\xef\xd5\xb4\xd9p2\xc1\x9bB\x16f\xd4\xc9F\
\x85_\xb2D\x13:Nb\xd9\xc4l\x9eU^C\x9a\
\xd5\xbb\x17m\x91\x8f\x1a\xbc\x85\x0bH\xa51\x87Q\xfc\
GfK\xd6\xd0:s-\x96\x0bX\x06)4\x8c\xe3\
/\xe2)\xb0\x22s\xa8\x12$\xb5\xb6\x1fi\xab\x1e\x81\
\x12X\x8a\x18\xa7\x03\x03\xd4\x1e\xeb\x1c\x8c\xa6\xa8\xe8X\
A\x01\x18\xe3\xab\xa4*A\x8a\xd1s\xb9\x80\x85}\xc7\
\xd9sB\x02\xfa`\x88FFj;\x1dmN[p\
=\xeb\xf1\x89\x0fw\xff\xa2B\xab\x9e&\xf8\xd1\xf5\xf9\
\xa5NA\x8e\xd62\x85[\x5c\xb2\xc5\xe8g\xfcq\x80\
\xd0\xb6aU\x93y\xd2\x9d;\xd46\xd5F\xd9#5\
\xc6nhm\xe8'T\x1eX\x1a[\x0f\xcb #\xa1\
z\xef\xbd\xf4\x22\xa3Cv6\xcf\x05\xcf\xfd\x02\x86\x08\
\x0ct\x03\x8d6\xf0\x07[GE\xb0_5&\xb0 \
p\xf6\x91\xe9\xe3E>!S\xcc\x17d^\xcdBH\
|e\xb4\x82\x0f'\xa8e\xd2I]\x16NM\xaaL\
\xeb\x86\xa6\xa7\x5c\xcf\xfa(!\x0f.\xcfxf\x87\xcf\
\xd4\x05*\xd0i\xd0zv\xdf\xcd\xc8\x8f\x0c\xb4\x98\xcb\
\xe5\x9b\x03z\xbc9\xa4ow\xc8W\x01\xb4i\xa0\x82\
,N\xd0\x82\xe3\x05dh\xed\xb2\x10\x0c$\xd7\x90\x82\
\xfa|\x1ap\xb1ix3`8\xd7C\x8b\x09zY\
Y\xb5[T\xd5L\xa0p|z\xd4hj\x99\xcc\x95\
FU \xa5V\x14\x10]\xfe\xe4c\xef\xf7\xe9OZ\
\x0c{\xec\xdeR\x08:\xe8\x00R4\x15n\xd1\xfd>\
L:z\xfb\xf5Q\xbc^\xa0\xe2\x9a\x8a9\xc4\xa8x\
\xe5\x12,\xec\xe9\xed[6h-\x81\x83\xe03\x08\x85\
\x0f\xac\xcf*\x1f;\x8c\x97\x1e\xb3\xf9o\x94\x15g\x22\
\xaeDb)\x1a\xaf\xe6V]\xcb;\xa2\x1d\xa8]\xd9\
F\xc5\x0dT\xdd)GV wO\xadY\xa2\xe4\xc0\
A\x81\xa3f\xeb\xc5\xab\x08\xcc\x92\x07ZD\xb4Vc\
\xa8\xb6Gx\xcf\x96\xc0\x0f\x9ds\xef\xc2s=\x90^\
@\xc1+x$B\xb6\xb2\x05\x04\x96(\x96245\
\x08{\x15^B\x8d\x8d\xec\x0a\x14\xadl\xb4\x92\xe5\x83\
\x94'on\x98}\xe5\xfd\xc0[\xe5zi\xbcCz\
-\xf0\x16\xd7\x95C\x9a\x04m*/\xde\x0euJ\x81\
\xf6\xe6;flD\xf9\xb5\xe8\x95iCj\xbe\x95\x1e\
\xc0N\xaa\x90M-\xa1n\xf0fN\x91\xbeA\xcfC\
\xf5\xa7UPr\xd7\x15\x95\x0c\xd4\xd1Vz\x00\xc6\x17\
2~\x8d\x00%\x18LJ\x83Q\xe9Z\x88\xefq7\
\x8c\xe9V\xdf\xe95\xc9\xdd\xa8\x94W\x97\xae\x07\x16\xb1\
\xa9\xb7\xd1\x00X\xe7\xe8\xd4ua\xf7\xdfk#\xa9k\
\x13\xf9P2\x0e2j\x0c\x0b\x9e\xf8\xa1\x22\xb1%\x96\
6\xea\xe3m\xaf\xcc]{\xfd\x89\xb6x\xe2\xa9\xdd\x9d\
.^\x08\xf0\xb10\x0a<e\x8e\xf2\x15\x99Q\x06\xbb\
;\x10\xff\xb2\x99QX\x9cO\xa7I'S7\xa88\
\xc4\x03~!\x9aA*\x8fu\xe40\xaae\xce\x90\xa9\
\x8e\xb1\x9d5?>\x9e5/2!\xfd\x1a\x91I\x9b\
\xa1\x0a\xadI\xa6\x7f9;\x85\x22\x08\xea\x18\xad\x22\xbd\
)?\x81\xc8\xfbv\x8d.W\x04\x9a%\x16\x13\x90\x9d\
Ojl<\xbf\x0bP\x97\xd1\x12\xa8;\xa9\xbd\xed\xdc\
!\xe1%0\x1eZ\x9d\xac\x11rpLg\x09\xae \
,\x90\xa8\x9c\x97\xe4\xce\x10\xc3\x82\xec\xad\xe5\xcdX9\
\xfc\xffY\x0bE\x5c\xab3;\x09\x107M\x18&\x0c\
?\xcf}y\xd4\x95K\x9a\x92<^C\x045\xeb\xf4\
\x02\xa9q\xf8MY\xa8\x00\x10h\xf5\xbe\x80\x99u?\
0\xaf2y\xa2\x11\xee\x97\x88\x9a\xae\x0c^\xe05 \
\xab\xbbU\x02\x81\xa5]u\x98}\xee!6\x1c\xc6\x16\
^\x08\xed\xed\xf4\xff\x9fQ\xa4\xf1\xb44)\x1a\xf7\x99\
\xb2\xe3\xf6l\x07\xc9\x16F\x0c}:(\xe4\xf7\xdaA\
\x18 x\xb5\xad\x00@\xa4\x91\x97\x8c\xd6d\xee+U\
\x82\xb4F`\x11M\xf6\xb2\x9cot\x93\xfc\xd15!\
N\xabD\xe9P\x1d\x17?\x1dd.\xff-\xf0V\xac\
\x03VO\x03\xcd\x0al\xed\xe1\xfc\xb5=\xb4\x81_\x0f\
\x89\xba\xdf\xf6Y\xe2\xf5'D\x9d$\xc4\x808\x0a\xac\
\x0by\x90\xf2\xff\xdcj1\xda\x0e\xc19\xb2\xb9\xa3\xbd\
\xd0\x8e\x90\x8d\xf7\xfd5\x87M\xb0\x10,\x90s\xba\x99\
?\x8f\x0bd'u\x98\xa53\xc5\x87L\x82\x1c\x1fT\
\x1f!\xc4\x7fdLR\xd6\x09\xbc\xf3f\xb3\x98$\xc0\
;\x8aTr\x8c\xb0%\xe3\x85RC}\x04>|\x94\
\x97\x01 \x95\x90\x87\x1e!\xf0\xf8\xec,4\xdf\xf1S\
O\xb5\xe3\xad\xc0\x9f\xd3\xbd\xef1Ag\x04\xe1l\xc5\
\x04NJk\x0f#\x13\xd2\xac\xa9G\xd0`\xea\xf6\x9d\
\xa8\x8e\x03L\xad\xdf\x17Y|XS\x0e}\x83\xb3\x0e\
\xd8\xa2G\xda\xc4\x84U\xa9=\x98\x8fb\x80I\xd9\x92\
@\xa5\x96\xd3{\xf4\x81\xf9`O\xc1\x90\xac\x09\x9cX\
2\xa0\x88\x01f\xae\xd1X%\x80\x9c\x9b:e\x05\xd8\
X>\x8dE\xd6\x91\x9c\xd6o\xe4HD_\xb8\xf5t\
\x87%y\x0a\xdf\x09Y\xc7\x01\xbaF$\x8a\xcc\x8f?\
\x9c\x97\xc4Lj@8\xf0\xa0\x85p\xd5a\xda\x90u\
\xbfQM\xafY\x10mk8\x08Kq\x09W>\x18\
\xb8\xef\xc7\x95\xb9\x83\xe2\x96\xf6\x85(\x10\x04\x95\xd5\xb3\
E\xc5^\xae\xb2\xcf\x1f+Tl\x83O\x85\xa2\x12\x1d\
L%\x05\x12\xdb\xde\xeb%\x05\x98\xab\xd0E\x9b\xcar\
|\x8d\xc2\x1a\x1bb\x8a\x7f\x846\x85\x91\x02\xfdY\xf5\
\xca\x84\xad_\xd13\x18\xd54\xb1\x18\x89r%*\xff\
LK\xf7-Uxa\x92zo\xce\xb5y\xd8\x5c\xac\
mh\x90\x96\x10HG1\x12\xed)N9`\x1f\x0b\
\xe2-+}\xcfj\xc7\x820\x83\xc1\xccZ\xcb\xcf\xcf\
\xc2\x1c\xc0\x9a\x89\xbf\x0b:\x8f\xea\x93j\xa7\xe5x}\
\x12\xe3\xb4\x99\xc8g\xe5\x11\xef\x0a\x02\xfb\x99b\x05H\
_\x00\x8f:I=\x9bbW\xc2\xb3\x06\xb9}<{\
\x88MA\xa5\xd0M\xfa\xbde\xef\x00\xd8\xd0\x97\xa6\xe3\
t\x86\x93\xdeh\x88\x5c1\x0f\xf4]\xf5\xa1\xd1u\xe5\
\xa4\x93\xbe\xa2\x1eU\xbe,\xf4h\x14Ld\xe22\x95\
e;\xfd\x94\x9a\xaenvc\x97\xd3\x96\x11]\xf0\xf6\
J\x8b=\x9d\xea\xf1\x9c\x89\xa2\xc9q~W;\xdf\x0d\
~\x9e\xfac@\xffM\xec\x85\x80k\xda\xc3c\xfd\xc9\
}\xb3U)d\xd8\xcf\xe1\xb7!- \xb5Q*\xc6\
%\xa6\x1c\xa2\xa3\xa5\xec\x1b-E\xe9^\x80\xe5\x83\x91\
\xc2ZB\x16\xa2\xf1\xc7\xcd4l\x1f\x8c<a\xa4\x8b\
 \xcf\xe7\x0c\xcc\x1e\x81\xb7\xea\x02\x92\xcd\x0f\x98\xd6\x03\
\xe8\x86\x1e\xd25\x14\xc0\xef\xac\xa7\x02R\x7f\x0a\x0eN\
\xad\xae\x89B\xa4\xf1\xbfh\x02N\x13}\x0d(\xbb\x02\
o<g(\xd2\x9d\xb2\x0a\xd4=zug_\xfcF\
\x89\xb4i\xf9\xaaH'\xdd\xed\x9aiw\xc3\xeb\x8d\x89\
\x94\x81yx\x06T\x9e\x00\xdc$P\xfc\xdc\xfbM\xe7\
g\xb7\xc0\xae,:\xc05V\xf9\xad\xad\xc1\xcb\x875\
3\xa1\xc9]\x12\xf8\xc9\x80\xb2\xfa\xa9\xcb\xab0H\xfc\
\xaf-\xd1\x7fl\xf8\x8c/\x846OB\xa9\xa9\x02\x84\
\xe7\x93\x178 \xddGnf\x17B\xc2O\xac\x90\x9e\
\x0c^\x89\xb9\xca\xe3U\x18\xa2e\xbe\xbegJb\xdc\
\x9f\xd0\x1d\x0c\xe6{\x86\xa3\xcb\xa1\xdb\x9a\xe0$Q\x22\
\x1f\xe3u\xfch\x97\x16+E\xcd\x85\x1f\x08(_\x9c\
\x15\xca\xea\xd9`7l\x03\x00Z\x10\xe4e\xedoq\
\xc3\x87\xd4\xa9Y\xfc\x0es}\xc6K\xd4\x8fE]\x1d\
\x7f\x9e\x9fy'\xdb\xd0\x8c1\xe5*\x18$\xceI\xef\
\xd1M@mOF\xb4ne\xc4\x84\xfb{\x0bU\xb7\
\xc6\x8e\x1c\x9b\x959\xb7\xea)L\xeb\x1f\x8aa+\xf9\
\x0d3\xa1.\x89*\xdc9y+\xc2\xff2\x17_\xf2\
\x80S\xa5\xaf8\xcd\x01\x08c\x11\xeb[\xd8\xf96\x18\
f\xe4\xea\xbdD\x1aj\x84v\xa4]\xc6\xd0\xa3[1\
\x9dJ\x8d\x9dK\x06\xb5\x85\x132\xdc\x9d\x9e\xa2\xa4\xb4\
5\xbf\x7f\x86I\xcd\xab\xa1\x12\x1e\xcb\xb7zt\x107\
%P\xb0D\xa5\xf19/\xb0\x032A\x00@\xdb\xad\
\xc5\x02\xee\xefu\xe8R2L\xaa\xc5\xb2\x92r\x8c\x06\
\x02\xb5\xca\xb1S\xc6\xb5P:{\xc8N\xc5ytg\
\x9c\x1fJ}\xaa\xd3\xca[\xff\xc2]\x06\xe0.\xf2'\
\x22\x0a\xf8L\xfeEel\x12)\x05\xe6\x05\x91\xb7C\
\x90X\x96oT\xa0\xc3T\xa0\x96c`\x86R\x04\x80\
\xfc(\xf34=\x05\x90\xb1\xf8\xb3\xacRdm\xc6[\
\x193\xdd\xc0w\xe8\xd31K\xb9\xd7\xd4E\x8b\xa0Q\
\xe7g?\xeaW\xd2\xde\xb3>\xaa\xa1f\x97\xa8\xfa\x15\
q;~\xf8\xa1\x97\x8f\xd3\xfb\xa7P?\xc4\x9f\x93p\
T\xaai\xb6\x09\xdb\x1d\xa9\x1c\xa1T\xca\xa0:\x05W\
2,\x17\x8chO\xa3\x95\xb9\x9d\x95}\xf5(\x18\xfc\
'\x85\x8e\x1f\xae\xba\x1dQ\xac\xe8\xa7\xb8=\x94\x8e\x12\
\x10|@.\x9e\xfd\x00\x82\xd3Ef:y\x8a\xd6\xe1\
\x92\xe8\xedD\xd1v[\x0b\x85$\x84\xca\x8f\xf2\xe8K\
YF\x19\x02\x96,)\xe5.%\xc8\x152\x09\x9e\xde\
\xb1\xd7\xd2\xadk\xa0\xd8\xa9\x19<\xec\x9d+3\xabV\
\xf3\xfe=*\xf9C\xa7\x84\x90\x85~\xf7\x09\x009%\
W\x17\x97\x02R,\xabv9\xc8DT'\xe3\xe4P\
^\x9e!'\xcd\xf4\x1e'G\x00\xad\xa9\xdb$\xc9;\
\xb2\x10\xd6h\x00@\xeb\xd6\x098\xf5\xd7o\xf9:\x8a\
p\x8c\xbc\x07\x08\x170)}\x85\x8b\xb1`r\x17R\
\xcf\x96y_+\xac\xf0(J\x94]1\xae\xb5\xebm\
5\xda\xf0<\xb4qAHI\xed\xb7\x80\x9c\xd0}P\
+q\x82\x1e\x16CL\xd5J5\x0e\x8e\xaab\x0a\x18\
\x81Bw\xf4\xe9*\xfcK\xe6\xda\x86|\xb9\xf6\x19\x0d\
l\xbcM\xe0\x19e-P\xe8\xd3\xa7\xee\xc9\xdbC=\
y\x12),\x06)8\xe02\x8d\x15\xbf6l}k\
s\x9b\x1c$\xd2=\xd1\x91Ik\x18:\x9e8\x12\xc8\
\xcfSn\x16d\xe5T\x15\xd7h\x84\xfe\x0d{\x88\x04\
\xde\xc9\x5c\xb4O\x1e\x97uV\xf9Y\x8cu\x1d\xa4c\
\xf0\x1c\xb3vR\xb2F\x9d\x18\xa3`[\xaf\x1b\xc8\xc7\
\xd8\x9eO\xeb \xfe\xd4\xb9\x07p:K\x22-\x12\xa4\
\x1b\xff\x06\xfb\xb7\xc6\x9f\xb8H\xee\xdf\xd0-`\x92-\
\xfd#<\x1f\xbe\x8csF\x9a$|\x0f\xf8\x98C\x8f\
\x8c\x94Yiy\x00d\xcbf\x11\xce\x94\xfb#\xa4\xe2\
m\x09\xbb\xb9\x1c\xc2\xdf'D\x08\x86.\x8fBH\x89\
\x1ad\x8a}B\x85-m\xd7\xf5\x10\xecy]\x13%\
\x00\x0a\x93a\x06\x9fwS)\x82\xf9wPrY\xce\
\x193\x05\xbb\xfcR\x16a\x99Mvg\x87\xfe!\xd3\
?4\xd2d\xd9\xf4e\xc5\x15\xf7TK\xd2u\x18\x08\
\xc9r\x89P\xd4e\xd7F\xff\x17\x1e\x81\xe8\
\x00\x00\x0eM\
(\
\xb5/\xfd`sf\x1dr\x00ZN(\x10F\x10\xaf\
6\x07\x00\x00\x810\xe2\xaa*=\x950\xe0\xd8`\xe9\
.\xc4\xf5\x05\xa8C$\x99My_\x1e;\xad\x89$\
s\x8b\x9c3\xb2\xdb\xa6\x10\xaa\xc7\x1f:\xd7\x03&\xc7\
\x03]\xc9\x06\xba\xcfh\x84y\xb5\x07\xb0\xbf\xed\x11\x01\
\x00 (\x10\xea\x00\xee\x00\xf7\x00\x1e\x96z\xe2\xaf\xd3\
J\x11O\xe2\xd0\xca\xa7=\xfbU#\x80q)N\xb4\
j\xb0\xcc\xbbU\xfbz;N\x04\xfd\x9e6\xedw8\
'3\x99\xf2V\xd7\x9d\x15G0+_\xbd\xdc\x90\xb0\
q\xd6N\x8d-\x1908WI\xb2\xbd4\xe7\xcf\x8e\
e\xcajf\xb7\x8c&P\xaa\xcdb\xd1\xfa\xe0\xcf\x0b\
\xc20\xe7\x1e\x94\x0f<K\xb1\xce\xdb\x88\xb6O\xb5\x0c\
][\xea%\x8d?\xbc8l\xb9\x8c/7\xa8\xf1\xa5\
\x83\x8b\x97\x9b\x15\x8b\x91\x93i\xe8\xe4\xc7\xf5\xbcJ\xeb\
\xd1\xdc\xc22\xc6l\xd3H\xb3\x1d5\xaev\x8a\xcd\xb2\
A\xb1U/7\xaa\xdd\xda0\xdb[F\xd5>\x8d,\
\x9b\x97\x9b\x99\xed\x19\x19\x97\xfe<\xfa\x9f\xa6\xedc\x19\
:\xf7\xe9II\xfa\xde\x92\x12\xbe:S\x91R(\xf1\
\x7f\xda\xb9I\xdd\xdd/\x0e\x0e\xbe\x1e\xb9\xae\xac\xc5[\
\x92\x0er\xbdX\xdb\x0b\xd2.\x0d\x1d\x15%h\x09\xae\
\xf1\x0dA\x1aW[P\xac\x17D\xb3U1\x07:\x12\
\xbc\x9f<)U\x0aJ\x97\xd1Ff\xaf\xf6i\xacY\
\xa9 {\xedH\xf7\x9a~\xa4\xebE\x5c\xafh\xe37\
P\x93\xfa*\xd4\xde\x11\xf6\xe1\xe4Bk\x95?\xb9\xf0\
\x83\xaa\xec\xa8\xc6\x9f\xc2YJ\x82\xb1l%\xd6\x8em\
\xa0\x0f\xc7\xa7\xc3\xc0\xe7\xe7\xfc8\xd4\xe4c\x8f\xcf\xe2\
%\xf18\x97E:%\xde\xd0Z\xfc\x10\xb9\xb04B\
8\x10t<\x1cS\xfe\x07\xf3\x19\x01\xc0\x9c\xc3\xb7\xd6\
JGZ\xc6\xf7\xeb\xac\xac\xba\xfb\x92\xd1;\x90\xd9\xa6\
\xb1f;+5\xae\x5c\xb5M\xec\x13\x07+\xf1\xf9!\
%\x99\xe0\xf7\xb6\xad\xe3\x18\x18\xce\xb9\xe0\x0b\x9c\x93e\
\x91\xd4>-IP3[D\x8ae4\x8d\xaa\x96\xea\
*\x95.\xa8h\x05\x5cE\xb3 \xf5\xe7\xfa\xbeB\xf3\
\x0d\xb5I\xbf\x93\x99\x8f\xb8\xf9\x9e\x95\x1f\xe8S<\xec\
\xbd\x22\xe8|C\x97\xf14\x92\x88i\x99N\xa8ZE\
\xfb\x01\x9e\x88f\xf2\x10\xe2\x05\xa75Fl\x14)\xf6\
\xc6\xa1\xa1\xb1\xb1\xb1}B<@\x18\xcdfqL\xa5\
\xbf\x86\xe0\xed\xa6\xbd\xddg\xae\xe3\x0a<\xbf\x16-\x05\
\xb5\xc4b\xd6yPZ\x94\xcf\xf23\x9d\x1e\x14Mn\
\x18\x08r\xdf\x07\xd2\x13\xcc\x078\x07\x9b3\x83\x84$\
\xa3\x849\x01\x0eV2\x82\x22GX&!\x0b}\x95\
\xddup\xb5f\xb1\xa8\x1f'\xb0\xde\xe1&3\x0bi\
\x09\xe2;\x829\xadL#\xcc^}B6\xef\xe8\xe8\
p\x8f\x07p\x95\x9f\x96r\xaf\xa5\xf7`Hk\x87\xf4\
\x94\x82\xceT\xb5k\xf6\xe6y\xb9\xa9\xd9*vj\xe5\
\xd2\xa9\xa1\x00Z\x8fV\x8f*7PO\x88\xc3\x00\x82\
\xce\xc6\xc7\xa3m.\x80tK<\x9eqJ\xc1\xb2\xf1\
\x15;\x14\xe2\x09\xd1\x00\x11\xf9*\x92)\x13,\x10\x8d\
\xfbI\xeb{6\x5c>\x9dN\x01\xe76l\x1c>\xc0\
Y\x1d\x91\xf9\x18\xff\xa8BM\xcb\xb8b\xab<K;\
p\xf4\x15\xbcZ_\x91\x16\x06\xd7\xcaiD\x8d\xf6\x82\
V\xdb4\xc3\x09\xf6\xbe\x9d\xd9\xad\xd4\xd8\xa2\xd9\xf67\
\xfc\x9eG\xf1\x89\xbdU\xa6lN\xb5\x04\xa9\xf5\xc0/\
\x02\xc5\x07n\xaf\xe3KS\xe4\xf7\x1f\xd7\xe5\xd1\xf8h\
\xb8S\xd2\xd7;\x5c\xd3\x9e\x049\x19\xcb\xea\xc4\x02\xbb\
N\xe3\x06\xa2\x95\xaa\x850/\x0b\x03#C\xb1}R\
\x94*\xad\x96}\xd5T\xe5~\x84\xe2\xc5\x0dj\xbd\xb8\
3\xb1\x1fB\xb0\xf7s \xb7d>\xdf\xda\xa9\xf6\x8a\
-\xb3\xda),\xd3Y\xde\x13-\xcb\xf9\xbbND\xc1\
\x84WW\xa8pIB\x89IZ\x08\x96\x8b\x88\x959\
7\x02\xdb\x86\xa5`\x89\xe3\x052\xe7T\xaa\xbcB1\
\xbc\x11V\xba\xfb*\xa2\x99\xa6\x80 \xc0`v\x09\x99\
\xd6N\x8d4,F\xefVIC \xa6#{A\xaf\
\xbf~\x08\x04\xe4\x03$$d\x05D\x0b\xd3xb\xc7\
p&\xcd\x95J\xfd!\xd2\xfd2j\xec\xe0+b\xe0\
\x96t\xe7\xb4\xe2\xc5\x01\x840\xa8\xa3:6\xc9\x98C\
3\x92$\x85\x0ck\x93P0\x18\x18\x93\xc8d\x93\x0a\
I\xd8~\xc3\xb1\x01\x81\x1c\x0a\x8b\x01C0\x18\x09\x86\
P\x0c\xca0\x18\x01\xc3 XB\x08!\xca8C\x94\
H\xcdT\x07\x90\x83L\x9a;^|u\xb7\xcb\xa0\xb5\
\xa3\xc3\x0b\xfeH\xf2{\xbf\xdf]\xa8\xbb\xf6\xed\xa4q\
j\xe2\x1c\xaen\x89}\xe0$F\xaex\x9b\xe8\xae\x9d\
\xe9\x02M\x87g\xb1\xfb\xe8\x0d\x7f\xc7o\x05\xea\x91c\
\xd0\x106;\xd0\xc1\x8b\xfe'\x17\xf5\x93\xb9#^\xff\
f\x80@\x85l\xd3\x00\x03V\xb4\xb3FT\xe0LS\
}\xf1\xce\xab\xfb\x8d\xf4\x99\xdc\xb4\x09\xcbB\x90:J\
o\xfca\xe3I3s{Z\xe6~ZC\xcbY7\
t\x86J\x90^\xb4\xda\xe1\xe7\x1c\x82HHL\xca\x12\
\x8c\x16\x90\x8f\xed\x84\xe2\xa9\xdf\xcbA\xe1q\x02\xec\x1d\
M\x84T\xaa%\xab\xde\x1b\xe0\xbdD[z\xc2\x95C\
K\x87\x0a2\x821\xcan\xc1\xe1=\x02H\x90`e\
w9\x7f\xd8Zi=\xff\xba\x98\xe2/\xf1j\xb5\xb9\
9\x88\xf0`\xf0|\x02rL\x85Wpd\xb1n>\
I\xca\xbbI\xe3y)\x5cfnMB\xdb\x04\x86Y\
\xa8}\x15\xe1\x01\x12\xfatRS\x8f$\x1c\x98\x8ag\
\xe8\xe7\x83\x86\xe3E\xa3\xfcG\x08\x08\xcd\xab\x0c\xd7\x9b\
\xb4>\xef\xbb\x942\x87\x14\xe5v\x82\x88\xdev\xe0\x9d\
9D \x08\xb6\xe8\xe8\xd4\x09\xcc\x5c\x94\xb0\xd1\x85\x5c\
J\xe4-\x5c(\xa6\xd7\xc2\x10\x16\x0f\xee\x81q$\xed\
\xff:=\xeeCQ\x12\xf5\xfe\xb8\x99;B\xd3\xc3\x5c\
}h@4)\xa2 \xfc8g\xa1%\xd2\x82!\xde\
\xd8\xea\xf5d`\xfd\x8eu\xd7\xa3\xc8\xa0\xe3\x9c\xbf\xb9\
4\xaf'\xeb\xe7!3,w0\xd8\xd9\x1b0x\x96\
\xb2w\x90K;x\xf3\x9fa\xb5\x1f73\xdeg\xd2\
\xc2k\xc3\xb28\xab+\xc1^J\x0d\xfag\x90\xce\xb4\
\xba;7\x90\x08\x86m\xe1`\xde\xed\xa0R\x0c]\xc5\
\xb4SN~q#\x87\xbb\x92\x0f\xae\xa2z\x8aV\xb2\
:\xee\x82\xc0Rt\xff\x0c\xa5\x02F\x86B\x9b\x07\x5c\
\xd3\x08\xdd,\x04{$\xaf\xadn\xf1F\xc2YbF\
\x8c\x5c\xdb\xc7)\x10\x18P~,\xb5e\xde(E\x9b\
\xd3c\xbc\x900\x8dT\xac?\xf2\xa0\xb9\xd0Z\xfd\xf2\
A\x04\xed\xae\x95\xcf\xc90\xbc\xdf\x03\xad\xa5\x1e_\xf4\
A\xd7\xf90|ax\x96\x12G\xf1Z\x8a\xd1\x1ai\
\xa4\xdag\xf0B@\xdat\xd3\xa7\xd7\x81\x8f)\x14\xb9\
 \x95\x91t\x15\xce\xb3PRx\x8b-\xe6\xe2\xeb\xf7\
\x12\xff\x9b\xfd\x99\x0c\xf7\xdfyZ\x11\xf5~\xd3\x08\xda\
\xdb\xb4\xe2\x83\xfa\xee\xe7\x5cl\x07t&RUa\xca\
u\xdd\x9fa\xa3\x0f\xe6Hr\x0f\x0d\x12\x99\x99g\xf7\
O\xd1\xc8x|\xa3\xa7\x90\x163\x87\xe6Ew4\x1c\
\xce\xa1\xb5\xa6\xef\xed\x9co\xba\xd02\xe0\xe9\xc8\x09,\
\xbb\x0d\xa09\x0e\x99\xa5#\x91,\xb1\x88M\xd0\x08A\
\xa1\xec\x87a*\xf8\xfa0ql\xb88\xd0\x00\x86\xcf\
\xf0%\x9a\x10z\xda\x90\x18\xcai\x0fU\x96\xc5\x86\xe3\
^\xaa\x15\x85K\x0a\x7fH\xea\xe1z\xe8\x83\x01\x8al\
\x8dL\x04\x97\xc0\xaa\xa9hR?\x02V\xaaK'\x1b\
\x02\x9c\x7fu\xcb\xc9u\x1f\xb5\xc8\x94\xafj\x86\xf5\xe2\
\x8f|\xb2\x03\x1f\x1c\x8e5\xfa\xe2\xba\xa6\x12\x1cHw\
\xefQw[\x19\xce,\xc0\x07\x83\xb1\xb2\x99\x98\xff'\
}?\x83\xa5+\xdc#L\xcd\x17\x16[\xac\xb7\xc1L\
\xa7\xcf_T\xd8\xf0\x13\x14\xd0+v\xea]\x0f\x90\xa1\
\x1e4%\xc8\xe1\x13\xb2x\xea\xc9\xe7\xd4u\xcf\xa8\x1c\
\x99\x83\xa1[\x22B\x9e \xf4\xf17\x1b\xean\xa7\xd2\
\xc3q_8\x22\x9cLiK+\xc31\xd6\xb9k\x0e\
\xc3\xa6\xde1}\x8e\xfe\xdfH\xc2@\x02\x92;\x85\xd6\
\x02\x09\x95\x83\x1c6Z8\xe6\xb8\xe37\xdc\x8a\xac1\
\x9f\xbc6\x9d\xb5D\xdb\xfay\x1e\xa907\xb2\xd6.\
Bzv4h\x08\xabkHy\xa1:\x1akv\x0e\
P\x96\x036[R\x8aEK|\xb3\x8f\xcc\x0c\xe3\xcf\
\xe8\xf9%X\xbe\xf2\x12\xf6\xffC\x97]\xff\xa1\xb7\xde\
93t\x9e\x18{d\x1c\xf8\x14\xca{\x00\xef\x05\xca\
\x060\xd7\x9c\x00}v\x904\x909\x15\xf7<2\xc1\
\x9e\xe0\x95\xe5\xc2-\xe4eYO\xa1#>\x93';\
@\xd9p\xab<\xe2\x1b\x14\xea\xda\xadkr\x0dg\xbb\
\xdco*\xf0\xa8\xacR%\x05\xab\x82\xb7\xbf^\xd8\xa3\
?Y+U\xa5\x16\x94\xaea\xabwbS1k\xa4\
7\x5c\xa7\xe3a\xf6\xa2]\xd6iop\xfb\x99\xbb\xa3\
\x009\xc2\x14:\x9a\x8dI\x9e*\xbe\x18\xa5l,\x93\
\xcez&\xd7\xe7\x1e\xd6#\xba\xbb\x96\xb7_\x02,\x12\
\xfc\x5c\x1e\xd2\xb4-\xf8\x0eB\xf7\xf0\xb9(\xff L\
\xa60\xf3\x1c;]\x5c\x90h\xfc/\xfd?\x84\x8fU\
\x82\xda9\x1f'\xce\x0a\x02\xe3\xd7l(k\x12\xb0p\
\xd1\xde\x14\x10\xf6\xef\xb95\x08\x07\x1b'\xb3\x13\xef\xdc\
\xdb\xfe_\xed4\xadkv+\x85G\xcf:n\x12\x11\
\xb8\xa7\x22k\xe4\x18F\xa5}\xab\xb48\xc5\x97\xf5\xb7\
N\xcd\x13\xed\xd3Km\x01[\x07\x84K\x04\xd6\xa1\xdf\
\xba=%\xbf>\xb8S\xd8#\xa1\xea\xc9\x16S\x90*\
\xa0\xec#\x7f\xfc\xf3\xf9!E\xcb\xcbO\xfa\x03\x03\x02\
\x1bV\x0f\xd9\x8c\xfcv\xbf$Wf\xa3]\x04#\x84\
\x8aL\xad\xe3t\xcf\x0aEm?\xdc\xf9\xc7.}B\
k\x87#$\xcc\xc5.P\xd2\x89\x837\x8c\xbd H\
\xf4\x1d\xd8A\x10\x1fC\xab\xd5\x9b/07p\x85J\
\xca\x9b\x1d\xf2\xb1\xa4@\xa9\xa4.K\xe1\x07\xa1~d\
\xf3\xcc\x99\xfcd\xe5\x82>r\xc9)\xee\xecW\xef\x84\
\x17\xf4\xee\xe2\xd6\xeb\xe3\xd4\xd9*\x9d\x85L\xc0\xc0\xbe\
\xbd\xcd\xc7\xd7\x17~\x22S\xd58\xd6\x803s\x0a\xd7\
\x81\x16\x84\x14\x07>\x1bk\xa3\x9e(\x89x-6\xb0\
<e\xcf\x0d\xeeBR\xadf\x85\xe8\x0aBV{\xa3\
\xd3\xf0Yre\x9cC\x9b\xe2\x80\x06\x04\xc2\x0e\xc4\x8e\
\x9fV\xa4\xb4\x1c5^\x22F`\xa6\xf6\xc0o\x9e\xc4\
N\x96Ul&V*\xa4M\xa4\x15\x13:\xad\xaea\
\x13\xc8\x94\xe8X\x19\x84\x86\x18\xc1_Fjni-\
\x06v\x05\xe9f\xf0\xdf\xcdX\xaf\xeep\xbdc\xddK\
\x04\xcf\xcb\xc5\xe4\x10&;\xcc\xf2$\x5c\xba\xdbDU\
\x05\xbb\xc2\xa8\xe4\x1c\xf8\xf8\xd0,\x82\x01\xdfP\xb4 \
\xb1\xef\xff\xe3\xfa[R\xdci\xe1\x12\xfa\xdc\xf1\xfc\xa8\
\x0f\xb01\x17\xf4y\x0e\xb3%\xfc3\x95\x92\x1d!\x15\
\xa4\x89\xf2\x9a\xc47\xd8\x96q\xc1\x86't\x01\xc8\x12\
\xb7Q\xae\xd3\x1c\x92\xc1\x0a\xb7\xca\x8fI\x03/\x88\x9f\
dQ{\x1d\xd26\x80\x8f\x1b\x10\x17\xc6\xb9\xb1\x05\xc9\
\x0fh\x15<\xb7g\xa5\xfc\xdf\xa3\xc9+8-\xf3\x22\
\xd2\xb5\x90y\x00\x860Z\xf4\xa7\x87\xba\x1a\xd4`F\
\x0f\xb0\x16\xe7\xe8ex\x9a,\xb9\xb2k\x01\x80\xffm\
\xba\x80\x0e\x9d\xfa\xba\x8d9}\xeb\xdb\x00\x0eu\xa7\xe3\
IXD\x88hY\x97\x16\xc82D\xf6\xd3{\xb0q\
\xbb\xd8.\xc3s@\xb2F\xeecY\xf3\x5c\x13\xa0\xb9\
>G^\x9cB\xd2\x9f\xc7p\xd0\x03\xe1\x05\xc1O{\
\x8c\x0dB\xd1\xe7\x9d\xa8L\x86@\xde!&\xa5\x5c\xac\
\x119\x84.\xe2\x0d\x0f\x94\x8d\x04\x11\xe7p 0 \
urbgJ\xd1\xb9O\xd4\x82\x01{#\x0d\x0c\xd6\
\x91{!\xf7'\xc2\xf2\xbe!+[\x1aEBQ\xe1\
G\xe6\xdd\x1f\xec\x5c\xd7\xfcE\x05\xee\x982\xc2A#\
\x020\xdc\xc2\xf0W\xf0\xef\x12\xbe%\x97\xe2\xde\x07\x80\
ZW\x5c\xfe\x06o\x02wl\xd15u\xf6Z!^\
\xa8\x16j8\xfbr\x00ZX\xd2\x0e\x95A\x19\x19!\
\x04\xadQ\xaf\xf7\x9e\xa1\xd8\x0e\x16\xb9\xb2\x16u\x0ck\
\x92\x9f}O\x9e\x7f\xa4\x82\x0c\xa59\xc5\x8a8\x02\x90\
M\xfa\xef\xea\xeb/=\x06*\xcf!\xfe\xefb]\x85\
\xc96H\xa7\x94\x03d<9\xeb\xfc\xa2\x08\xfb\x98\xaf\
\x9d\xca\x81\x04\x1b\xca\x8f\x91d^Z\x99e\x01\x1d\x8c\
1w\xdc\xb8\xf9V@\xdd\xe0%\xfc\x02)\x07 \xd5\
\xc2IW\xc6\x86=\xf4\xcf\xe6\xc7\xa7\x03\xdd\xf4\x13\xae\
7\x03\xd2\xb23\xba\xaa\x9b\xb7\x15\x5cC\xd3\xce\xd0\xa1\
\xa3\xc2Ch\xd1\x04h\x5c\xdf \xf4\x83\xdfl\xfbb\
\x5c\x19cS\x96cd`\xecH]\x99\x1d\x8c5c\
'\x0c\x22\xf8H\x18\xa4\xc3\x90\xc10\x8f~\x86\x85\xba\
\xa2\xd4\x85U\x15\xdaO\x07\xb0&\xf0\x07\xbd|'\x9a\
j\xb1a\xb0\xf1\x10\xc1Y5D\x99\x86\x17 P\xbf\
h\x82\xb2\xbaih\x11V#@\x86\xa0\x0b\x96~5\
\x037\xe7S\xd2Z\xef\x1e\x7f.+~6\xf7`\xd7\
1\xe7\xa8\xcaYq\xb2\xf6b\x96L\xa5\x07+f\x9d\
\xae\x9d\xb6\x8c\x07\x99 \xa9\x97\xfa \xbd\xdaPA\x08\
i-^3__&z\xd6ss\xa7\x13\xeaPt\
/\xaa\x92.\x91a\xf6%\x83c\x03\x16\xc48\xed*\
`\xe9,N(\xf62\xc9\x06+N\xe31\xf9-!\
\xbe\x08-=\xc3D\x16\x97:\x8d\x05\xc1\x1b\xd4t\xb0\
\xdfj\x89\x10|\x12\xb5\xa4\xf8\xe9\x90\xe9\x1ek\x9c\xd8\
\xbb\xd6\xe4\x96\xdf\xa0\xbe\x8a\x8f\xcc|=\x04\xb4\x06\x19\
\xba\x85\xf2\xf3|\x9fz9\xd6\xcd\xb3f\x0b\xedq\xf8\
)\x0c\xef\x9b\xfc\xa2\xa0\xd3\xae0\xbe\x8aaf\xda\xa1\
\xc8p\xff\x13 \xbc\x03\x15\xfa\xc8\xb4g\xc3R\xbes\
\xa0\x8ahn\x1b\x82\x06;\xa5\xc5\x94\x19\xe8u}G\
\x9e\xe5e\x88j$\x0cf\xd8'}\xd1i\xf5\xac\xda\
Z\xa8\xf9\x93\x91h\x16\xe2\x1f*\xd7\xc2\xb8_/\xb5\
\xbf'}\xf4\xb6x\xee\xc3\x00\x98\xa5\x83\xab Ch\
\xebF\xd9\x09\x17\xd9\xccC\x8dU\xe8\xb1\x1a\x9f\xd5#\
y\x0c\xc6\xb63F\xc4]\xb1\x84\x1a!\xb6\x1f\x93\xb2\
T\x9f\x8b\x11nD\xfa\x04q\xf7o\xdf\x0eJ\x98\xad\
\xa2\xe2\x09\x8a\x1c.\xa3D\x098B\x86Y|w~\
.(\x92w-~\x88\xe2K\x92\x08VR\xa3.\xee\
@\xab\xad\x00\x91x\xa47\x19\xfegM\x03\x22'\xef\
\x10\x0f[\xd6\xc0\xe4o*96x\xeb\x0d\xf5o;\
!x\x95P\x0a\xda\x81:J\xee\xd92\x9e=\xef\x00\
\xbe\xfd\xa2m\x0a\x09MV\x10 \x99\x9a\xe71zg\
\xc5\xe9\xa6\x92h\x13w\x0cI{Z\x02^\x9b=p\
9\xec\xbc\x00\x01\x82\xd89/S99{s2\x1f\
\x8fY\xa5\xae\x5c\xee\xac\xceI\x8f\xe1\xe0s\xcc\xe9-\
\x0b;z\xe6\xac\xf3pVAf{EG\xd0\xa9#\
\x8cJ\x88\x0b\xf7\xb9`\x86\xdc)Qi\xd9\xb9|o\
b\x89\x8b\x1c\xe8\xdd\x15\xb9\xc4\xfe.:\
\x00\x00\x02\x11\
/\
*\x0aThis is a UI f\
ile (.ui.qml) th\
at is intended t\
o be edited in Q\
t Design Studio \
only.\x0aIt is supp\
osed to be stric\
tly declarative \
and only uses a \
subset of QML. I\
f you edit\x0athis \
file manually, y\
ou might introdu\
ce QML code that\
 is not supporte\
d by Qt Design S\
tudio.\x0aCheck out\
 https://doc.qt.\
io/qtcreator/cre\
ator-quick-ui-fo\
rms.html for det\
ails on .ui.qml \
files.\x0a*/\x0a\x0aimpor\
t QtQuick\x0aimport\
 QtQuick.Control\
s\x0aimport Untitle\
dProject1\x0a\x0aRecta\
ngle {\x0a    id: r\
ectangle\x0a    wid\
th: 800\x0a    heig\
ht: 600\x0a\x0a    col\
or: Constants.ba\
ckgroundColor\x0a}\x0a\
\
\x00\x00\x0d\x22\
(\
\xb5/\xfd`\x9cP\xc5h\x00zLX\x0f6\x00y\
s|\xc4\xc5\xff\xff\x7fR\xe1\x18G\x15h\xe9\xff\xd4\
c\x12\xbe5\x88H\xe5l\x91\xcbNz\xb7\x14B\x11\
W\x0a'<p\x16\x8e\x83\xa3mc`\x82\x22\xb3\xf4\
\xff\xf6\x1fJ\xe5\x00\xe6\x00\xe7\x00\xd6/\xae\xfb\xbb#\
\xec\x87\xe6<P75r\xa7\xbcIAq\xcfn\xbc\
\x9e\xaf+\xd5\x99\x91\xb5\x1a\xcb\xbd\xfc\xf4\xbe\xc5\x0a\x8c\
\xd8\xb7~898\xce\xbdj?|\x8a]\xfb~\xdd\
St\xf0\xd6\xbcu\x11N\xc9\x03\xa5S\xf2\xd0D\xd1\
<\xf1K\xf6\x19v\xbe\xb0\x05\xad\x1d\xaf{y\xba\xb8\
l\xe7\x17q\x16_\xbe\x92l]D\xd2\xc8#\xb2F\
s*\x1d\xe8\xa9FI\x95\xa2\xbf\xf5\x8f-\x0f\xc2\xf2\
\xcd\x97\xdby\xc1\xaaolJ!\xb2\xa6L\x22]\xa7\
\xa4\x91Hd\xed\xc9\x88\x9c\xf1@\xcd\xc8\x22\xf2\x87\xf4\
\x9brF\xe6\x94\xb5'\x1e\xa8#\xd2\x0b\x0a\x14v\x0c\
\xac\x1f[\xad\x16\xdc\xf3\x0e\xc2\xf7\xfd<c\x9b\xd6\x97\
\x8d1\x88L\x9c\xf9c\x223\xd4\xd3\x8a\xee\xd1\xea\xee\
\xbe\xc9x\xf8\x1bc\xdb6\xbdG,\x9b\x1a\xda\xe2\xbc\
/vu\x1b\xcbW\xc7\x8f\xfd\xe1;c1\xac\x01\x17\
\xc3\xb8\x9e\x9c\xa8\xbda^d\xcb\xef\xb2\xf3\xab;\xbf\
\x8bw\xebF\x979}g\xde\xce\xad\x5c\x08\x09\x08,\
\x08\xa7\xaf\xf5g\xb1\x9b\x9f#^\x8fx\xa3\xe5\x9e\x1e\
+\x9d\xf9`\xefQ\x02\xa7fP\x91\xc0\xc0j%\xd0\
\xf9\xb1\x1f\x0e\x01\x06\xc0\xb9\x97\xb1\xb5\xb6\xc2:\x9dq\
\xec\xbb\xd3\x82w\xee\xefA`\xaf1\x84Ao\x22}\
\xa7\xa4\x05\xa98\x10\xa7/\xd6\x97\x90\xfc\xe0j\xc5\xf2\
\x80\x00W\x9d\xf8\x83\xabR\xfa5\xbb\xd8\x9e\x1b:G\
\xa4\xcf\x8eM\xd1&\x93\x9d\xc0t\x04\x0e\xd3\x99\xccm\
\xff\xb5}\x9f\xa9\x1a\x8b\x1d\xad\xff\xa9f\xcaa\xd5\xa3\
\x0f\xde\x19s\xbdK\xc4\xc5\x9b\xc7\xd6X\xc4)sJ\
 \xa1\xa2\x9a\x1c\x9d<7\xcdo\xe9\x9d\x17\xe0\xcc\x13\
N;B*\x9a\x89m\xf0\xbe\xed\x068\xcf\x89\x9a\xb8\
\x14\x88m\xf7\x16\xeb\x8b?k#\xf6\x83\x9d\x84\x83\xab\
Rz\x82N\x1c\x9d\xa6\x17\x7f\x1f\x12\xaal;N\x98\
\xfe=\xde\xbaAk\xfe\xf4O\x5cZ\xbb\xb9\xe7\x84G\
1\xf6\x04\x7f\x0b\xf3\xef\xf9\xe2N\x89\xb4\x83\xc0\x03\xb5\
C\xe0\x17\x11\xdd\xfe\xb8\x1f^\xb0\xda\xd9\xd2\x17\xd7-\
vl\x9c\xb2\xa8\xc9i\xa4#\xfd\x90\x5cNi\xe4\x1c\
N\xc9r\x07\x07\x07?\x0a\x02#rj3r\x88\xc4\
\xe1Z\x07\x07^-$\xe4\x05\xd3\x9a-X!\x8b\xc0\
\xbd\x18n\x95\xa0\xb3 \xe0\x18v1\xe8\xe7\xfc\xb0\xcf\
b\x09\xadii\xb6\x81\xb7~S\xbc\xe1h\xb1K\xac\
\xd6u\xeb\x0c/>\xd8\xdb\x10\xef\x8d_\x9d\x88w\xc5\
Lh\x815C\x1c\x9b\x222[\xc3\xc9\x03uS:\
\x959e\xd3\xdb\xd7\xb4u\xbaL\xdf\xf8\xba\xae\x5c*\
\xe3\x9c\xbf\x13\xb1\xe8x\x83\xb7\xea\x11&\x9a\x0d\xcel\
\xf3\xf0[\xfd\xf3\x97u]|1\xbe\xdf5\xf6\xb2\xfd\
\x98\xb7\xc5\xaf\x83\x8f\xa9!\xf6a\xaa\x18\xdbLN\xa9\
Sn*\x02\xa7\xbf\xdf^L\xa3\xbf'\x15G\x5c\xab\
\x8b=\xe3\xd8Kl-\x03\x04\x84\x8d%\xdb\x18\xe6w\
\xb7\xb5\xfeP\x95\xb2q2\xda)=\x0c\x1f\x9cwN\
l=\xb1\xc8\x0b\x8e\xa9T\xa9\x90\x19\xb9D\x91\x8a\xe9\
\xd1S\xb7\xebn\x92f\xaaz\xeb\x00\xc7\x0dX;\xde\
\xd4\xfe~\xe5\xd5\xf1\xe0\xf4\xd82:\x1f\xa4\xd3\xe3\xb6\
a\x0b\x97r}\xfe\xfeb1\xc4\x9f\xf6\xd0\x8bT)\
\xaf\x05\x91\x9e\xeaT\xbe\x0d`\x91\xf7\xe8\xd7l\xe0\x9e\
\x9d.`u\x997\x7fXEZ2:\xc7\x8f=v\
P\xb8\xf7\xa2lw\xf3Wy\xa4\x08\xdd\xca=\xcc\xe5\
\x7f\x85#\xc7[;\xf3\xf4\x98a\xbd\x11v\xd6}C\
d\x1d\x8c\xac\xe5\x050\xdd\xfcB2\x86\xb5&\x12\x14\
\x18X\x09\xfb\xe2\x98\xaa\xe2\x1a<\xe5\x9b\x80s\x1e\xa7\
d4Q\xd1\xaa0\xa0\xb8/\x98v\xad\xec\xd1;\xe2\
\x0c\xb2\x02\x83\xf0\xa8\xc2\xa4\x8c!\xa2\x11\x91$I\x0a\
\xad\x01R \x0c\xc3\xe14\x8bs\xbdu=\x02\x89\x1c\
\x0aA\x14\x03\x22\x08\x8c \xa2\x082\x84\x08\x0c!\x92\
\x88\x88\x88\x04%MR\xe8~\x82V\x0d\xc4\xe8t\xea\
\x0b\xd4Q^)mv\xb5\x8cg\x12\xacI45W\
\x99\x8e^\xe6\x14\xff\xa1\xa4\x94r\xc4\x87``P\x04\
\xce\xe9A\x97\xd7\x8f\xbd!f\xd2\x035\x99\xdd\xef\xdf\
%\xe4\x8b\xeaK{\xc3\xea\x8eiz\xe6\xd6V\x149\
\xe3Sc\xda\x1b-\x9e\x80\xe7i\x06,\xb3%\x97\xa1\
'\xe3\x00\x86\xb5\x0b\x0a\x9e\xc0/\x9a\xd3\xc1\xc1\xe0|\
\xe2\x9cx\xb8\xcb\xda1DXT=\x8e<\x05\x0dG\
8\x97\xc3\xc1[8p#\x0b\x86\xbfo\xe1\xc5= \
\xd2\xc7\xf9'\x84\xefS\xed\xbb\x12\xc0+ \x80=v\
c\xe3\x13\x91\xdcxNq\x1f\xc7\xa7Rh\x99\xb4\xf2\
tT\xc1\x223\x93\xb0\xc2\xac\x15\xfe\xfaP \xbc\x90\
Wv\x15}O\x22wK\x9b\xdcR\x1c\xa3G\xe9\xb3\
/\x10\xb0/\x80\x0a\xd8\x07B\xe3\xaa\x82\xaeL\xbc\xa5\
\xfc}\xc4\xa2[\x19E\x08\x92\xc3hN1\xca\xb9\xbe\
$\x08\xf4\xd0\xbfB\xd44L\x97\x15\xda\x0f\x19\x5c1\
\x08\xfc;\x07&\xd9\xa3\x17\xbbC\xc8^7\x7fIc\
\x10@\x08\xc6H\x09\x16\x1d\xa0\xf70\x0d\xbeGh\xe8\
\xf9\xcf\x90\x81&\xdb\xe3'\xaeK\xb4o.\x9aR[\
\xf2\xf8\xbe\xc2\x9c\x14.\xd3\x1e\x1b\x1d\xf3\x8c\xbe\x8f\xe0\
\xcb\xd0\xb0\xb6B\xe3\xdbo\xd5Sc\x0a\xa5\x1a\x18\xdc\
9\xf4\x8e\x1e\x19\xb6\x03\xc5\xf1\xb0U\x9fL\xab\x09\xc7\
\x13\x14\x1ac\x15\x8a`\xb4\xc2\x968hY{\x09t\
u -dz\x81\xa2\x05\xd7\xa1\xd1\xb2\xc2A\x88\xca\
\x82\x91\x99\x90\x99\x01\xc5\x04\xc2\xb2=\xb7\xca\x90u:\
\xaf\x18w\xc4r&7Q\x89\xa2p\xad\xaa\xca\xd4h\
p\x06\xad\xa1\xd9`\x9f\x9c\xe0\xc9E/s\xde\x04\x08\
\xfc\xed\xe0p\xec\x9e\xbd\xfd+ibB\x81\xcaF4\
\x9cV\x01\xab\x1a\x1d\xf4x\x7f\xa9\x98X|h\xfc\x00\
\xe6'\xcf\xfej\x16\xa1\xa4\xc8\x05\x07\xae.\x80\x5c\xad\
\x9c\xecI\xc0S\x5c\xf6\xdc\xf5\x11G\x08N\xcfV\xc8\
g\xd6\xa2,\xde5?KhIU\x92rh\xf1\x05\
\x98\xf2Q\x90\x91?Q\xe5\xe0\x82\xbaT\xa4\xc6\x0f\x88\
\x1d\xe1\x18\xa4\xe0\xb3\x9ba\xab\xa5\x15\xefK\xad\xee5\
\x92IS\xaeH\xcb\xbe\xec\x03\xedxu\x9a\xdd\x99.\
\x10\xe4\xb4\x97\xf8\xe8r\xc7\xdb\x80.\x19\xd6y\x0a\xd3\
\xa7'\x9f\x0b\x80\x9ee,\xda\x95\xe8\xfc\x88!{\xb9\
#t\x17\xbf-\xce \x98\x8d\xf5\x1c8A\xcb\xc5\x00\
4\xb5_!=]Y2\x1d\x80\x1d\xfc\xdd\x5c\x154\
r\xedlvQP\xe2\xff{\x18\x16gp\x0dU\x0c\
|\x8b\x8bI\xd9\x82\xe6B\x15\x03Q\xc6\x8fioQ\
\x5c\xe3\xc0Wy\x9d\xe2\xb3\xc0_V\x0bj\xb2\xac\xaa\
\x04PD\xb6\xc5\xb7\xb4y\x0b6/\xb9i\xf3\x87\x18\
\xd8*\x1bd\x092\xe0\xaeN\xe7\xb4\x1c\xb8mk\xf7\
k\x00:A\xe4\xcee\xba\x5c\xa9Q0S]\xbd\xf1\
\xe4o\xe8\xa9\xad\xcbMK\x93\x15\xf3\xd4\x8f\xa0\x95,\
\xd6,\x1b<r\x0e\xca\xfd\xa1J7w\xad\xd0\xbd\xb6\
\xbb\x8a\xb1\x91\xc0/K\x0dr\xa2Q\x91\xdf@\x91\x95\
\xcf\xf1&KPbe\xbe\x97p O\x9ep\x8b\xa5\
\xb6]$)j!\x80\xc8\xd1O:R\x02W7\x1e\
TM\xe2t+I\xdc7\x03\xfd,\x7f\xd8\x13\xbb&\
'\x99e\xd2\xe9\x8c\xd9\x0b\xbb\xe2k!\xcf\xbd\x98$\
1]`\x91\xcfB$,\xde\xb3\x94\xd2v\x01\xd1n\
\x81\x16\xaa\x1d\x93\xcd\x06\x930g\x0e\x22>,-\xd4\
\xcd;\xc0D\xe8WF\x22\xe1\xe9\x7f'S,\x1e\xed\
\x9e\xca7\xc1 \xfb\xb2\x8d-D\xc1H\xad\xb561\
\xbapO\xb4d\x1b\x0d\xc8t\xdf\x95,DS^\xb0\
\x8a\x18 O\xf5\x5c\xe52db\xd7\x86\xa9F5\xaa\
C\xceO\xde>\xbb\xad~\xf5X\xfc\x11\xe9.c\xa7\
\xc0K\x84\x1a\xb6\xf3\xd9p\x15`\xbd\xae\xadO\x8fB\
0e\x89J\xb8@\xc2\xd88nb\xc2\xa5J\x9e\xd4\
_\x1d\xee\xa4\xbe\xae\xbe2\x223;\xe0\xd5d.^\
Q\xed\x15HC\xe9`q\x1f*{m\xd9\xe1\x8fE\
\xf6\xfav*\x09h\x9d\xc0\xce\xced\xc2i\x22EK\
\xcd\xf4T\xc7\xaf_\x00\xa6r\xf4B\x08\x9a\x96\xad\x0e\
\xe5\xf4]\xf1v\xd2k*\xfb1\x036y\x94\x8f\xb1\
\xf5\x7f\xa5\x1dG\xa9.\xc8\xcc\xcf\x96\x9a\x02K\x04U\
\xf5\xa3-\x97\x89\x0b\x031\xfd\x17\x1dJ]~\x02\xdf\
\xb2\x8foq\xbe\x05$\x86r\xb1\x0b\x7f\x08\xdf\xb5a\
s\xc90\x88B\xa4/\xb8\x81`\x9e\xf8\x9a\x8a\xa1w\
\xfc\x0e\xb5\xf6\xa1\x1c\xfae\xea\x80U\x0db\xaf\x92 \
:\x1e\xfa\x80&\xd6.\xa0L\x14\x1cN\x8cI\x8a\xc1\
\xf81|0\x81\xbd\xafcO\xec\x12x\xd5\xda\xd9\xc5\
O\x95\x11\xfc\xf1\xfe\xddk\xf3\x8b\x88\xe1\xc52\xb4$\
!\xde\xcc\x08\xc3\xbe>\x13V\xd5\x82\x86p\x05\x05\x9a\
\x9d.p\xe9\xaf[5m\x1e48\xfaB\xe9\xda\xad\
\xfda\xbb\x05\x04\xdf \xd5K-\xe0a\x0c\xcc\x97z\
qv2\xb9\xba\xa8\xcb\x8c\xd6\xae\xb9\xc7\x8dC\xfe:\
\xb6\xff\xe7\xfab\xb5X\xb57\xc9\x8eS<\xfd\xf6\x00\
4\x07\xa6$FH\xf41\x82\xe8\x94\x88\x92VB8\
\x01\x85Ea\xb1\x8a\xcfe\xd1M\xe6'\xfa\xabPt\
9\x16\xb7\xa3\xa9\x04*\x8f\xf4\xe4N\x1aE\xc9\x06\xb1\
\xc6\xed\xab\xcdhNV6\x98\xb6e\xe6\xd7\xeb\xc6\x96\
\x8b\xda\x0e\xba\x9e\xd4v\x87\x0d\x0a\xa8M\x93\x22@\x81\
]$\xf90\xca\x08k\xba\xaf\xed\x86\x90$\xd7\xfb\xbe\
\xd3\xeb\xe4\x94!\x9c?,c\x82\x063\xed\xcc\xca\xca\
\xac9\xbc\xcd^p\xef\x877\x8e\xeb4+\x09f\xf2\
\xe1R\xdf\x17\x99J\x5c`\x8a\x0bz\x14\xbd\xa0d\xd2\
\x17\xf6\xd4}+G[\x10W&b~\xbb\xec\xb3\x02\
C\xcbPX\xdd.\x82\xd5\x80a\x95P\xb4\xc8\x8dd\
\xf8\xab#d\xaaO?\x13\x12e\x82\xfd\x98)0\x91\
\xd1md\xc0E\xe0\xe9T\xcc\x82\xb9\xd3\x98\xab\xa7\xe5\
S\x12\xe4\xc4\xd8\xcf\x03]\xd3\x8a\x94\x9a\xb0h8\x10\
\xd2\x91xU\xbfH\x87+\x80\xeah\xc9)\xebE]\
\xb9G\xaf\x07\xbeE\xd2N3\xb9_\x1d\xf7\x00\x8f\xed\
D\x81\x5c>6\xbbic\xc2\xea\xde\x89\x04H\x13\xc9\
\x8a\xc6zs\xc2\xd0\xb2v\xd4\xae\xc8\x06\x81\xff\xaf\x22\
\xbf\xf4!\x0b\xb0\x9f^a\xe5\x09H\xaf\x9a\x02\x95\x99\
\xdb\xc1?\x1b\x9fa!\xac\xfd\xea\xf1G\x81\xd5\xed\xaa\
0\xab\xf8\xd8\x22\x9f\xb8\xb3Q\xbf\x87\xe1\xcc\xa4:\x92\
y\xf8'\x14\x0bd\xf2\xca\xa2\x10\xb8\xd2\x8f!\x08\xc8\
S\xc9\x98\xc3rX\x84\x85\xaf\xf7_\x17\xe1\x14\x1a*\
\xe2\xb00\x8bP\xef\xeb\xf1\x18\x1e92\xd3\x22\x9e\xdf\
O\x9b\x03(\x92B\xcfA\xa4\xbeSc\x9b\x9a\x00\x90\
<\x94W\xf2\xbaUco\xb0A\xf2z1.\xaa\xf6\
\x12]\x9b\xb4'\x0c\x02m<N\xd6?\x18\xfd\xbd\x02\
\xf2$\xa0\x0d\xc4\x85\xf0\xc8k\x9b\xfbq\xe3\xc1A\xb2\
\xd8\x96\xcd\x8d\x12\xf7#\xffN 6p\xf1\x06K\x03\
L\x15\x85\x1c\xf2\xde>\xe6x*\xa0\x5cB\x09\xee\xe4\
\x03H\x92\x89\xc6\xa7\xe3\xf1B\x89\x1a-,\x14\xc1\xe4\
E\x97\x97\xf5P\x03\xcc\xb0\x1f\x09\x1a\x17D\xb8\xfeB\
.|\xa6\xa47p\xb7'\x99\xca\xcf-\x07\xa6~\xb2\
_d\x98\x81\xden\xdd\xac^\x11\x0d\x86\x059$\x1d\
\xb3\xd2\x9b}\xf0r\xeb\xcd\x84\x1a(\xe6\x13\x83\xac\xad\
A.cD2\xe8X=ON\xcf\xd5%\xd1t\x07\
\xa09X\x06\xcf\x8bj8\xdbpD\xa9~\x03\xac\x1b\
\x0b\x85B\xfa@\x8e!\xd6\xb3\x05&\x12\xd4\x19\x13\xd9\
\x02\xd5\xcf\x0f\x08\x18\xb2z\xc0h\x84\x0b\xa8\x83E\x8f\
\x09Z\xae\xf0\xc2\xc8\xb4\xd8\xc0\x8aNP7\x8ebL\
\x19\xde9n\x0b\xa0[\xa2\xe2\xb9f\xfd\xa5+\x90\xa6\
\xc8x\x88\xa0\x83}\xbf\xc1\xf5\xc5,\x8cp,\xb1^\
9\xe9\xdd\xba\xc9\xcba)\xf7<\x1e\xd6Cv\xdbW\
\xd0\xb1\xe4\xe8\xa0\xc2\xa37M'a\x04e5,\xab\
/o\xc6\x0f\xa5D\xd5\xdf4\x07\x90\x0c\x89\x7f\x0f\xef\
3\xd0,\x81\xf8\xcaVo\xea\xa2?\xf0%\xbe\x95\xb0\
\x22k@\xb3\x8e\xe7\xd6\xa0\xa1\xa0\xf7$\xa4-\x0ac\
Z\x9f\xfa\x1f\xda%\xbb\xb4\xb9f\x08x%l\x8e\xb9\
2d\x1cpF\x06\x80\x9b\xe3!,\xed\x1f\x9bQ*\
\x1b\x01\x88\x067\x14\xc6\xban\xba'\xc0\xc59\xbc\x93\
7W\xf1N{\xfdD\xad\xed\xe9\xfb#\x93\x08\xf6>\
>5\x7fh:\xbcj\xbb\xcf\x18I\x0b\xce\xb5\xeas\
p\xfc\xd5\xdc\xc8[\x04\x11)%\xc7\x1f\xb3\x7f\x12\x1c\
\x91N\xcaV\x8f\x024)\xad\xf6S\xb6\xc0 N\x08\
\xc4R\x08&\xcd\x12}\x81\xed\xb88\xa8\x81R\xa9/\
v@\xaf\xa1\x08\x99\x80&\xfaE\x90ls$(\x9e\
\x84S\x89\x03\xa3Y\x1d<\xd6\xfc\x984PNd3\
\x18\x8dje\xbb\xfd\x5c\xad\xcb\xfbm[\xb6\x14\x0f\x86\
1\x0f\x15\xda\xd6+\xb9\xf3\xaa\xe8\x18\xce^\x93\x009\
\xe0\xcd^C\xcdE*\xe5\xc5r\xdcX*\xf6\x09\xe0\
\x5c\x8d@q\xc4`3\xc9\xc6?H\xaf\x8bK\x13\xaf\
\xder\xbd\xfah\xc16\x83\x0b\xa6\xb8M\xaa\xd8\xf7\xec\
*mqf\x02\x9eDh\x9f-\xd5y\xc4\x0c\xe4#\
J\xcb\x06\xdd%\x95\xed\x16&\x1b\xba\xe5\x02\xe6\x9ex\
#f\x0e(\xe5@#\xcc\xb5\xbc\xba\xb7e\x1dC\x8a\
\x80\xf4n\x0f\xdd\x01\x5c\xb9\xaa\xc3\xb4\xf6\x86#\x0c\xb2\
#\
\x00\x00\x14;\
(\
\xb5/\xfd`\xd7\x9a\x8d\xa1\x00j]\xc4\x12C\x00\xaf\
8\x07\x5c`\xaa\xff\xff\xef\xcf\x17\xbf\xcb\xee\x87vA\
\xd8\xa5u\xde!\xdc\x18\x9b\x03\xde\x22\x22Rr\xb6\xc8\
a$\xbb[\x0aY\x0d2\xb8\xa7\xb1\xa14K\xf7?\
\xcdtd\xfd\x16O\xa2&<r\x90s\xe9\x7f\xef\x0f\
!\x1a\x01\x17\x01\x1c\x01\xd7\xb3\xbcOe\xf5\x90\xce\xef\
\x01\x13{\xd23\xad\x18\x18\xd1D\x0c\x8b\x96\x17\x17.\
/.\xe4u[B}\x02\xea%K;\xd5\xd8\x12C\
iX{K\xf9\xf9 \xe3\xbe\x8e\xd2.$X\xc6\x96\
\xb1[\xa2\x88\x9af\xad\xe4{\xdc\xf5\xc7\x9d\xde\xee\xcb\
\xfa\x08\xb4.\x94\xeb\xfc\xcf\x17\x80\x8f\xa9\x9bz\x1b\xc9\
S\x8e\xf0ljm\xe9\xbaz\x9b\xf4\xbf\x97VtC\
\xae\xbb:o\xc6\x8d\xca\xf7A{A\xd5X\x02\x85j\
|\xd9\xf0\xe2\xc5\x05\xab\xc5\xc8\xc1\xe4g\xfc\xe1\x85/\
\xb1\xc0y\xa9\xa9\xd7nbV\xabF\x86%\xba\x8c0\
1+15\xb6j^\x5c\xcc\x88\xd9\xeb\xe6{\x9a\xe6\
\xd1[g\x06\xfa:\xd8\x9b\x97\xe5L\xc9\xd6\x96\xd4\xde\
\xe4\xec\xee\xded\xe8\xef\xb3\xc8f\x83shQ\xae\x80\
\x9b\xd8A2L\xed\xcd\xd5\x8a2\x0b\xdc\x0c\x1b\xe4\x06\
\x9d\xaf\x05\xbf\xb9\xe1\xb4\xc4\x13b\xaaeT\x8d\xdda\
\x5c\x89++cK\xec\x96\x18Bl\x96\xf1\xc5\xc5J\
\xe40v\xcb8#\xae\xc4\xdeT#\x09\xd1ed\x89\
X\xd3\xefB\xf6\x9d\x93\xe4\xfa3;I\xca/\xe8\x8d\
\x8d\xb4\xe4ud\xbd*\xc2}\x9e^\xca\xe6\xc3\x9b{\
\x93\xd4\x96>\x8fa\x9a\xd0?\xcd\xea!\xf5\x22\xe7\xd3\
\x9f\xdc\x17Q\xe7f\xbe\x8f\xa2uz\xabs$\xbb\x17\
\xae~s_\x9a\x08\xd4\x01\xea\x18h\xf9\x18\xff\x053\
\x0d\x87S\xfa\xd5>5\x04I\xb5.\x8d\xe3\xb39\xdb\
\x12h\xf3J\xe5!u\x10\xe8ph\x1d\xd2\xdfK\xb5\
J\xa8\x10\xbbU\x032\x01\xb8z\xbb\x96Z\x8ev\xd5\
3\xf7%\x1c\x0c\x87\x9c%=w\xad\xe9\xe5\xf4\x9e\x96\
&\x9e(\xd9\x89\x130#D\x1a\x14\x22j\xa8\xa8Z\
\x19\x99\x8eFo\x18(\x9d\xa6\x0c_\xebq\xd5gD\
\x17\x97n\xcd\xcc\x88\xed\x7fC\x8fC;\xa2\xb21\xbd\
\x02\x0e#\x88\xed\x9a\xa69WI\xcb\x07g\x8a\xc9\x85\
e\xf7\xbb\xceRM\xebt\x80\x00\xcd\x91\xd0\x05\x9a\x83\
\xe1\x92g^\xf6\x11\xd5\xeaCw\xccj\x83BI8\
e\x1a}\xca\x22x\xa6/\x1f\xd3o\x95jg\x9e\xd8\
\x82\x99\x9c\xcf\xf5Gs\x1ck\xd3\xdc\xe4w\xd5=\xd1\
\xa3\xcc\xcc\x85\xaa\xdd\x90dl\xc1\x96156+F\
,!6\x87\x94*\x7f\x17\xdey\xe7\x1c\xcc\xc4\xe6\xcc\
\xd3y\x0a\x83\x83}\xf3\xe6\x16L\x0bG\x87\xc7\xf3\xf9\
\x90.\x95\x0f\xf09\xce\xb3\xcfe\xc4\xf8\xe8k\xef\x1d\
\xb5`\xb1\xb4\xce\x07M\xfe\xc0\xc8\xe86(\x10\xd0\xd0\
*L\xd8\xc0\xfef\x1f\x8d\xc1\xc1R\xac\x879\x1bL\
\xb5\xaa\x14\xdb\xed8\x17\xcd\xb0\xdel\xbd\x22\x12\xa2\x18\
&\xc6k]}\x05_\xf8\xcd\x93\x7f(Z\x19\xe0<\
\xbby\xc0\xfbDp\xae3DZ/\xffH\x0e\xc1:\
WN\xeeKj\xbd\xe7\x9c~\xb4\x91\xe9\x82H\xfd\x99\
\xa4?I\xdcg\x03\xb5\xc4\x90P\x96\x1b\xf4\x96\xeb\x7f\
\xb5\x9b\xd49>*Jl:<\xe4\xdf\xfb&\x08,\
\x0e$\x87L\xb2\x89\xe2\xde\x83`YCp@\xfdB\
jE\x1f\xf2\x99\x9e~%'\xb1\x8c,\x8f\x8e\x7f\xd6\
\xf3\x13\x14\x9d\x9f\x9bz\x84\xc82\xaa\xc8R#\x8d\xf4\
\x90\xc1\xa8\xb7\x07Q9\xf3\xd7@7\x94\xd75\xfd\x9b\
5t\xbf\xf4\x85\x0bN(t\xb2'\xc1uz\xae\xef\
\xa5\x5c\xf2\xab\xc9\x84\xde\xf0\xe7U*\x03-\xd86K\
\x14\xec`\x05\xab\xab3\xe7\xf9}gp]zjq\
eY\x89\xf9\x1b\x15\x0c\xbb\x9f]\x01\xa5\xce\x99`\x01\
\xd1\xa9\x94j\xc5\xa1%\xa7\xd3Q\xfc\xca\xb84\xdc\xd2\
\xceO\xab\xad\x16\xfc\xac(c&\xb2\x86\xb4y\xa9\xa3\
x6.\xaa\x15\xa2\xca\xe6\xc3\xb1\xb986\xf7\xbf\xd9\
\xc98+\xa9\x16\x0eX`\xdf\xcf&o\xdbu\x06\x8a\
\xd2\xd0\xd4\xde\x1f\x8d\xe2\x18\xcb\xd8\xedI\xe7_g`\
\xfc\x1c\x17bL\xbe\x94\xa1\x1an\xb8\xaf\xd5\x8aP\xb4\
\xa4\xf4K\xbbZ\x83\x86\xee\x5c\xe4q\x06\xf6\xd9%\x18\
f`wG\xeb\x17\xb1\x83\xa5F\x1a\x91\xb5\xb9.9\
\xa9?\xc03#\xa9\x16\xa5\x9dP\x0d\x22\x90i'\xd4\
)s\xce\xa47\x95\xe6\xc94\x8f\x00\xfb\xd9kBe\
\x8b\xda\xd0\xe8\xed\x84\xe2\xe8\x8d\x89-\xc9I\xc3M\xfd\
\xefS\x10\x9c\xb7\xc5j RH$\xf2\x8c<<<\
\x1d\x9bK&\x06\xc3\x03\xca\xf3+\x858\xc5J\xf7L\
@\x9bC>+QE\x0b\xadc\xd4!0\x12\x8d>\
#\x11\xe9M\xa9QFT\x81ypmvn\xca:\
\xbb:\xa5t\x92.\xc3.y\x80\xc4A\xf2\x8c\xde\xe3\
2;\xa5\x97<\xf5/\xc5v \x82\x19\x12]\x86Y\
\xa83K6C\xc8DD$I\x924\x07\x83@ \
\x10\x12\x92\x89\xc4\x93\xf1\xa8\xb0\xc7\x0fc!\xc3\x98\x1c\
\x08\x0b\xc4`!T\x84D \x06A\x11\x04b\x10\x04\
\x81\x11B\x04F\xa0\x09D\x92\x98&n\x1d\xb1\xf7\x8f\
p\x5c\xa8\x86KU>S\xbc2\xc4\xb0\xae\xac\x14X\
\xed>E\xda\xccn-\xe8\xc4\x80\xbe\x18\xd3^\x04\xdd\
{O&z\x9a\x81\x9d\x06\xa7\xf0\xce\xf0\xf1\x98%b\
QN\xd0o\x98C\x08\x12\x09\x99@A\x12\xd9}D\
eX\xc3\xeby\x89!\x18\xcbpm\xd0I\xfc\x01U\
\xd2p\xb4\xcb\x19j\x8e\x1eu\x1e\xd7\x8a~8\x18a\
\xe8\x5c\x82\xea\xd0X\xde$\xf4\xa6\x84\x0dh0\xa2l\
(`\xfc\xfb*3\xd0\x8f\x094\xde\xe7\xfb(\x06\xa3\
]\x8c|\xd3;7b\xfe'\xc2y{\x0e\x87\x82\xd2\
Ik\x9e\x85\xd5\xd9\xba\x1e6>\xd8Uf\xe8t\xc2\
\xb5 \xca\xe4/\xba\x17F,\x84\x98lt\xd1\x0a$\
x\x17\xb0\xca\xf2\x8b0\xcb\x94\xcb\x94\x0f\xe6\xf9\xd1\x06\
\xbf\xebBs\x08X\xd8\x90\xc7\xa1\x7f\xbfC\x8b0\x07\
\xdax*\xb07X\xe4\xfb/5=\xf03>\xa2\x98\
\x1f\xd0\x80_\xcc\x81\xac\xe7\x07\x11\xe7\x11P}L\xd9\
-\x05:W\x09\x1d\xe8\xd3\x1c9O\xd4\x10r\x803\
\x0c\x9f9\xf9n\x1a\xdb\xe5\xd0\xf2\x80\xca\x09a\x8c\xe6\
\xc1B\xd9\xb8\x22&\xe6e@Q+N\xb1\x99\x0b\xc0\
j\xf4p\xe6\xe8y\x93\x11\xea\xadh\xd4r\xdf\xae\xf2\
|U\x8f\xc2\x16U\x87Wp\xd1\x14C\x0e\x9cg\x9b\
\xce\xefQP\xd3DT\x03\x9d=\xed-\x1b\x0c\x07\x1b\
\xee+\xf1\x882\xda6X0z\x8b\xb5Hm\xb3\xe0\
\xa2Hp\xe2i|G[\x08\xe9\x1b\xf1\xe5{\xe4\xd9\
\xb9\xf67j\x02\xe0\xfc\xfb\xff@P\x98\xc6O\xc2\xb6\
\xa0;\x90\xae+\x0b}\x11\xa1\xb6\xb8\x85K6\x9cd\
?\xb0\x05\xd1\x10\x9en9\x0f\xab\x13fg\xee.\x1d\
\xc1!\xe1J,\xd0\x9b\xa1\xdct\xb2\x8d\xc3\xfdS`\
X,\x7f:\xf0z_[H\xcd\x17|\x8d\x8a\x19&\
\x12\x81\xe9\x8e0\x8c\x15\xcb\x8c\xa0-\xb6?\xdf\xba\x04\
y\x8a\x97U1\xf5\xe8\xa9\x11g\xa3e\x83\x0a\xaa\x1d\
\xd0eh\xdd\x08\x03\xbe\x0aQ\xfe\x13`\x1cW\x9bS\
\x80\xd7\x11\xd1\xe6\xfd\xbe\xa6\x96\xebi\xdf \x0c\xb6\x84\
(39\x83\x7f\xb8\xfa\x8f1\xcd\x16\x0c\x1a\xb5\x1e\xc2\
\x06\x83'_m\xa7\xca\xa3\xdc\xb5.\xec\xf6\x81P<\
\xfa!\x8c\x9d\xb5&\xff\x8e\xa88\xf1\xb0q2o\x8a\
\x00\x04\x973\xe3\xb4S\xe3\xe4\x14n\x9cPr\x9c~\
\xbf'\x89\xd9\x93S\x9f\xa9\x9f\x0d\x99\x05\xdb~\x9f`\
*\xd7u\x89\xfe9\x8b\xc4K\x02\xf8\xd3l\x0c\xd1\x98\
\xb1\xe5\xde9\x81;\x0e\x81\xb3\xa0\xd1\xfcJ\xbe\xbb%\
D:\xf7z\x02T`\xa05i\xd0/#\xbf\xe5\xfe\
\xc9L\xc8\xebq\xec\x02\xc6wu\xdfR\xc8\xb51\x1a\
\x0e:\x97\xda\x10\x15\xba\xc7Q\xb2\x9a\xb4_\xd0J\x12\
\x9bUdo\x95\x85\xb8\xf7\x81\x88\xf8\xdbj=\xa3\xee\
C8\xc5{\x82j\xd5\x04\xcaSDv\xc6\xc1\xfd\x93\
\xe80\xe6Q\x07\x0a\xfa\xa8\x91\x9e?9Gc\x81\xd1\
\xednU\x85\xfb\x18\x22\xd9\xbd.\xcb\xf2\x91\xec<h\
\xd1<u\x96\xacB\xfd*\xc8\xbc\x9a'\xdf\x8e\x94\xea\
\xb7[c\xdc\xa8\xe2\x84x\xf9V#Qd\x87\x855\
\xa1\xb7\xd4%\xd4\xf7\x96\x0fW,\xd9\x95\x84\x8c\xff:\
\x91,\x95\x99\x8ch<6i\x00Q\x9er\x19\x0e\xd5\
\xa9\xdaX\x0c\xabh\xed0\x01\x5c\xee\x8f'n\x80\xa9\
O<\xc5\xaa\x8d{#\xe3\xfa\xf5)\x909*{>\
\xce<\xd3T$2\x1a\x99\xb4\x92\xa5|\x22\x15N1\
\x05\xc9\xb9A\xf3]\x1e\x92\xaa\xe1\xc3\x01\xdc\xac/\xb4\
\xa6\x0a\x1a\x1ba\x89\xee\xad\xfcXA\xd9\xe7\xcds\xf6\
\xce\x8d\x07\xe6\x1e\xe6bn\x19\x15Ra\x5c\xc4\xf2\xc4\
\xc3\x03\x91\x91\x96\xc7m8\x03\x15c\xa6\xf9uo\xef\
\x08\xff\xc0\xf4\x81-<\x1d(\xf2\xf1\x10-\xd5\x04z\
\x969w\x00\xe1\x09\x91\xe1@y\x96\x04\x0b\xe5\xf2\x17\
`\xee)X#s\x04mM\xc3\x16B\xbd\xb6\xbe7\
\xc6|\xa1\xfa*$#\x03\xa0\xb1\xaa\xfb\xa1f\x08\xbc\
\xce1\xc0\xa6\xff\x8a\xf8\x92\x8c\x93\x15\x89)\xa1\x99\xdb\
8\x10\xc6\x94\xa6\xccxC\xb4\xd4\xf7=p%\x05\xf6\
X\x1fr\x86K\xcc\x82e\x02\xb2#\x14\xbe\xec(\xbc\
\xe1[<1n9W\x0a}\xd4?\x04\xee\x16\x98w\
F\xe6\x0a\x88\x93\xf7=\x89\x98\x86\x1d\xe1\x83\x91\xe7\xcc\
x \xee\x1f?\xf9\x22y\xbf\xab\xf1zCD\x99B\
\xf3G\xf6\xba>nP\x91G\x0f2~Pw\xbe\xee\
\xcf\xcb\xa8?Z\xfc\x7f\xb5\xffZ\xbf\x95Q\xff\x8b3\
O\x08\xf9]\x12d\x13\x11^\xaa\xc6'*\xf06\x8a\
\xe1\xe6\x0e\xa9\xdcH\x87}\xba\xfa\x0fI\xaeE9\x19\
\xe2\xc2\x85V\xe5\x15\xfb\x92\x05U\xa8\x8b\xe5\xa4(t\
\xe4r\xd2\xbf\x9d\xba\xd7W\xc5\x1a\x86\x8d\x8b(\xd4y\
\x93s\xc9\xc9\xb0\x10D\x0aQ\x0f\xcaOVCZ\xe2\
\x8c\xaa\x88\x0d\x18\xf5\xb2\xae\xc1\xfdnh\x1f\xca@\x81\
#\xaf\xef\xcd\x8c.(:\xbbFWU\xa8\x06\xc1a\
\xbeN\x1f'\xca\x5c*\x18\x06\xb4U\xca!\xa1\x98\x18\
\xcb\x0c\x01\xd6\x85]Q\xb1Y\x9b\x03#\x0f^\xa3\xec\
\x98\x92YT\xbc\x8d\xd6\xb0\xe6\xa2\x16*=\x1dUn\
\xf3\x97f\xd5}o\x85V\xc9\xd4,\x5c\xe8bqI\
.\xf2S\x22B\x04\xa7%9\x05\xc5\xbe6]\xfb*\
\x0b\x07\x1c)\x0a\x903{\x95\xf2.\x8a\xdd\xf5`o\
_\xa5)\xb1\x11\xcc.\x85Q o\x98/\x9b\xda)\
\xbd\xf8\xdbu\x13\x1b\xad\xdb!\xfb\xc0\xe9\x80\xda)D\
-\xa6+5\xec\x8c\xb2p\xeb\x8d\x7f\xf3\x9d\x81\xb4h\
\xc0\xb8\x19E\xea\x99\xd1\x946\x8cZ\xa4\x03\x8fI\x9a\
{\xa3\xedp\x00R\xb5|\x10\xec_\xea\xfcF\x86\x07\
55K\xc6\x89\xcb\x03\xda\xed\x8e\xccN\xa5\x02/*\
>\xc9\xab\x8d\x1ae\xd8\xe5\xa9}\x1c\xbcb\xeb\xec\x8f\
\xf8\x9e\xf0\xfe\xdf\x09A\xabS\xe1\xf0\xee\xe4\xad\xe9\x99\
\xa5p\xde\xc4T\x86\x0cb9\x83\xa2\xb8\xc26e-\
\xcc\xf1g\x994\xbah\xff\xa11^\x88;/g\xf0\
\xf0)\xc0\x99q\x9c\xb3.P\x86j\x1d\x88G1$\
\xa3\x15T\xd3\xbb\x8c\x1axB\xb3L\x86\xd0>\xb4\xa8\
K\xcf5\x0a\x9fY1\xe82\xc7\xb0\xa8_7Y\x12\
\xb6\x92\xa7z\xf9O\x8e\xdc\xbf\xa8\xcb\x1cK\xd6\xe7s\
\x15\x1b0\xde\xb7\x83\xce\xcbI2\x8a\x12\x83\xd0{`\
\x19\x85f\xf2\x02x-O\x0c\x9a3\xbc\xe4\x99\x1a#\
\xa6e\x8b\x19\xaeo\x9bk\xba\xac\xcf}\x8e|\xf3\xe9\
\x1d\xc8B\x17a\x81<\x10\x8d\x06\xe5d\xba\xf1\xb8\xd6\
\x8dk/\x1b\xa1\x15|\xb5\x1c-#h\x1bp\xffB\
\x94K\xf6\xe97lqO\xa5~\xe7\xaa\xaf\x5cS\x0d\
J\x06IM\x09\xb8#E\xb9\x88`\x0e\x96\xc6_\x96\
j\xa7\xec\xaaqL\x12\xcd\xe3\x07\x90\xb1\x95\x83v\xd9\
\xeez.\x0an\xe8\x83\x1f\xc5g{\x18\x10\x09\xb5\x03\
D\xb8\x02\x0ck\x00\x88w\x0b\xd7\xdf\xfd\xbf\x87\xe4\xb1\
\xde-\xa9\x8b\x9fn\x9e\xed3\x11{*{\xe3s\x1b\
\x15\xc2\xde\xf0\xc6\x14\xc2\x12>\x9a5H\x18\xd2\x11\xb3\
N\xecs4\xe60\xbb$aK\xae+\xb0B\x18\x5c\
\x93\x5c\x91\xbb\x91\x1b}\xdd\xc0\x11'\xddc\x10Mq\
c\x0co1v\x1ff\xe5\xa5\xef\xb0I\xa1pLw\
o\x1ebrs\xab~Nev\xb1\x8e\xbbl1%\
\x83\xd9\xf3\xd2\x0e\xedMwV{\xb8\x96rAtL\
f\xf8.\xc4\xdf\xe1\xa5o\x8a\x83\xc0\xad\x18\xe2\xf5\xbd\
-\xd7P\xa8\x08\xf8\xd3.\x04\x95\xc7\x93\xd9\xd6\xfb\xfc\
x\x5c\xcfA\xde\xb7\x19b\xdc\xf3G\x95p/\xb7\x9f\
\xdb\x85\xb4\xf8\xa9F\x1a(\x8b\x94#\x87\xae\xe8;:\
\xb9\xb4\x19D\x1f\xf6\xe5]\xf6r\xda\xb1\xda\xde\xd6K\
\xff\xf1L\xaf%o\xd1\xf4\xaf.J\x84\xc6\xf1\xcf\x16\
\xf7\xae\xfa3\xda\xd8{H$hC\xcc\x07\x89\x96\xf1\
\x8ft\xed\x85)\xf1\x1aY+,\xd4SE\x16\x22\x0e\
\x03+\xef\x9447\x88\xb6\xeb\xd0\xbb1\xf5\x85\xeb\xed\
\x0d\xe8\xe1\xac\xdc\xd9\xcf\xc1\xd5\xafc\xd2n\xa5N\xe4\
Iw\x8e}\xf7\xee8q\x8c\x0a\x08?\xeb8\xc8\xd7\
\x14\xa6C\x93r-\x1bp\x91\xbb\x98\x8ar-\x07\xd1\
\xfc_\x05\xad-\x811\xb8\xe1 \x06y(x\x17e\
^\x0d\xb0t}su\xa8$\x8c:`o\xfcU\x8b\
\x8c\xe6\x22 \x06\xfe\x1c^u\x94\x06\xfc\xa7^bj\
\x87_E\x91\xe1\x02\x93\xf6m\xeb\x1f\xe0\x0b\xc9x\xf4\
^_\x0a\x98\x05\x8bj\xe1X\x9a4\xe5+\x07o/\
\x17\x06\xf0\x09\x7f\x91\x94Wv\xfc\xdd\x97S\xe7p}\
\xbf\x82\xc0\x88\xc5\xb8\xc5*\xbb\xd2\xa1\xe3N\xd9+\xf9\
\xc3s\x83\xad\x5c\x1c\x09\xa5\xc7\x90\x8d\x8d\xfb\x85\x1d\x8a\
\x94\xd4\xfa\x8fI\x96>LX\x10]\xa6\x99\x81\x962\
\x00*\x04\x9a\x09\xed\xf5E\xbb\xfeU\xc5\xb4\x9c\xa0\xf5\
\xa9\xb9~\x943\xef\x0ds\xd5\xaf\xa3 B\x92\xaf.\
\xee\xba\x04Y\xcdw\xc6\x8f\x17\x85\xfbO\xd4d\xaa\xc6\
\x066E\xe3\xe8\x93\x0d\x86\xf3\x14i@\xd7\x0fM\x98\
\xd2\xcac\xe9594\x95\xeb'\xbb\xc6@\x0e\x87\x96\
$5\x9c\x8bZ\xb7R<(\xdb\xc6{B\xc5\x86$\
\xc6*\xd6(\x0fQG\x181\xabg@\xc4b\xe8}\
\xad\xa7A\xd0\xf4\x86l$};Lp6\x05\xa4\xb1\
J\xe0x]\xab`\x16\x06\x08h|\xb6\xed\xa3\xe6o\
j\xa1\xea\xaau\xcd7~\xae.0\x9a5\xeb\xba<\
\x12\x10\x1emw\x0b\x1cbxzi\xe0\xe68\xa4\xbf\
\xf8\xc7\x16\x1cB`\xd6\xd5<\xfc\x0fF\x0c\x09\x22c\
\xff\xb37\xe5\xb08&sA63\xf7\x8fsZ\xfc\
jL\x1f\x0f\xffC([\x82\xe5\xc2\xd7!\x8f#\xe0\
\xfa\xdb\xf1\x5c\x12h\xc1g/7-\xb4\xba\x98|$\
\xbe\xbc\xfeOQ,\xa2\x93\x5c\xad\xca\x8fq\x1e\xb3\x9c\
\xa8!i\xe4j\xd5\x0b\xe18\x16\x978\xcaZ4\x92\
\xe7\xbc\xf8\xc9LkB2Q\x8aG\xa826\xce\x05\
G\xf1\xea\xd5\x1f8@\xca}\xc7.y.[\xf0\x1a\
\xf7\xec\xccS\xebDz\xf1\x81A~\xff\xf9\x12(?\
\x0eYO\x0b\xa9\xa9?\xe6\xae\x0aSxc\x95\x8a\xb8\
\xad\xe8\xca\x98\xd0 \x18x.\xdd3d\xd0\xf3\xff\xb0\
\x7f\x8f\xd8\x7f_K\xe7\x99\xba\x99\xa8%;\xbfe\x06\
l\x1d\xe7\xa9\xee\x0a\xe4\xc7Pq\xbb}\xa7\xdf\xe3W\
C\x19q\x1b60V\xb5\x91\xd7\xa8\x05'O3\xd7\
\xec\x22\x7f\xbeU\x82\xac\xd89\xdd\x81\x02\xe8\xdf\x08|\
\x91\x00\xbf\xb2\x99\xebl\xaf\xc5\x89=\xb7A\x19\x0e\xc0\
9\xdc\xafA\xa1\xad\x0a&?\x93\xe0\x13n\xd4\x9a\x80\
N\x1b\x80\xf2\x00\x0fq\xf6ayC\xfc\x83'\xf7K\
\xe2\xca\xed!i\xde\xcfa\xa3*\xe6(\xa9\xde\xa0\x98\
.N\x12\xb5\xf2$\x97\xc3\x0cT\xcd\x10\xc4P\x12n\
\xcdG\xcc&\x17Z\x15\x96S!\x9b*\xc9S\xc7q\
\x80\xf8\x06|\xf0\x0b\x0a\x0e>\xd7\xf9\x90\xc5\xf3\x86\x04\
=\xbb6t[L\x80\xbf\xaen\xbc\xce\x99\xe8\xdc8\
3x\x937\xa7\xa2\xd6\xfa\xf0\xafix\x7f\x82\xb2z\
d\xcc\x170\xf1.\x91a\x01C\xd4\xb0T\x04\x97\x1c\
DF\x18\x8c\xbe\xca\x10%\xe0\x8f\xedaH\xb7\xc5\xab\
\x0d\xb4\x0e\x959\xae\x06\xd9$\xfc5\x0c\xe1$`j\
\xef\x96\xe2\xd5\xe0;\x1e\xc5\xbd\xf1\xf6\x09\x89.:\xcd\
5\xab\xb6Ou%<?\xae\x82@:\xe5\xb9\xc4@\
\xb1\xeb\x89\x16%\xba\x93\x97`\x08\x978\x04C\x1b\x0e\
o\x9b\xac\x968\x8dj\x0d\xc6h\xec\x0f\xafd\xf0\x1c\
\xaa\x89\x9d.9\xcfy1\x90\x14\xee\xd6b@\xccx\
\xdd\x7fEJ)\x9e\x8b1P\x8a\x03\x8e1*\x09\xc6\
j\xd4P\xa0T>\xf2\x9c4\x1d\xe0\xd8\x8cb[\xe3\
%\x11\x93\xf81\xc6\xc0\x1cH|JT\xcc5)\xec\
\xb1g\xc6k47\xf1\xa7\xbaj\xb2ct\xb1\x81\x18\
\xe1(p\xeb9\xb1\x1f[\x90+897\x9db\x95\
\x17\xd2G\x98\xb4\x8c\x02\xa2\x19|\x84\x1a\xaaZ\xdah\
[\x9bbD\xb6c\x7fZ\x80\x91\xa0\xb5\x07\xca\xd5.\
\x03\xe8X\x8f\xa5a\xc5\xf2a\xfaf\xca\xbd\x9ct\xab\
\x90\x182\x01'\xd3_\xc7X\x91\xe6\xaf\xab\xa5\xdc\x8f\
\xeb\xf1R\x15\x08\xbb\x85/9\xec\xbapY\x13h%\
$\x9cBuH\xf2\xf8\x15\x8eW^\xd6\xa1\xa4\x82\x86\
\x11\x10X\xc0=r\xb2<\x99\x93\x17@Q~v\xb3\
\xe7\xc1\x93\x89J\x91v2!\x7f\xfad\xbaR\xd9\x8d\
\xf0S|\xcc\x98\xc5\xc0\xed7_\xc4\x12\xf0\x17\xa5\x98\
\x0aT{\x17K\xd0\x85\x1e\xe2g\xc3\xc2\xa3i\xc6\xa1\
\x00\xee\x15\xeduX\xabU2\x12\x8c\x84)\xe9\xc5_\
\x5cv|\x22\xc2/\xd8$S\xb4\xf9q\xba@\x8b\x9e\
\xd9B,O\xe1J\xce\xd8^\x82\xd1w\xa7\x0b5\xe1\
B\xcf\xa7[\xc9]D>_\x07\xa5\x03\xb2u\x1f{\
H\x1c\xc2H\xf6\x97\x7fQ\xaa\xf7\x9d*p\xe1\xe64\
i\xac\xa1\x94\xcc\x09\x03\xf4\xca\x14\x06\xbe\xac\x8bx\x0a\
\x89\xdf\xd5p#\xd8\xfb\xc5k\x8cJ\xbb}\xdd\xb8\x5c\
\x00\xff\x0c\x0b\xc8\x7f\x0f\xf7\x98\x9a\xc9\x98\xab\xdf\xc1\x96\
\x1f7\x85\xd2\x01+jE\xe4\x81\xe4\x08\xdb\x1e\xed\xf4\
N\xee\xfa\xb72.\x16\x0d\xf6z\xa8\xebaV\xf7\xb5\
\xe8\xe6\xb8~Z\x16C\x07\x9f1\x06%*\x0cG\xde\
\xad\x88\x0fER\x18y\xfd\xe7\xc2@\xc3\xd5Y\x0b\xb0\
\x80YCX\x86\xb8-^\xb7;\xc1mW\x8d\x19\xba\
\xd6\xb3\xa8\xde\xc5$\x8d\xe5\x84\xe0\xf1\x7f\xa4]A\xac\
\xd5\xe4&|\xf1\x8fty!\x08\xff\x01\xed\xb7a1\
\xc9.~\xd59\x89\x0e\x0c\x81\x88\xe8\x15\xd9\x84\x96.\
/\xe9\xc2\x00\xc3\xed\x0etX\xb5\x16\xc52\xe1\x9cQ\
\x89\xe1\x86\x10F\x82\x04\x9e`\xaa\x5c\xc6\x13\xea\xa0f\
*aA\xab=\x8c\xe0N\xb6\xdf3\x10\xa9\x81\xaf\xdc\
\x08\x9a\x22b\xc2\xec\x90\xcc~!MZo\xe0\x08G\
\xc9\x12\xefF\x8a\x97\xc9\x17 \xc1$\x90D\xec\x18\xf2\
z\x8c\xcc\xbe\xbc\xe2\x08\xb5\xa6\xffG+\x98\xaf\x87\x9a\
\xbb{\x94\x95\xe5\x1b\xd4K\x84\xc0/`\xe8\x96\xc7\x15\
$(\x13\x03\x15x[\xf2^\xc9\x00\x80\xb8j\xc7\xef\
\xf0\xc9\xc3\xdeYsS0\x97\xdd\x0e\xef\xac\x80\x13I\
\xd2\x1b\x81i*\x02v5(\xea\x88\xe0\x22\xf4\xe4\x04\
nBE(`\x9f\x80\x08\xbe\x12\xc6\x99\xb7\xc1\xe0\xa8\
\xc4\xe8`\xe1!\x8e\xc9\x97A\x0eG\xdf\xae\xa4B\xb5\
#%\xc3p\x85\x84\x91\xa1\x0d\x89\xbb\x83\xe7\x03\xdc1\
\x01=*\xb0\x06\xb2\xe5\xb0\xd8\xbb9\xd4\x1aO%\x97\
\xd4L\x04\xd8\x1ac\xbe-\xdf)\xb3\x04\xe5\xa3j(\
\x8c\xa5\xa2\xaf\xf2\x8b\xbd\x15\xdc\xefUh4\x1b3\xe1\
\x9d\x85F\xd9\xce\x97'%\xa5_\xef6\xdc\x0b\x06\x5c\
8!?\x10x\x9b\xdb\xf3\x053\xef8\x87\xf8\x87o\
N70X\x86E\x9djO\x0cQKC\xdeR\xf7\
\xbf(u;k`\x06\x16[\x87\x02H\x8d\x0b\x83S\
\xcf\xf1%\xbe\xf1\x81\xdeM\x8d|\xa6G#^TW\
\xe4*\xac [\x06\xa2Hb\x96G\xc7\xa9\x9a%\x93\
,;3\x83w\xb2ra\x1f1^\xd7`f\x83G\
o\xe4+\xde\x1b\x80Y\xfa\xab\xc6A0\x06\x19(t\
\x8ae\xb0e\xa8\x0f\xd6(\x17\x02\xbd~\xfc\x84\xc5\xb3\
\xe1\x5c_L\x00\x8bTz\x93\xe3(\x9e\xcd@\xcdm\
p\x08E 7Z\xe9\xecwZ6{\xc4A\x00\xa8\
Y\xc9\xfcI\xee\x98\xbaB\x9c]\xf2\x95\xab\xcd\xb9N\
1\x17w:d\xed\x0fWr^`-M`\xf2U\
\x0bi\x81\xc6/\x22\xaf\x0f\x01(\x09\xff\xb9\x14{^\
\xf0[9s\x08LTf\x83\xa7M\xaa\x1cEk\xcd\
\xdd\xe5Ms\xd3\x9co\xd9\xa0\x80y\xce)\xf8\x84_\
*8\xb4\xe5\xbel\x10\xc2\xe1\xb5e\xf8\xb4\xdcm\x81\
\xb1\x886\xbfsm7\xb5\xf6\xc7\xa4\xc5\x16\xa1\xb4\x8d\
\xd3w\xdc\x8cE\xf4\x10\x93D\x9b#r\x894\xc52\
\x16L\xe2*\x1esC\xc7\xa3\xae\
\x00\x00\x09\x85\
(\
\xb5/\xfd`\xbf,\xddK\x00JBl\x0d8 \x93\
s\x80\xea\xbe\x00\x90\xd3\xff\x7f\xdb\xcd\x90K\x08@\xe6\
8y\xcc\x90z\xfdo\xa9\xc4-r\xfa\x856%\x09\
\x1f=\xffo\xc79Vo\x1e^\xddjOR.\xfd\
?\x03\x08.\xe0V\xcc\x00\xc4\x00\xc6\x009\x0c\xfdU\
\xd9mW\x1b\x88\x866\xa6\xc7Fvb:\xb3\x9aJ\
w\xc9:K'9eh\x8a\xeb\xf4\xc0\xbf(\x9c=\
/'9\xf4u\x8a\x06`Rr`t\xf6R_\x9b\
~\x9b9%\xc2q\x9c\x88z\x1f\xaa|EP\xd7\xac\
j}\xc4\xad&\xd7V\xe3\xc5\xd2iz\xad\xd3^V\
:J\x8f\xe9\xa4\xe4\x84@\xd7\x0c\xf7\xfe\xef31n\
\xc5\xa2\xdd%'\xc9\x09;MNJ\xabu\xd8IM\
\x5c\xa7M\x97u\x1a\xd3\x91\xf5ZG\xe9\xd4u\xca\xfa\
\xc9I\xcb\x89\xe9\xc0t\x0f\xc7\xafkI\xbd{m\xb8\
m\x9d\xc7\x0f\xd7K=\xd0R\x0f\x08%\x9fCxD\
ts3\xb7\xaa\xc4\xbeYs\x9cQ['\xdaF\x94\
\xe3\xb3\xa6\x05\xb7\xa0\x5c\xe7\x92\xb4\x9eKvl/\xd6\
\x0al\xc5,A\x09\x08\x02\xcf\xb28\x87\x1f\x9a\xac\x05\
v\xceph7\x8f\xffut\x00k\xf2\x19\xe8\xad\xb6\
\xa6\xe8\xac\xa7\xe4\x90\x9c\x9f\x8d\xab\xe6:\xdf\xfc\x1dP\
o\x9b\x16\xac\x9a\x1b\x89@lf-r|\x95\xc6\xca\
'\xd2\x81\x09\xec\xa4\xe0}\xd6g\xd4J\xce\x19\x999\
\xcf\xaa\xd2X\xf2\xb0\x0e\xfc\xfbr\x9b~\xa5\x7f\xbf\xae\
\xd8\xbc\x07s\x0aC\xe8\xff>\x22.\xb7\x81J\xeez\
K\x82m?\xd4\xfbO\x9byg\xb1\x92\x10\xdd\xc6Q\
\x01:n|\x14\xed?\x80\xaf\xf5\x87\xaf\xcb7\xf5\xc8\
A\xbb\x81\xb3\xc5(3\xff+\xe2\xca\xbf\xbf\x08\xcdN\
\xae\x03\xd1\x13\x18G=\x11\xdb\xaf\x96\x1b$\xa6cB\
cz\x0b\xac\xe4\x9ca\xd2\xbc\x19E\xab\x9d\x9c8g\
\x08\xb4\xcd/;\xfc\xca\xf2\xcf\xf4\x9f\x0e^A\x89D\
*(\x08=\xdd\x8bu\xefO\xe9\xac\xf5\xcb\xba\xe9U\
\xa49A\xbb\x11\xb6\xa2\xae\xa9[?\xcb\xf5\xafh\x99\
\xe9H\x14\x12B9\xaa@G.\xe2\xbf[g\xc0\xef\
\xab\xaa\x84\x88\xf3\x0dc:u\xb9N\x8e\xd3&HA\
,\xaf\xa4\xc5&\x9c\xa9\xcevU\xc7?y\xb8\xa7\x1f\
\x92C\x09A4Z\xa0#l/6iz\x8b7\xd3\
k1\x9d\x98.#9]:\xcb\xa7\xa2>\xa4\x80Y\
\x8e\xc8\xef[C\x9a@\xc1\xe7\xe5\x7f_\xddHP\xce\
\x18\xbf\xcay]\xf1\xc8\xe3\xa66\xb2>\xeb[L7\
9OZ\x17SlnE\xcb0\x92\x10\x9b\xb79\xb6\
\x0f`\x1e\xf9\xa7Z'\xfe\xfd\xfd\x8dz(1\x84G\
^\xd3\xad\x1f\xb6\x92y\xac\x19\xadk\xc9\x1a\x96\xfe\xc3\
b\xdc\x1e\x11\x9a@I\x10\xf8\x0e\xd8\x0c7\xc6\x12)\
\x8b\x97L\xff\xfcU\xd5k\xeb\xaaR\x9e1\xdd\xf6\xf4\
\x01m\x7f\xf3\xde\xf7i(\xa3t\xe6U\x7fI\xf1\xbc\
\x82\xf6\xd6\xd56\x96\xd4HLP`@\xfc2\xae+\
\xdf[H\xc4uDU\xb4D\xdc\xd6!,P\xf0\xf7\
n\xb1\xb6\xfaa\xe8\x1c\xbe\xce\x97\x8b\x86\x07\xed}\x0d\
\x8f\xe3\xe78\x7f\x1ci\x03\xabi\xc1M\x8a\x86\xb2\xc5\
7\x11\xdb]\x9f#e2\xeb\xf0\xc3\x9f\xb7x~n\
G\x8f\x16\xc1\x00\xf5X\xad\x11%\xb0;W\xb0\xb8M\
o}M[\x5c\x7f\x99\xf5\xdf\xb2\xb4\xfa\xf5:W:\
\xd1\x8d\x8cCu\xa5N$\x9ej\xfdU\x03#\x13\x03\
\xde\xac\xfax\xb0G\x06\xb7\x13@7\xd2<\xfc;\xb2\
\xa8\x5c\xb7\x81-\x0a\x9b\x01\x82\x99\xa8\x82\xac\xd2!\x22\
\x91\x91\x14$\xc9rR \x0cC\xf1X\x1c,r\x8b\
\x0f\xe2\x90D\x051$\xc2 \x14d\x181\x84 \x01\
\x11P\x22\x182\x12\xd8\x88\xc8L\x9at(\xaae\x08\
\xee\x17sU\xdf\x02@g~\x91\xd9\xb01\xd7\xa0\x22\
:5\xc7?G\x18\xb5\x9fC\x186\xd0n\x9c9\xd6\
\xfc\x83\xe9\xda\x1a\x1d\x05\x1b\xcf\xc4\xb9\x14$\xc7!\x09\
\x91\x96a\xa89c\xa8\xa4&\xe9\x0ckk\x0fl\xfc\
h}\xc0R\xebu\xac`\x8d\x15\x87\xf4?\xcb\xeb\xcf\
\xa4\xda\x86\xc8o|c\xc2\x0e\x0f\x80Y\xaa\x16\x953\
\xd3\x91\xb3_\x94\xa5\xe1Q\xa5\x85\xc7v\xdf_\x81\xfb\
^\xb9&)\x22\xab~v\xf4x)oF\x5c\x228\
\x91\xb0\xfe\x8f\x0e!-\xaefm\x99O\x9b\x0a\x87\xb2\
\x9a\x89Xl\xd1\x7f\x90\x97\xca\xcb[=b\x00\xfd\xfe\
\x1f\xc4\x86g,\xb5,\x0c\xe9FP\xdd\x82\xd6s\xbf\
f\x12\xb2[\xea\xdf\xa6^\x97\xd4\xda\x9d\xe7\x12vH\
\xf2\xa2\x17\xbe\xc1\xc8\xabAE\xcd\x981o\x7f\xcf\xba\
\x87+\x13\xc3:y\xb1\x14\xac\x15&\xbd\xc13\xd3h\
\x13\x80\x82\x13i\xd2\x90\xbf\xe3P7}}\x12\xc6\xa9\
\xfd\xff\xc1\xb3_\xee\xb7i\xb1\xfa\x0b\x1ex\xf2\xbd1\
\xd5\xce=\x00<\xd6\xc8\xcbh\x8d[\xc0\xe5\xdd\x87\xba\
\xaa\xba\xea\xe3\xe3J\x11\xfe\x22&s\xf5\x1b\xbb5\xeb\
[\x13<\x12\x87\x91H\x91\x9f\xf0\x07\xf2\xa7B\x08\xb5\
\x97\x02\xf2\x83X,K\xba\x84\x17\xd1m\x92I%\xe4\
\xa1w'\xe1\xef`\xd3\x07z\xa1M4l\xd1\xb4\xc4\
6v\xb4z\xbbI\x84Xi\x1c\xf4\x02\xb0|,\x97\
\x08\xd8\xa0\x0eo~\x95\x15\xfa\x11\x08\xf4\x93P\xfa\x08\
\xba\x99\x92\x16\x90,\xf9\xd4\x99\x81tob \x12y\
\xc4\xcf\xab\x7f\xe9s\xaaA\x9c\x22\xb6\x0d\x0e\x97\x14\xb5\
38\xd2Hq\x0bE}Q\xfcg\x8cG-\xc6\xdd\
3\xec\xe2\x5c\x89\x052\xa8\xe7\x07\xb4\xb8-u[\xc0\
\x87C;\xa1:\xf4\x96@2\xcc\xa1\x10&\x88\xd91\
\x8a\xa2\x8a\x1a!\x18\x8e\xd8\x03W\xee\xbf\x82JW\xc1\
\x84\x06\xb4\x10\xff\x1c&\xae\x06Bhho\x17}\xaa\
\xd4\xceJ\xed\xfe\xf9'\xe3H\xfbG:@)\xd1[\
\xed$\x0a\xa2g\xa4\x07\xacR\x10\x1a\xdc\xd5\x8e\x87\xad\
R\x83\xb5\x11\xb4\xd8\xafA\xde\x11\xa4I6\x0d\x1d\xa8\
\x83\xd4,\x9a\x22\xd0\x1d0r\xbcV\x1e9\xb3U\xbd\
_\x13\xefYv\x12\x89\xa6\xf6\x0c\xae\x10\x09\x0fN\xf2\
\xbe\x86\xa3mxs<*\x09\xb2\x9e-H\x98\xa8C\
\x8b\x0e$\xd2\x84\xd5\x8c8\xe6\xc9K\xb0\xba\x05\xb5\x89\
\x9988}\xf1\xa8\x9f\xa1\x91id\x0d\x86\x89uD\
\xecy\x86\x8aw\x5cm6E\xa5'n\xcf\xed\xa7\xa0\
\xd1\x9a4v'4\x83\x19\xe1Yp\xe7\x08\x8c\xce!\
\xe3)\xf7\x14\x98<\xb0\xa3\xc0\x85\xf9\x81\x93&$\xde\
\xd9\xf3\xf7\xf0~\x0e\x06\xce\xa387\x04z\x00\xadP\
\xf9#\xef\xdcl\xd3\xf0[\xf0\xc7`f\xfdt\x04\xd4\
\xfb8\x8a\x04s\xdd\x04\xaf'\xde\xe7\x9cJ\xdc\x0c\xd3\
.K\xc3\x1c\xe6\xe5\xab7\x9b\xf0\xb3\x1c\xe3\x98t\xf3\
\xe1\xa8E\x84\x96\xed\x22g:\xd8\x15L=\xbb\xaeg\
\xac \xb1\xf3\x10\x7f\x09`6r\x09[\xe0\xf4\xf0U\
fn\x98\xb3\x14\xd0\xc2KC&/\xd8\x9f\x00\xc5b\
Z\x00\xab_\x84\xac\xb0@\xb1\x9f}\xac\x0c\xb0\x9fZ\
\xe8\xda2?\xc1l\x86\x94-\x84\x8b\xb9AvJ\xd2\
\x06\xc4\x12#\xcb\x8d\x07\x01=>\x16\x16\xc8z\xbe\xb2\
\xfb\xfc\xa6\xcf\x95\xcb\xf6\xd6u\xed\xf5w\x96\x0c\x5c\xaf\
\x97*?1\x84\x10\x7fW\xec\xb6Q\xa9\x04\x13\x89\xfa\
\xaf\x8e\xcbp\x0c\x03L\x0b\xa4#\x04\xf2\xc6RZ\x1d\
\xb6w\xb6Y\x1f\xdc\x1b\x03\xbe\xa5_\x04v\xeb\x8b{\
8\x9b\xe7V'\x0f<\xdb\xdb\xb0\xc7\x1b\x85\x9a&c\
o\x8a\x14db\x22\xb4N\x80R\xa5\x944\xe0'f\
\x9a\xd6r%+w\xa8\xd8\xebl\x08\xd6y\x1d\x07\xab\
:&\xed\xd8\x10n\x84.BX\x86\xf4M0\xc2\xb6\
\xe9ze\x0d\x95\xa2@\xa2\x95\x19\xbb\xb9\x03>\xdb\x9d\
\xb4\xec$\xe6\x00\xf7 \x02\x94\x06kX_I\x90~\
\x8b\x8a)I\xa3*p\xa7\xef\x1fh\x8e\xc181\xf0\
_@\x02n\xfeCHp\x8c:\xcf\xdei\x0bE\xeb\
p\xbf\xa1j\xc2\xea\xc7\xf4\xa1,!\x1f\xe6'\x90`\
i\x99\xe7ji!Q\x1b\xd2)N\x0e\xd2'P\xcc\
U\x85\xf6&%O\x17Q\x17?\xb7M\xd6\xb5%\xae\
u^F\xaa\x12\x1f\xd90\xe1\xe3\x91\xe3g\xa2\x94\xca\
V m\xa7\xcc<R\xa7\xa0\x8c\xa6\x14\x99\x8b9\xb4\
\x16\xc8\x93\xb7\xbf85z\xc5\x08s\x1f\x9a\x1a\x06\xc9\
\x88[\xc16\xc6\x02>\xec\xac\x8c\xef?\x9c\x17\xd6%\
\xebe\xf9\x22\x11XyD\x1c\xa5b8\xbd\x9b\xa1\xe0\
.\xa9\xa7\x9f\xc8\xccR*\xdc\x5c[~\x10\x96v\x5c\
\x83e\x82\xcf<=\x93/s';\xd9\x8f\x82% \
qJzB7K\xbf\xb3\xaf\x9a\xb4\xe7T\xe2\xc0v\
{p\x04\xde\xd3k\x01\xd2\x90,\x22\xe1\x80\x1b\xda\xb2\
\xa5\x01zGMoM\xaf\x99\xc0\xb4NB.7\x8c\
yp\x10=c \x1c\xc0WO!\x06\x12\xbbc'\
\x8b\x8ex\xd1\x0cgT\xd0\x81x\x13\xa7\xc3\x8d8\xc3\
F\x0eZCI\xdcC-\x9a\xf5\xe0\x0a\xdc\xe4\x98\xb5\
\xcbR\x12K\x7f\x8fJ\x11\x0e\x12\xdc\xd5\xa8\xde\x85\xa2\
X\xa6\xadg?\xfb\x8b\xce\x10;\x98\x042\xbf\x0b\x0a\
T\xe6\xe7\xe1\x01\x8f\x15*]v3o\xa8\xc9\xddG\
\xfd\x98U\xf8\x8es\xf6\x84$\xb5\x91A\x8f\xc1m\x01\
\x86\x92q9\xe0\xba\xa9F\x1d V\xf4$X\xdfl\
\x106m\x14\x1a\xe8'\x9d\xc8\xd1-D\x09Q\x94\xc2\
1w\xc5\xadO\x02\x12`\xa0\xdfi\x05\x0d\x12\xb6w\
\x8d\x97\xb17\x0dD@\x8a>\x8b\xe6\xb9\xa6\x0e\xd1\x91\
{9\x00<\x96\xb8\x89$\x18>%$\xca%\x9eh\
\xa8\xceB\xc2\xd4\x8a\x83I\xc5\x88U\x03\xff\x16\x89\x90\
P\x00\xf9\xd2\xc8[b\x05|\x9fK\xe3\xd7\xb5\xf4\x06\
\x10\x90\x8d\x7fb\x09U\x8c\xc7\x09o\xc1ZY?d\
\xb5t[\xea\x06}\x9be@\x8f+\xec\xca\xb4\xc0\xfd\
\xc4\x01\x09\xa3m\x0e\xcav\xa3.\x820\xce\x88\x93e\
\xca\x8a;\xa6\x84\xd3.x\x822\xee\x8fp\xe0!\x1c\
^\xf4\xd6\x0a\
\x00\x00\x06<\
i\
mport QtQuick\x0aim\
port QtQuick.Con\
trols\x0aimport QtQ\
uick.Layouts\x0a\x0aPo\
pup {\x0a    id: co\
nfirmDialog\x0a\x0a   \
 // \xd8\xb3\xdb\x8c\xda\xaf\xd9\x86\xd8\xa7\xd9\x84\
\xe2\x80\x8c\xd9\x87\xd8\xa7\x0a    sign\
al accepted()\x0a  \
  signal rejecte\
d()\x0a\x0a    // \xd9\xbe\xd8\xb1\
\xd8\xa7\xd9\xbe\xd8\xb1\xd8\xaa\xdb\x8c\xe2\x80\x8c\xd9\x87\xd8\
\xa7\x0a    property s\
tring message: \x22\
\xd8\xa2\xdb\x8c\xd8\xa7 \xd9\x85\xd8\xb7\xd9\x85\xd8\xa6\xd9\
\x86 \xd9\x87\xd8\xb3\xd8\xaa\xdb\x8c\xd8\xaf\xd8\x9f\x22\x0a\
\x0a    // \xd8\xaa\xd9\x86\xd8\xb8\xdb\x8c\
\xd9\x85\xd8\xa7\xd8\xaa Popup\x0a   \
 modal: true\x0a   \
 closePolicy: Po\
pup.CloseOnEscap\
e\x0a    anchors.ce\
nterIn: parent\x0a \
   width: Math.m\
in(parent.width \
- 40, 400)\x0a    p\
adding: 20\x0a\x0a    \
// \xd9\x85\xd8\xad\xd8\xaa\xd9\x88\xd8\xa7\xdb\x8c \
\xd9\xbe\xd8\xa7\xd9\xbe\xe2\x80\x8c\xd8\xa2\xd9\xbe\x0a  \
  ColumnLayout {\
\x0a        spacing\
: 20\x0a        wid\
th: parent.width\
\x0a\x0a        // \xd8\xb9\xd9\
\x86\xd9\x88\xd8\xa7\xd9\x86\x0a        \
Text {\x0a         \
   text: \x22\xd8\xaa\xd8\xa7\xdb\x8c\
\xdb\x8c\xd8\xaf\x22\x0a          \
  font {\x0a       \
         family:\
 \x22Tahoma\x22\x0a      \
          pixelS\
ize: 18\x0a        \
        bold: tr\
ue\x0a            }\
\x0a            Lay\
out.fillWidth: t\
rue\x0a        }\x0a\x0a \
       // \xd9\xbe\xdb\x8c\xd8\xa7\
\xd9\x85\x0a        Text \
{\x0a            te\
xt: confirmDialo\
g.message\x0a      \
      font.famil\
y: \x22Tahoma\x22\x0a    \
        wrapMode\
: Text.WordWrap\x0a\
            Layo\
ut.fillWidth: tr\
ue\x0a        }\x0a\x0a  \
      // \xd8\xaf\xda\xa9\xd9\x85\xd9\
\x87\xe2\x80\x8c\xd9\x87\xd8\xa7\x0a       \
 RowLayout {\x0a   \
         spacing\
: 10\x0a           \
 Layout.fillWidt\
h: true\x0a        \
    Layout.topMa\
rgin: 10\x0a\x0a      \
      Button {\x0a \
               t\
ext: \x22\xd8\xa8\xd9\x84\xd9\x87\x22\x0a  \
              La\
yout.fillWidth: \
true\x0a           \
     onClicked: \
{\x0a              \
      confirmDia\
log.accepted()\x0a \
                \
   confirmDialog\
.close()\x0a       \
         }\x0a     \
       }\x0a\x0a      \
      Button {\x0a \
               t\
ext: \x22\xd8\xae\xdb\x8c\xd8\xb1\x22\x0a  \
              La\
yout.fillWidth: \
true\x0a           \
     onClicked: \
{\x0a              \
      confirmDia\
log.rejected()\x0a \
                \
   confirmDialog\
.close()\x0a       \
         }\x0a     \
       }\x0a       \
 }\x0a    }\x0a}\x0a\
\x00\x00\x07\x12\
/\
/ MainWindow.qml\
\x0aimport QtQuick \
2.15\x0aimport QtQu\
ick.Controls 2.1\
5\x0aimport QtQuick\
.Window 2.15\x0aimp\
ort QtQuick.Cont\
rols.Material 2.\
15\x0a\x0aWindow {\x0a   \
 id: mainWindow\x0a\
    visible: tru\
e\x0a    width: 800\
\x0a    height: 800\
\x0a    title: \x22Pla\
sma Company\x22\x0a   \
 // \xd9\x81\xd8\xb9\xd8\xa7\xd9\x84\xe2\x80\x8c\xd8\
\xb3\xd8\xa7\xd8\xb2\xdb\x8c \xd9\x85\xd8\xaa\xd8\xb1\xdb\x8c\
\xd8\xa7\xd9\x84 \xd8\xaf\xdb\x8c\xd8\xb2\xd8\xa7\xdb\x8c\xd9\
\x86\x0a        Materi\
al.theme: Materi\
al.Dark  // \xdb\x8c\xd8\xa7\
 Material.Light\x0a\
        Material\
.accent: Materia\
l.Teal\x0a        M\
aterial.primary:\
 Material.BlueGr\
ey\x0a    // \xd8\xa7\xdb\x8c\xd9\x86\
 \xd8\xaa\xd8\xa7\xd8\xa8\xd8\xb9 \xd9\x87\xd9\x86\xda\xaf\
\xd8\xa7\xd9\x85 \xd8\xa8\xd8\xb3\xd8\xaa\xd9\x86 \xd9\xbe\
\xd9\x86\xd8\xac\xd8\xb1\xd9\x87 \xd9\x81\xd8\xb1\xd8\xa7\xd8\
\xae\xd9\x88\xd8\xa7\xd9\x86\xdb\x8c \xd9\x85\xdb\x8c\xe2\x80\
\x8c\xd8\xb4\xd9\x88\xd8\xaf\x0a    Comp\
onent.onDestruct\
ion: {\x0a        b\
ackend.exitAppli\
cation()\x0a    }\x0a\x0a\
    // StackView\
 \xd8\xa8\xd8\xb1\xd8\xa7\xdb\x8c \xd9\x85\xd8\xaf\xdb\x8c\
\xd8\xb1\xdb\x8c\xd8\xaa \xd8\xb5\xd9\x81\xd8\xad\xd8\xa7\xd8\
\xaa\x0a    StackView \
{\x0a        id: st\
ackView\x0a        \
anchors.fill: pa\
rent\x0a        ini\
tialItem: loginP\
age\x0a    }\x0a\x0a    /\
/ \xda\xa9\xdb\x8c\xd8\xa8\xd9\x88\xd8\xb1\xd8\xaf \xd9\
\x85\xd8\xac\xd8\xa7\xd8\xb2\xdb\x8c \xd8\xaf\xd8\xb1 \xd8\
\xb3\xd8\xb7\xd8\xad \xd8\xa8\xd8\xb1\xd9\x86\xd8\xa7\xd9\x85\
\xd9\x87\x0a       Virtua\
lKeyboard {\x0a    \
       id: globa\
lKeyboard\x0a      \
     anchors.bot\
tom: parent.bott\
om\x0a           vi\
sible: false\x0a   \
        z: 1000\x0a\
       }\x0a\x0a      \
 // \xd8\xaa\xd8\xa7\xd8\xa8\xd8\xb9 \xd8\xb3\xd8\
\xb1\xd8\xa7\xd8\xb3\xd8\xb1\xdb\x8c \xd8\xa8\xd8\xb1\xd8\xa7\
\xdb\x8c \xd9\x86\xd9\x85\xd8\xa7\xdb\x8c\xd8\xb4 \xda\xa9\
\xdb\x8c\xd8\xa8\xd9\x88\xd8\xb1\xd8\xaf\x0a     \
  function showK\
eyboard(textFiel\
d) {\x0a           \
globalKeyboard.a\
ttachTo(textFiel\
d)\x0a           gl\
obalKeyboard.vis\
ible = true\x0a    \
   }\x0a\x0a    // \xda\xa9\xd8\
\xa7\xd9\x85\xd9\xbe\xd9\x88\xd9\x86\xd9\x86\xd8\xaa \xd8\xb5\
\xd9\x81\xd8\xad\xd9\x87 \xd9\x88\xd8\xb1\xd9\x88\xd8\xaf\x0a\
       Component\
 {\x0a           id\
: loginPage\x0a    \
       LoginPage\
 {\x0a             \
  onLoginSuccess\
ful: {\x0a         \
          var ap\
pPageComponent =\
 stackView.push(\
\x22AppPage.qml\x22)\x0a \
                \
  // \xd8\xa7\xd8\xb1\xd8\xb3\xd8\xa7\xd9\x84 \
\xda\xa9\xdb\x8c\xd8\xa8\xd9\x88\xd8\xb1\xd8\xaf \xd9\x85\xd8\
\xac\xd8\xa7\xd8\xb2\xdb\x8c \xd8\xa8\xd9\x87 App\
Page\x0a           \
        if (appP\
ageComponent) {\x0a\
                \
       appPageCo\
mponent.globalKe\
yboard = globalK\
eyboard\x0a        \
               a\
ppPageComponent.\
reportBackend = \
reportBackend\x0a  \
                \
 }\x0a             \
  }\x0a           }\
\x0a       }\x0a\x0a    /\
/ \xda\xa9\xd8\xa7\xd9\x85\xd9\xbe\xd9\x88\xd9\x86\xd9\x86\
\xd8\xaa \xd8\xb5\xd9\x81\xd8\xad\xd9\x87 \xd8\xa7\xd8\xb5\
\xd9\x84\xdb\x8c \xd8\xa8\xd8\xb1\xd9\x86\xd8\xa7\xd9\x85\xd9\
\x87\x0a    Component \
{\x0a        id: ap\
pPage\x0a        Ap\
pPage {}\x0a    }\x0a}\
\x0a\
\x00\x00\x06e\
(\
\xb5/\xfd`1*\xdd2\x00\x86\xb0\xa37\x00\x95\xdb\
\x08\x03\xfc\xffmV\x01\x80\x09\x22\xc6\xab\xda?\xc5\xe1\
\xf4\xe3\x15 \xd0\xba\xd0+\xbc\x96\xe2K{X\xcf#\
0\x18\x03\xe0\xc7\xd0>\xe0\xb0;\x1a\xa2\xcfmTU\
\xcd\xa8\x22\x04\x90\x00\x91\x00\x91\x008\xb2\xdb\xab\xd3\xd0\
^j\x9c\xc6\xb5\x9d\xab\xffh\xb2\x1b\xcd\xf6\xc2\xbf\xe4\
5\xfe7<\xd6al\xb1\xfe\xe23~\xc3K\xfe+\
\xbd\xe4\xb2[\xc9U\xfaJ\x7f\xd9m\xc6Sz\xac\xff\
S\xab\xaaz\xd5\xc2{cU\xa73\x16\xc1;G\xfe\
\xdb\x22\xabR\xb1\xdb\x97\xe69\xfe'\xee\xb0\xbaB\xfe\
\x0b\xeb\x83N\x9e\x8e\x18\xdc\xd0$\x88#@\xa3\xd7\x9b\
\xc4%\xb3B[\x9c\xf7\xc5\xa9\x0ea\xd4\x91>\x04\xac\
d\xc6\xce\xf8\x9d\xf1\xd8\xaa \xdb\x12\xe9\xc2<\xb1\xaa\
\x84R\xd8I\xee\x5c;\xde\xc0 \x0fbk\xa2\xdb\x19\
/\xf0\x9d\x88\xd3\xfbV\x89\x10\x8b\x9bZp!\x8c\xeb\
\xba\xd0S\xecJ\xec\xbd\x00k\xa6-\x8b\xbfo\xd1=\
\xf1%;\xd3\x11\xe7\x11\x84P\xc3\x99G\xa9.\xd30\
c\x15\xe7E\x04p\xffel1\xe8\x91~\xe0\xa9\xdd\
 \xd5\x08\xd1\xb0\x8a+\x9d\xcc\x1b\x849Dp\xee=\
k\xc8\x85E\xfd\x17_\x12\xa7g\xc6Q@(\xd6\x92\
w\x93\xe3\x9d\xd8\x94\x95\xe7F\xbdH@\xe0'@\xe8\
W_HYw\x8a):R7\xd8p1\xce\x0b\x8c\
\xed\xd5mx\x09\xf2<o\xf4\x9fI \x9c\xa7pJ\
0!\x1c\x94H\xdc\x13p#\xee\xe3?K\xc3L\xf7\
\xa4#\xf5pa\x8d\x9e\x82\x87\xf5X/\xf9\xbf\xfa\xe9\
\xbf[-F\x9ci\xca\xce}\xb1I\x0do\x8b\xb48\
\x15\xd2=R\x10\x9c]\xab\x0b\x01\xabM]lm]\
\xc5`l\xb2\x1b\xecc\x1d\xd6e\xf8\xd7&\xcd\x0dT\
\x93\xd8\x02E4\xfa\x82\xf7~!D\xc19\xea\x10p\
\xaa\xc4\xcd\xba\xd4v\x03\x22\x02/\xc4\xba5o\xad\x22\
u\x87\xaa\x1acd\xac3\x09~\x9e#;\xb4I(\
\x87\xbe\x95>\x0a\x85z\x91\xde\x95U\x03 \x94\xd0b\
\x15W\x828\x9dJ\x0d&\x07\x07\x93)\xc0C\x88h\
H\x1d\x5c\x1c\xce^\xbd\x86{.\xac\xa7\x11Ga=\
\x87\x97\xfc\xd5\x9f\xa5\xb7\xd8h\xbc\xe0k\x9c\x86\xbb\xf0\
\x83\x03ZM\xcdf\x87\x87\x06cS\xe95^r\x96\
\xbeb+\x95f%\xecEv\xbb\xc1\xe1?}\xc5&\
sC\x22\xcd\xd0\xb0\xf4\xf8\xbcRzL\x0e\xd7\xe1\x00\
\x22\xda\xcf8\xac\x975N\xb3\x95<4\xa3B\xe3\x99\
\x11\x85\xf5\xa3&u\xc3R\x92z\xf1j\xee\xf9\xf0\xdd\
\x09\x90\xa3\xbb\x8a.\xee\xbf\xe7\x1e\x02\xb8g\xf8\x90j\
\xed\x99$B\x9a3]\xd1<\x06\x81\xac\xa8\x11\xb6\x1a\
\x11\x91$\x05Ie\x19\x03q\x8c1\x8c9'\xdd\xd6\
\x01\xe2xDG!\x14\xc4\x12\x10\x83)C\x08A\xc4\
\x10Q\x0a$\x92P\x02\x12\x91$u\x85\xa8\x08\xa6[\
i\x19:%{\x13\xc7\xcd\xfe\x90WG\xb8+\xc0\xf6\
 \xf7)d\x029\xe4\x87\x16\xa3\x9c\x1a\x92_qD\
\xcbRO\xfc|,\x99\x0f\xb4\x8e\x9d\x1f\xea8\x1a\xb2\
y\x08v\xcd\x15h\xed\x94m\xe0d\xbbL'F\x80\
\xd6\x91O\xd6\x0c\x1cd\x9d\xdc\xc1'\xb4\xb9T\xe0#\
GA\x1fX\x80\x93\x01_\x1b`\xab\x03\x06\x9b2(\
\x8f8\x08\xf7\x22T3>\x89\xe9{\x04\x9b\x9e(\xe1\
a\x9d\x10\x93\x02\xdb\x0a\x10\xb4\x00\x84\x17\xd0HO\x8e\
\xfe\xd1\x1b\x06\xb9e\x9c}\x0dY\x1b<\xb6\xb08\x01\
\xb5Q\xa4\xb0!\x1fu\xcaK\xe6\x9eA=\x826\x19\
^\x9aX\x86\xd6\xb1\xb6\xe5\x22\xcf}+t[\x11\xbd\
\xa8$-\xe5\x84\xa6D\xfdC\x08-[\xcd\xb1\xd0\xb9\
\xcc\xed\xc6d\xb7\xb4\xed'Y\xb1\x17V\xef\xfb;\x0c\
\x0b\xed\xd0\x0d\x09GbAB\xd3\xf5\x11\xbc\xed\xa0\x22\
:U\xf5]t\xabIZ\xee\xe4\xf6\x15\xc1\x17]r\
\xb2\xf6\xa1\x82zK\xfa}3\xa1!\x80z\xcf@\x0c\
\xa7\x19\xf2D\xac\xa7\xbeNY\x09\xdf\x05\xa8\xe0\x89\xc9\
Y\x1f\xd2\xacd\x95:rN\xf0\xaf+\xfc\x02a\xea\
\x13\x15=\xb7k\xf3@L\xfc\x17H.\xa51\xe0\xd1\
H\xa03\xbbe\x8b5\x1cL{\xb6\xab\xad\xe5\xf9\xd0\
\xfb\x8a\xd9_\xae\xf7\x8f\xb6\x99\x0c\xa4\x98\x10\x9f.[\
\x84w\x92\x96\xc0\xc9_\xc4\x1aO\xa0\xe2L\xb6y\x8b\
1$V#;\x81\x19\xc6\xe5\xfa\xd5\xa7`+\xde\x9e\
]@\x8e%\x8d\xbce\xd8\x13CLq\xf1m\x13>\
/\xc2g\x7f'l\x0b\x11y\xdcK\xea\x10w\xd1a\
\xff\x90\x82\xc1\xf2\xfc\xe5Z\xc0+C\x05x\xfb\x11\xfa\
\xf7\x9a\x0aj#\xc3\x16Fq|\xee\x88\x9b\x90\xe8\xf9\
\xaa9 \x0d\x93\x0a\xf8\x11-\xea6\xc9<\xf6=Y\
B\xab\x5c\xd8\x90\x85\xb2\x19\x91CN\xa1x<r\x90\
 \xb9\x9b\x0b\xa7\xf4\x85x\xb2\xf0>\x18\xc7M\xdd6\
\x1a\x8c\xe9\xb45Q\x91v\x8b?\xab\x8dJ\x09*\xac\
!\xe1\x06\x1b{r\x1a\xeb\x8f\x85\x1d\x0e\x9d\x8c\xa1\xcb\
H\xfb\xed\xdd\x0e\xba\x9e\xc7\x91\xf4u\xb89|k\x11\
\x9fe|\x19\xe3\x8f\xe8\xb0'I\xcf\xf8x\xf9F\xba\
\xdd\xe1\xf9\x1e\xea\x03\x06\xdb\xef\x5c\xa3 \xe3{\x07\xf3\
)\x02)\xd9\xa6_5\x81\xc4\xbd\x03\xa5\xf7\xa6\x9b\xbd\
 \xf2\xf0\xe0\xe3\xca MV:\x1f\xb5\x1a\xcf\xaa\xf0\
\xbe>\x849\xeb\xdf+\xc0\x1cl\x08]a\x0c`\x81\
\xc0\xd2I\x19\xdf\x86\x1d2\x0d(R\xea\x04<r\x11\
t\xea\xb8\xc0.\xb1\x10pr?y\x8e\x9e?\xdf\xaa\
\xfb\x1bb?L]\x1b\xeb\x12\x16\xc1\xe5x\x8bW\x9f\
\x1d\xf7\xda\xa4\x15\x5c\xf7l\xd1\x1b\xdf\x98e\xad\x97Z\
\xb0\xd55\xcb\xfc\x09=\x0ey\xf1\xed\xbbAe\x04\x1c\
\x10n'\xf9:\x97\xed\x13L\x86\xa23\x0d*\x19\xb0\
\xed\xad\xa8x\x92Y\x90\x81\xc3\xe8\xfc\xb0\x84hr\xae\
\xa7\x93\xb3A\xd0\x02\x10\xeay\xa1\x1f=\x84\xccsj\
\x98\xa0\x87JI\x7f\x034\xce&r&{\xf9\x82?\
\x815\x92\x06\x0a\x22\xa3\xff \x0f\x9dqH\x00\x81\x9a\
\xbcY\x83:9h\xb0[$\x90u\x82\x015Z\xc5\
{!\xdbh\xe9\xb6\x9e\xb1\xae\xc2\xb4j\x9b\xd8\xc7\xba\
\xcc~\xd2\x0c\x0b\xe6T~\x94\xaa`<\x10\x11\x0f\xc3\
`\xab\xe7\x82\xf2\xdfn\xcc\x7f\xc4\xc8^'m\x15\xe8\
\xfc\x15\xdd\xd71T\xa7\x17\x05\x8aR\x80\x00\xf2\x06\xd8\
\x93\x80\xb4\xaf\xa2\xfa\x82\x16\xb9\x99!\xf6\xfe\xacK\xb5\
\xc8X\x06\x09\xa6\x8e\x1a\x8c\x94\x87\xa63\x7fI\xab\x01\
\xdc\x87\xe7;[\xd6\x09\xc9{t\x1b\xcb\x86\x16\xa3\x5c\
=\x1dD\x7f0x\xd0\xe6\xee\x88\x11\xf5?z\xf0\xee\
u\x9d\xb7\x0a\
\x00\x00\x1e\xcf\
\x89\
PNG\x0d\x0a\x1a\x0a\x00\x00\x00\x0dIHDR\x00\
\x00\x02\x00\x00\x00\x02\x00\x08\x03\x00\x00\x00\xc3\xa6$\xc8\
\x00\x00\x00\x09pHYs\x00\x00\x0e\xc4\x00\x00\x0e\xc4\
\x01\x95+\x0e\x1b\x00\x00\x02\xeePLTEGpL\
\x00\x00\x00\x00\x00\x00\x00\x00\x00\x00\x00\x00\x00\x00\x00\x00\
\x00\x00\x00\x00\x00\x00\x00\x00\x00\x00\x00\x00\x00\x00\x00\x00\
\x00\x00\x00\x00\x00\x00\x00\x00\x00\x00\x00\x00\x00\x00\x00\x00\
\x00\x00\x00\x00\x00\x00\x00\x00\x00\x00\x00\x00\x00\x00\x00\x00\
\x00\x00\x00\x00\x00\x00\x00\x00\x00\x00\x00\x00\x00\x00\x00\x00\
\x00\x00\x00\x00\x00\x00\x00\x00\x00\x00\x00\x00\x00\x00\x00\x00\
\x00\x00\x00\x00\x00\x00\x00\x00\x00\x00\x00\x00\x00\x00\x00\x00\
\x00\x00\x00\x00\x00\x00\x00\x00\x00\x00\x00\x00\x00\x00\x00\x00\
\x00\x00\x00\x00\x00\x00\x00\x00\x00\x00\x00\x00\x00\x00\x00\x00\
\x00\x00\x00\x00\x00\x00\x00\x00\x00\x00\x00\x00\x00\x00\x00\x00\
\x00\x00\x00\x00\x00\x00\x00\x00\x00\x00\x00\x00\x00\x00\x00\x00\
\x00\x00\x00\x00\x00\x00\x00\x00\x00\x00\x00\x00\x00\x00\x00\x00\
\x00\x00\x00\x00\x00\x00\x00\x00\x00\x00\x00\x00\x00\x00\x00\x00\
\x00\x00\x00\x00\x00\x00\x00\x00\x00\x00\x00\x00\x00\x00\x00\x00\
\x00\x00\x00\x00\x00\x00\x00\x00\x00\x00\x00\x00\x00\x00\x00\x00\
\x00\x00\x00\x00\x00\x00\x00\x00\x00\x00\x00\x00\x00\x00\x00\x00\
\x00\x00\x00\x00\x00\x00\x00\x00\x00\x00\x00\x00\x00\x00\x00\x00\
\x00\x00\x00\x00\x00\x00\x00\x00\x00\x00\x00\x00\x00\x00\x00\x00\
\x00\x00\x00\x00\x00\x00\x00\x00\x00\x00\x00\x00\x00\x00\x00\x00\
\x00\x00\x00\x00\x00\x00\x00\x00\x00\x00\x00\x00\x00\x00\x00\x00\
\x00\x00\x00\x00\x00\x00\x00\x00\x00\x00\x00\x00\x00\x00\x00\x00\
\x00\x00\x00\x00\x00\x00\x00\x00\x00\x00\x00\x00\x00\x00\x00\x00\
\x00\x00\x00\x00\x00\x00\x00\x00\x00\x00\x00\x00\x00\x00\x00\x00\
\x00\x00\x00\x00\x00\x00\x00\x00\x00\x00\x00\x00\x00\x00\x00\x00\
\x00\x00\x00\x00\x00\x00\x00\x00\x00\x00\x00\x00\x00\x00\x00\x00\
\x00\x00\x00\x00\x00\x00\x00\x00\x00\x00\x00\x00\x00\x00\x00\x00\
\x00\x00\x00\x00\x00\x00\x00\x00\x00\x00\x00\x00\x00\x00\x00\x00\
\x00\x00\x00\x00\x00\x00\x00\x00\x00\x00\x00\x00\x00\x00\x00\x00\
\x00\x00\x00\x00\x00\x00\x00\x00\x00\x00\x00\x00\x00\x00\x00\x00\
\x00\x00\x00\x00\x00\x00\x00\x00\x00\x00\x00\x00\x00\x00\x00\x00\
\x00\x00\x00\x00\x00\x00\x00\x00\x00\x00\x00\x00\x00\x00\x00\x00\
\x00\x00\x00\x00\x00\x00\x00\x00\x00\x00\x00\x00\x00\x00\x00\x00\
\x00\x00\x00\x00\x00\x00\x00\x00\x00\x00\x00\x00\x00\x00\x00\x00\
\x00\x00\x00\x00\x00\x00\x00\x00\x00\x00\x00\x00\x00\x00\x00\x00\
\x00\x00\x00\x00\x00\x00\x00\x00\x00\x00\x00\x00\x00\x00\x00\x00\
\x00\x00\x00\x00\x00\x00\x00\x00\x00\x00\x00\x00\x00\x00\x00\x00\
\x00\x00\x00\x00\x00\x00\x00\x00\x00\x00\x00\x00\x00\x00\x00\x00\
\x00\x00\x00\x00\x00\x00\x00\x00\x00\x00\x00\x00\x00\x00\x00\x00\
\x00\x00\x00\x00\x00\x00\x00\x00\x00\x00\x00\x00\x00\x00\x00\x00\
\x00\x00\x00\x00\x00\x00\x00\x00\x00\x00\x00\x00\x00\x00\x00\x00\
\x00\x00\x00\x00\x00\x00\x00\x00\x00\x00\x00\x00\x00\x00\x00\x00\
\x00\x00\x00\x00\x00\x00\x00\x00\x00\x00\x00\x00\x00\x00\x00\x00\
\x00\x00\x00\x00\x00\x00\x00\x00\x00\x00\x00\x00\x00\x00\x00\x00\
\x00\x00\x00\x00\x00\x00\x00\x00\x00\x00\x00\x00\x00\x00\x00\x00\
\x00\x00\x00\x00\x00\x00\x00\x00\x00\x00\x00\x00\x00\x00\x00\x00\
\x00\x00\x00\x00\x00\x00\x00\x00\x00\x00\x00\x00\x00\x00\x00\x00\
\x00\x00\x00\x00\x00\x00\x00\x00\x00\x00\x00\x0dL\x85\xf3\x00\
\x00\x00\xf9tRNS\x00\xf6\xf9\xfc\x02\xfb\x06\xfe\xfd\
\x01\xfa\xf5\xf7\x04\x03\xdf\x0b\x14\xf4\xf32\xf8\x0a\xdc\xdb\
\xd3\x15\xef\xee\x91\xde*$g\x92c\xa6{.\xce\xaa\
\x05\x0f\xa4\x18e\xd0\xf23\x19\x22\xa8\xcc\x12\xb5\xdd\xd4\
\xcaW\xa5\xe8\x90\xc3fzy\xc6\xb6\xcf\x1fbK\x11\
H\xe2V&\x07\x0cxY r|%\xd2,Ul\
\xb4\xb9\xa9k\x13\x1d'16\x1c\xa7\xcbn\xdaIX\
+\xf1v\x1e\xec\x0e\xd1o\x0d\xb7\x17\xd5}\x10\xd9\x1a\
\xc45d)=#\x09-\xb8\xe1\xebj\xadZ~!\
m/S\xba]\xe7Ju7\xc2`\xe6\x08\xd6t\xe0\
\xb10\x1b^\xc5h\xab\xb0\xa1\x83\xeda\x8f\xbd\x8e;\
Eis\xe9\x5c\xc9\xd8\x9f\x94\x84\xc7F\xc1\x82Dw\
\xe3\x81\x16\x86\xafqBG\x8a(\xcd\xaeLp\xb3[\
\x7f\xb2\x93\xa2\xe5\xac\xc0N\xbf>_\x85C\x9e\xa3\xf0\
\x98\xbc\x88\x8dOT\xe4\x8c\x878Q\xd7<\x89\xbb\xa0\
M\x80\xc8\x99\x9d@?\x9649R\x9a\xbe\xea\x9c\x9b\
6{\xfc\xdb\x00\x00\x1a\x82IDATx\xda\xec\xdd\
\xf9SU\xe7\x19\x07\xf0\xbbp\xbd\x97\xcbv\xb5\x80\xda\
\x8bJX\x04e\x91((\x82PD\x14\xd0Vp#\
j\x5cZK\x82\xc1-c T\xad\x91X#\xb6F\
e\xd4D\x8dB$5.q\x896uI\x13'\xe9\
8N\x8d\xcd\xc4\xb5\xd1fL\xc7\x89\x99\xb6\xd3\x99$\
\x9dN\xa73\xcfo\xbd\xe2\x12\xf6\xbbp\x96\xf7\xbc\xcf\
\xf7\xf3'<\xdf\xef]\xce{\xce\xfb\x1e\x93\x89\x99\x92\
\xa1\xc5i\x89q\x09\x13\xde\xab\x8986\xc2l!\xb2\
\x98G\x1c\x8b\xa8)\x9c\x900(q\xcd\xb6\xa1%&\
\x90T\x9f\x8a\x9c\x9b\xc9I\xd5\xe4EuR\xf2\x877\
V\xbb0/\x99L\xfdvWK\xb6\x95\xfc\xe0\x18\x93\
\xdc\xf8\x1dZ \x83\xbe\x9bO\xa5\xdb( \xb6\xa2S\
\x97~\x81\x09\x1a\x98\xeb\xe2\xa0\x1a;\xf5\x8a\xbd&\xaf\
\x18\xdf\x04\x86\xb4`\xde\x9cPRD\xe8?\xe6-\xc2\
<\x8deSc\xbe\x83\x14d\xcf\x5c2\x0dS5\xcc\
\xcf\xfe\x86\xd3\x8a\xa6\xff\xb0\x03c\xe7\xcd\xc7l\xc5\x17\
^\xfct(\xa9$\xea\xfc\xb6pLXh/\x94\x8d\
!UMn\xd8\x8b)\x0b+2\xd7B\xaa\xb3\xe4\xfe\
\x07\x93\x16Q\xf0\xd5B\xd2H\xd3\xe6 \xcc[0a\
;\xb2ICu;\xc20s\x81\x0c\xdb1\x804\xb6\
\xfbG}0wQ\xbe\xfc\xa7\xd4\x91\x0e\x06\x1f\xc7\x0f\
\x81\x10~\xbf\x82t\x92^\x85\xe9\xebn\xe8\x04\xd2\xd1\
\xca\x1f#\x01]\xbd\x18g#]9\xdf\x1e\x8e\x14\xf4\
\xfb\xf1O;F\xba[\x16\x1f\x8c$\xf4\x11{\x90\x84\
pe!\xb2\xd0\xe3\xca\xbf1\x84\x04aN\x1c\x86<\
\xb4\x96\x91I\x02Y\x11\x89D4\x15T\xe6$\xa1\xd8\
\x1ap\x9fPC\x8bN\x93pV\xe1\x89\x11\xcd,v\
\x93\x80n_B2\x9aX\xd7B\x82jq!\x1d\xf5\
\x8d,\x22a\xad\x98\x89|\xd4V\x15C\x02s_D\
B\xea\xae\xfd5XIh\x8e\xdf\xe1\x16\xa1\x8a\x5c{\
Hx{\xa6\x22'\xb5\xa4V\x92\x01\x5c\xc0v2\x95\
<\x17A\x86\xf0~=\xb2R\xc3_\xdcd\x10\xb7\x8f\
 -\xe5mt\x92aX6\x22/\xa5\xbd\xe3 \x03\
\xb1\xaeAb\xca\x1ao'C\xb1?\x83\xcc\x94TK\
Fco@j\xca9C\x06t\x13\xb9)\xe5_d\
H\x7f@r\x0a\xfd\xfe\x93A\x15 ;%l\xb0\x1b\
\xb5\x00\xf6\xd9H\xaf\xf7.9\xc8\xb0\x1cxF\xa4\xf7\
\xeb\x7f\x1620\xe7Y$\xd8;Cb\xc8\xd0\xdc\x15\
\xc8\xb07R\xd7\x93\xc1E<\x89\x14\x03\x17\x9dI\x86\
W\xe9B\x8e\x81\x0a\xdaC\x12\xb8\x8c\xbd\x83\xcc\x16\x80\
:\xfa\x04I\x06\xe6\xa2C\x8e\x028\x8a\x91e b\
\xdd$\x89\x98\x91H3\x80?\x80E$\x8d\x15\xd1\xc8\
\xd3o\x9f\x92DN\x22O\x7f-&\xa9\x94#Q\xff\
Lt\xcbU\x00\xf7Rd\xea\xd7\x0a\xc0i\x92\xccv\
\x9c\x1f\xe0\x8fD\x92N\x22R\xf5]\xa4S\xbe\x028\
3\x90\xab\xaf\xc2\x8aHBI8_\xdaWe$\xa5\
sH\xd673\xcdr\x16\xc0\x1c\x8bl}\x11|\x8d\
$u\x0d\xf7\x05}\x91F\xd2\x9a\x84t\xbd+Y&\
o\x01\xfe\x97\x85|\xbd\xfa7I\xec\xcf\xc8\xd7\x9b\xa1\
V\x99\x0b`\xc33\xa2\xde\xcc%\xa9\xcdE\xc2=\xab\
\x22\xc9}\x8c\x8c{\xbc\x09\xb4B\xf6\x02\xa4\xe3R\xb0\
'\xc7Iz\xe5H\xb9{\xc3\xc6\xc8_\x80gqK\
\xa0{\xf1\xc4\xc0\x01\xe4\xdc\xed]\xc01\x1c\x0a0\x00\
_\x01\xdd\xd9A,\xecC\xd2\xdd\xdc\x05\xfa\x9aG\x01\
f\xe1B\xa0k\xf7\x88\x09\xac\x05t\xad\x90K\x01^\
E\xd6]\xf9\x19\x97\xfc\xc9\xfe\x06\xd2\xeeB.\x9b\x02\
\xd0-\xa4\xddY\xaa\x85O\x01,\xa9\xc8\xbb\x93\x19\xc4\
\x086\x09t\x12\xbe\x9eS\x01v\xe3\xcdB\x1d\x15\x13\
+\xa5H\xbc\x837y\x15 \x19\x89\xb7\xd77\x8aW\
\x01\xa2\xf0xh{\xf3\x88\x99w\x90y;M\xdc\x0a\
\xb0\x1d\x99\xb7\xb5\xc9\xce\xad\x00\x8e\x89H\xbd\x8d%\xc4\
\xceQ\xa4\xde\xc6\x09~\x05(D\xea\xdf[`\xe7W\
\x00\xc7^\xe4\xce\xf7\x1a\x00\xd7\x01\xed\xad\xe4X\x809\
\xc8\xfd\x11W(\xc7\x02\x98q|\xe8#\x17\x89\xa5*\
$\xffP\x1e\xcf\x02\x1cB\xf2\x0f\xbd\xce\xb3\x00\x03\x91\
\xfc\x03\xa9v\x9e\x05\xb0\x7f\x80\xec[M!\xa6\xfe\x86\
\xec[\x9d\xe2Z\x00\x1c\x18\xf3@:\xd7\x02$!\xfb\
\xfb\xa6\xda\xb8\x16\xc0\xe6B\xfa\x1e\xdf\x12[\xd7\x91\xbe\
G#\xdf\x02\xecB\xfa\x1e\x09|\x0b\x90\x82\xf4=\xde\
\xe5[\x80\x1a\xa4o2E[\xf9\x16\xc0\xfa\x1a\xf27\
e\x10c\xd8&l2m\xe1\x5c\x80\x8d\xc8\xdf\xf4!\
\xe7\x02\xbc\x85\xfc\xb9\xed\x09ko\x14\xf27%q.\
@&\xf27Us.\x80\x1b\xf9\x97\x10k\xc3\xd9\x17\
`(\xef\x02\xd4\xb3/@1\xef\x02lc_\x804\
\xde\x05\x88g_\x80\x19\xbc\x0bP\xc0\xbe\x00q\xbc\x0b\
\x90\x87\x9b\xc1\xbc\x0b\x90\xcb\xbe\x00+y\x17`4\xfb\
\x02\xbc\xc7\xbb\x00M\xec\x0bP\xc3\xbb\x00\xd9\xec\x0b\x10\
\xc1\xbb\x00\x83\xd9\x17\xe0\x18\xef\x02\x8cc_\x80\x11\xbc\
\x0bP\xcd\xbe\x00\xa1\xbc\x0b`f_\x00'\xef\x02X\
\xd8\x17\xc0\xc1\xbb\x00\x0e\x14\x00\x05\xc0O\x00~\x02\xf0\
'\x10\x7f\x02q\x19\x88\xcb@,\x04a!\x08K\xc1\
X\x0a\xc6\xcd \xdc\x0c\xe2\xa4\x90w\x01V\xb1/\xc0\
\x04\xde\x05\xc0\x89\xd1\xcc\x1f\x09\xc3\x19!\x83x\x17\x00\
\x0f\x85&\xf2.\xc0x\xf6\x05X\xc3\xbb\x00\xd8\x18\xc2\
|k\x18\xde\x19\xc0|sh\x05\xfb\x020\xdf\x1e\xbe\
\x9c}\x01p@\x04w\xac\x8f\x88\xa9D\xfe\xa6d\xce\
\x05\xc0!Q8&\x8e\xbd\xe3\x9c\x0b\x80\x83\x22M\xa6\
H\xce\x05\xc0Q\xb18,\x1a\xbe\xe6[\x00<\x0e\xc2\
\xfc\x860n\x06\xdf\xb7\x8bo\x01\x8e\x22}\x8f\xef\xf8\
\x16`-\xd2\xf7p\xf1}m\x1c^ \xdf\xaa\x88k\
\x01. \xfbVl_\x1d\x1b\x87\xec[\xb1}y\xf4\
fd\xdf\x0a\xaf\x8f\xe7\x8e\xe9\xee\xa0YH\xfe\xa1<\
\x9e\x058\x84\xe4\x1fb\xfa`h)\x92\x7f\xb4\x12`\
\xe6\x98\xbfy\x1d\x92\x7f\x84\xe5\x06\xc1?!\xf7\xc76\
p,@3r\x7fl\x11\xc3\xb3\xc2\x1c{\x91\xfb\xf7\
\x18\x1e\x1a\x8f\x93\x01\xdaj\xe4W\x80\xe9H\xbd\x8di\
\xec\x16\x03\x1dK\x91z[\xab\xb8\x15\xe042\xe7}\
\x1d\x80k\x80\xf6\xe6G\xf1\xca?*\x0b\x99\xb7\xc7l\
\x87\x18\xf6\x84u\xb4\x8dW\x01>F\xe2\x1d\x84\xaf\xe7\
\x94\x7fD\x10\x12\xef\x88\xd5iQ\x05\xc8\xbb\x93T\x0b\
\x9f\xfc-/ \xef\xcer\xf9\x14\xe0\x16\xd2\xee\xc2j\
>\x05\xc8@\xda]i\xe2\x92\xffvd\xdd\xa5/\xb9\
\x14\xe0*\xb2\xeeR\xf0\xeb<\xf2\xcf\x0eF\xd6]\xbb\
\xc1\xa3\x00[\x90t7\xc2\xfas\xc8\x7f@\x18\x92\xee\
\xce$\x0e\x05\xd8\x81\x9cY\x7f\x05\xd4\xe1\x0b\xa0\x07\xe5\
\xf2\x17`1R\xeeAP\xba\xec\xf9\x17\xe1\x12\xa0G\
Gd/\xc0Yd\xdc\xb3\xcbr\xe7\xbf\x1f\x09{1\
S\xeag\xc3,\xb1H\xd8\x9b\xbb2\x17\xe0\x8f\xc8\xd7\
\xab\xe5\x12\xbfNz\xebp\xe4\xeb]<\xd6\x80\x98\xdf\
\x13:(k\xfe\x07\x11\xaeo\xff\x03%=/\x22\xe4\
%d\xeb\x9bsr\x16`\x09\x92\xf5Q\xb8\x94/\x92\
\xba\x80\x9b\x00>\x8btJ\xb8\x04\x90\x81\x5c}W \
_\x01\xf0\x9ah\xbfn\x0a]\x91-\xff\xd3\xd8\x0b\xe4\
\x97\x891r\xe5\xef\xc6y\x10~\xca\xc1S\x00\xcc\xb5\
\xc8\x94\xff\xe7\xc8\xd3o\xeb$z\x8fD:^\x0d\x12\
\x80\x91\xbf\x95%\xff\x98MH3\x10\xa5\x92\xbcR\xd2\
Q\x85,\x03S+G\x01j\x91d\x80\x82\xf7\xcb\x90\
\xffy<\x06\x1a\xb0\xe8\x13\xc6\xcf\xbf\xd2\x85\x1c\x03\x97\
\xba\xdb\xe8\xf9G\xe00\x90^\x19b\xf0\x15A\xf7s\
\xc8\xb0w>2\xf4\xd1A\xce\x8f\x90`o-6\xf0\
\xc5\xa0\x15+\xc0\x0a\x98d\xd8\xb7I8\xe2\x91\x9e\x12\
f\x1b\xf4,y\xfb3\xc8N\x19\xe3\x8dY\x80\x02$\
\xa7\x943F\xcc\xff\x0cr\xe3\xbc(lODjJ\
*3\xd8\xff\x00\xc7\xaf\x91\x99\xb2\x9a\x0du5h\xc5\
\xff\x7f\xc5\x95\x1bhE\xc8\x92\x83\xbcTX\x13t\x1b\
%\xff\xdb8\x06D\x9d\xfb\x02\x11\xc6\xc8\xff\xfd\x0ad\
\xa5\x8e\xd4\xb1F\xc8\x7f,\xee\xff\xa9&\xda\x00O\x88\
\x9c\xc7\x03\xa0*\x0aN\x14\xfcb\xc0\xf1\x09\x9e\xffQ\
W\xa9\xd0\xcf\x0a\xc7\x14#!\xb5M\x13x\xefx\xfa\
H\xe4\xa3\xbeu'E\xcd\xff$~\xfe\xb5\xf1\x94\x90\
?\x031\xe5HF+\x8b\x04\xdc=~e\x1ar\xd1\
NP\x99`g\x888g`\xff\xbf\xb6\x22+\x85\xfa\
\xf7\xf7S$\xa2\xb5\xb0\xe9!\xa2\xc4o.\xc3\xf9O\
z\x18\xf9\x85\x18\xf9_[\x88,tZ\x17<\xb0U\
\xff\xf8\x8f\x1d@\x10\xfayq\x90M\xdf\xf8\xa3\xee\xe2\
\xfcg}U\x8c\xd63\xff\xcb\xb1H@wGt{\
\xcfPQ)\xa6/\xc4_\x81)uz\xc4?\xf88\
.\xfdE\x11~\xfc]\xcd\xe3\x9f\x84K?\xa1V\x05\
\xf6iz\xa8X\xdd\xbep\xcc\x5c4g_\xd5j\xef\
\xc0\xf6\xcd\xf8\xf2\x17R\xfd\xa7\x1a<:nI\xf9\x0a\
\x93\x16\xd6\x07e*\xbf}xr\xc3^LYhA\
\xa5)\xa1\xaa\xad\xfa$\x97\xe2\xbb\xdf\x00\xb2\x9a\x0f\xaa\
p\xa6\x84\xbd\xa99\x0b\xb35\x8a\xa5\xd3\xf3\x15\xed\x80\
=\xf3\xe8\x02L\xd5X\xf66\xef\xef\xa7\xd0\xdd\xde\xb9\
\xcd\xf8\xe17\xa4\xe8\xaaC\x03{yih\x1fx\xa7\
t\x1d&i`}\xaf\xc6%\x05x\xc7\xd0v!.\
\xe7ILP\x02\xae\xebG[\xb2\xfd\xdaRd\x1d\x90\
\xbc\xeb:\x1e\xf2\x96J\x9f\x8a\x9c\xb7Fez\xddb\
\xee\xce\x1cu\xf3\xc6j\x17\xe6%\xab\xe1\xf5U\xf1\x05\
y\xb9\xa3\x9b\xb2#\xc6U\x9b\xa3<\x17\xf7\xe6\xeaq\
\x83\xb3\x9bF\xa7\xe4\x8d\x8f\xaf\xaa\xc7\xe3\x1d\x00\x00\x00\
\x00\x00\x00\x00\x00\x00\x00\x00\x00\x00\x00\x00\x00\x00\x00\x00\
\x00\x00\x00\x00\x00\x00\x00\x00\x00\x00\x00\x00\x00\x00\x00\x00\
\x00\x00\x00\x00\x00\x00\x00\x00\x00\x00\x00\x00\x00\xde\xc4\x1e\
\xbe\xf7D\xed\x9do^9xb`\xff\x9d1fs\
\xa8\xbao\x0e\x0d5\x9bcv\xf6\x9fu\xe2\x8bW\xbe\
\xb9S\xfb\xc4\xbd\xc3\xb1H@g\xa43$\x80\x02\x00\
\x0a\x00(\x00\xa0\x00\x80\x02\x80\xa2\xa2\xaf\xde2z\x01\
Rr\xf0*\xc2\x00e\xed\xfb,\xc4\xfb\x80E/\x00\
Q\xe8\x9c5\xa9H\xd3_\xc3\xd3\xae\xd9|\x1c\xb0\xe8\
\x05\xb8\xff\x1a\xeak\x1b\xfa\x22S\xdf\xf5\xf9\xf2\xb3(\
\xbf\x06,z\x01<\x9cs\x9ez\x0d\xc9\xfad\xed_\
\x7f\x15\xc0\x80E/\xc0\xfd\xf7R\x7f\xbe\x16\xe9z3\
uvv\xc0\x03\x16\xbd\x00\x1e\xcf\x1e-A\xc6=\xc8\
\xf8o\xbf\xde\x0dX\xf4\x02\x10\x85\xfc\xf30r\xee\xe6\
\x97\xffF\xa6\x02\x03\x16\xbd\x00\x1e\xb3\xd2~\x82\xb4;\
\xff\xed?\xb7S\xa9\x01\x8b^\x00\xa2q\x0d\xf3\x91x\
;K\x0fU+9`\xd1\x0b@\xf4\x83\xb8X\xa4\xfe\
\xd8\xc2\x04\x9b\xd2\x03\x16\xbd\x00D\xb6\x9f\xd7#\xf9\x07\
\xf1\xa7X\xd5\x18\xb0\xe8\x05 r\xbcY\x81\xf4\xbd\xc4\
/u\x01<\x15xz\x08\xf3\xf8c[lj\x0eX\
\xf4\x02\x10Y\x13^b\x1c\x7f\xc9]\x8b\xda\x03\x16\xbd\
\x00D\xce\xb8\x1fr\xbd\xee\x7f~\x99\x16\x03\x16\xbd\x00\
D1KX\xae\x0bl\xae\xd3j\xc0\xa2\x17\x80h\xf0\
\xc6`n\xf1\x0f\xc9\xd7r\xc0\xa2\x17\x80(\xff\x0dV\
\xf1O\xfd\xbb\x93P\x80\xf6\xcb\x02o/g\xf4\xed?\
Y\xfb\x01\x8b^\x00\xa2\xad\xe5\x5c.\xfd&\xe83`\
\xd1\x0b@4\x97\xc3\xf2p\xd0\xf3!\x84\x02t\xc3\xdc\
\x18$\xfd\xc7?_\xcf\x01\x8b^\x00\xa2\xc2_\xe2\xe3\
\xcf\xba\x00d^\x12.o\xfe3\xf3\xf5\x1f\xb0\xe8\x05\
\xf0|\x09\xcc\x945\xff}#\x08\x05\xf0A\xbf5R\
\xc6\xbf<E\x94\x01\x8b^\x00\xa2Q\x12\xee&\xfaj\
\x00\xa1\x00>\xdb-\xdb\x93\xa3A\x89NB\x01\xfc`\
\xab\x95\xea\x820k\xb4h\x03\x16\xbd\x00D/K\xb4\
\x99\xec7\xfd\x09\x05\xf0\xdb\xfaHY\xf2\xdf\x12B(\
@\x00\xcc\x07\xa4\x88\x7fX\x9c\xa8\x03\x16\xbd\x00\xffg\
\xefJ\xa3\xb3\xac\x8ep\x96/\xdf\x92}%\x0b$\x10\
\x08\x09QC\xd8\x97$\x10\xb6\xb0$a\x0d!\x1bd\
!\x04A\xd6\x80\x0d\x8b,\xb2C\x08 \x88P\xb0-\
\x08*\x05O-\x22E@D\xa1\x14\x8aT\xdac\xab\
\xadR\xa1\xf6\x14\xb5\xa7\xfe\xa8\xed\xe9i\xef\xbf\xba\xf4\
G=@\xee\xdcwf\xee\xfb\xbd\xbe\xef\xfc\xcf\xdc\xf9\
\x9eyr\xdf;sg\xe6\x0a\xf1\x81\xdb\xfa\xfe\x8f\x19\
*\x1c\x02\x18\x96\x15\xaf[\xdd\xff\xa5\xb3\x85C\x00\x84\
DY\xfcn\xe0\xcdN\xc2!\x00J\xfep\xdc\xca\xfe\
\x1f\x1d$\x1c\x02 %\xb4\xd0\xb2\xee\xf7]\xf2\x08\x87\
\x00x9f\xd1\x8a\xd1\x88_Y\x04`\xbf\xb7/?\
\xdb\x8a\xfe\xefpM8\x04 \xb2od\xb4\xf5\xfc\xdf\
2T8\x04 \xb3o\x84\xe5&\xcb,\xed)\x1c\x02\
\x10\xdaW\xde\xdbZ\xfe\x9f<[8\x04 \xb5/\xaa\
\x8f\xa5\xfc\x1f%\x1c\x02\x10\xdb\xb7\xdeB\x0c\xd8\xfa}\
\xe1\x10\x80\xdc\xbe\xe2>v\xf4\xbfC\x80\xffc\xc0\x1a\
\x1b\xfa\xdf!\x80\xe5\x18\xb0\xb5X8\x04`\xb2\xafx\
\xb2\x05\xe2\xbf\xd9\xc2!\x00\x9b}I~?x\xbee\
\x94p\x08\xc0h_\xb9\x9fg\x84\xd6\x0e\x15\x0e\x01X\
\xed[\xd1\xc1\x9f\xfd\x9f=@\xd8\x89\x00\x81oo\xbb\
,\xb3\xaf\xcf\x8f\xde\xa6}\xcct\x89\x1f\xdf\x0c\xf92\
\x84}\x08\x10\xf4\xc6O\x80\xfd;\x1d*\x0e\x87\x12.\
\xdc\xd7\x7fo\x87o\x09\xdb\x10 \xe9\xaaR\xd9~\xca\
\xd5\xc7\xe9\xd6\xfe\xd8_\xfd\xdf\xcdc\x13\x02x\xda^\
S\xfe/\xf4\x1d\xaf\xa2\x82\xc7\x93\xe3\x9f\xfe\x7f/H\
\xd8\x82\x00\xde\x1a\x83\x1d\x1b\xd3zxi,\x08}\xcf\
\x1f\xfd\xdf\xb9\x93\xb0\x05\x01\xaaz\x19\xc7(\x93\xe8\x90\
\xdc\xd1\x0fG\x0c\xa7D\x09;\x10`\xdf8\x1cL\xaf\
-\x221#m\xa9\xbf\xf9?b\x8f\xb0\x01\x01\xe2\xa6\
\xa0\xe7\xb7D\xbc\x14Ka\xc9P\x7f\x0b\x06o\xf0\x9c\
\xb6\xfa\xcd\x93-\xbc\x7f\xa8W\x9b\xff\xab\x8bH\x8a%\
\xda(l\xe9\xea_\xfe\xff\x01\x07\xde\xcb\xca\xb6B\xd6\
~\xf6\xecl-\xee\x8f\xddF\x14\x80\xfbN\x84\x11\x98\
\xb3\xc3\x9f\xfc_\x1fH\x7f\xd6>\xbc\x0b\x8e\xf7\x9b\x07\
\xf8\xb7\x81\xe4\xb9tx\x95\x0e\xc2\xdb\x13\xeeG\xdd\xe3\
3\xc8\x0f\x80!'\x15\xe1\x9e\xfa~\x08\xaf\xff\x9f\x8b\
\xa6D\xac\xc3s\x04\x07A\xbfyy\xcc\xb5\x8e\xfa\xbf\
?\xbf\xd4@\x1dB>\xe3.\x102\x85\x1a\xb4\x8bx\
\xc2\xb6\xf9\xcb\x14\x99\x89\xc4h\xffp\xa51;\x1aF\
p\xf9?w\x1c=j\xbb\xe2\xd0fM\xf4\x0f\xff\xef\
\x0e%\x05{A\x8e\xe1\xb3\x96\xef\xf9\xa3,\xfe\xdf\xd9\
\x8b\x03\xb7\xf8\x02tF\xf0\xcf\xfe\xe0\xff\x87\xd2H\xc1\
>\x80\xea\x80H\xb9\xc2\xe0\xff\xf5\xa5<\xc8uA\x17\
O\xa6\xb5\xf8\x01\x01\xfa\x92\x86Z\xe8!\x999a\xd4\
\xfeO,\xe2\x82n\xf2@\xacm\x8d\xe6\xfb\x7f4i\
\xa2\xf52\xde\xa0\xce\x83h\xfd_\x5c\xc4\x07\xde\xe4\xf5\
X\xeb\xba\x99\xed\xff.\xb1\x84Xoj\xa60\xa9\xf9\
\x0dJ\xff\x17t\xe1\x84o*\xf6\x1c\x10kr\xa5\xb8\
\x8f\xf0\x0a\xc0s\x89(\xac\xf1\xdd\xa2+L\x88[\xc9\
\x0b`/l,\xb0\xc2\xdcX\xf0*a\xf0\xbf\x91\xce\
\xac\x8d\xc1DF\x05?\xca\x8d\xe0\x18\xac\xa9\x17\xcd\xf4\
\x7f)\xdd\x89+t3\xa5a\x93\x88\xf2\x82\xfb\xf91\
\xdc\x8f41\xcc\xc4\xe7\x05\x5c+\xe8Rm%\xb4\xa6\
m'IN\xe4\xeb@\x11;Ig\x84yO\x8cL\
!\xf3\x7f\xf0\x1cj\xdb&\x11$\x86\x1f\x8f\xd6\x81b\
\xf4>\xa4\x99/\x99\xe5\xff>dw\x80\x9e\x13\xf4\xd6\
MG\x9f\x04\xc34\x15^MC\xe2\x18hV\xdf8\
]\x17\xc8'\x1c\xe6]\xc2Z\xb5M\x17\x90\x8b\x91\x86\
\x8e4\xc7\xff\xb7\xc9\xfc\x7f\x85\xa5\xd5\xc1u\x18g\xd5\
\xa7\xda\x1a0|/\x22\x01\xdcn\x86\xff'\x9c#\xcb\
\xff5\xf3X\xb8\xf0/\xa8\x0f\x80\xc6\x8du\x0d2\x9a\
:\xd7l\x02\x01\x8eQ\xf9\x9f\xefS;\x17\x83\xebS\
:\xc1<\x8b\xc4\xf0\x98~\xff\x1f$\xab\xc0a\xecs\
\xc9AlKZ\xcbn\xb3\x7f\x8a\x8c\xa2[\xb5\x13\x80\
\xac\x0f\xfc\x00\xa7\x95\xc6\xa7\x95\xaa\x96\x80\xd4\x96\x5c\xb8\
\x92u'688\xf6N\xd6\x95\xdf\x95\xccT\xfc\xf3\
]H\x14\xf7\xe8\xf6\xffv*\xff\x1fe\x9d\x80\xb8\xdc\
h\xbbR\xb5\xd2!nu\xea=\x8f\xe2\xcd\x1erW\
\xe9\x10\xf9)\x12\xc7\x7f\xea\xf5\xbf;\x91\x8a\x00\xcc\xaf\
d\xa6\x1bLL|\xa1p\xd6|\xea\x01O\x22\xae/\
S(\xdb\x5c\x89L[$\xe9}]\x86,\x078\x82\
9\xd6r\xfd\xcd\xd8\xc54x\x81\x19G:\xb6s\x97\
x\xab?X\x112h\x15St\xfa\x7f\x06U\xed\x9d\
\xa7\x81\xdb\xd4\x7f\x18\xf9\xcf\xf2\xf4\x82\xf2+gA\xfb\
\x9a:5A\xafk\x1b\x90[@'\x9dU\xe2\xa9T\
\x1b\x80\x86\x92&#%km@\xdd\xa5\x80\xfd\xe5e\
\xe8m\xdd\x87H,S5\xe6-\xa8\xea\x80CJ\xf9\
\x8d\xad3\x10\xaf\xee\x82\xa9\x9e\x03z\x0e=\x17x\xd1\
\xfd\x0b\xec\x85\xba\xbe\xe2\xa0\xcf\xa86\x80\x93:\xacU\
\xbfnM\x02m\xdb.\xf0\x83\x88\xa90}\xd8\x12\xd1\
\xcft\xf9\xbf\x8e*\x07\xe4U\xc9\x01\xc6T\x0cY\x97\
\xb8!(hC\xe2\x92\xd4\x1d\xcbU\xf2\x81\xca\x17\xc3\
\xa02\x10w\x0d\x5ca\x8f\xf1\x10\x8d\xf3,\xb0\x9f~\
-d\xb3\xc0\xae\x81\x97LY\xdc\xef[g$\xcf\xac\
\xc5)l\xb7\x96!\x90q\x9c\xeej\x15\x95\xeb A\
Zo\xec?V\xbe\x1e\xff\xcf\xa5*\xb8\x13o\x01W\
\x9c\x9fz\x9f\xa4~\xe0\xdfk\x81\x7f\xfe\xa8\xa2YU\
\x90\xfdZ\xf1lY\xe3b`\xea=;\xea\x5c-\x04\
8D\xe5\xffDX\x0e`|\xf7\x07\x94\x9e\x07\x96\xc1\
\x92\x1f.\xc5\xde%H\xe7\xbdr\x1c\x04\x19\xe8\x80\x9e\
\xb2\xd0C\x87\xff3\xc9\x9ap\xb7\x80\xd6k\xaf\xd1#\
\x19\xf6\xb0\xeau%\xb3\x12\x00\xf3\x1f7\xab\xffZ\xc0\
S\xe0-\xd89k\xde'5\x10\xe0a\xb2:0\xd0\
\x85{^\xbb\x9d'\xb1\xa0Z\xd25J9\x96%\x80\
\xf8?W\xfd\xe7\xc6\x02\xba\x9e\xaa\xb1\x98>\xcc\xef\xff\
\x22\xb2^\xe0\xc1\x90\xe5*%\xfb\x8d\x17T\xb7\xd5O\
\xc5\xae&\xf9\xe5\xcf\xabLY\xef\x8bXLC\x8b\xd8\
\x090\x84\xac\x10l8`\xb5&\xb9\x9a\xc5\x005\xc3\
T\xec\xaa\x93\xaa3Xf \xef\xe3\xbb\x8c\x06u\x08\
\xb7\xff\xfb\xc7\x91\x11\x00\xf0\xbd\xca\x03\x9c7\xbcy\x80\
s\x8b\x82Y\xef\xc8oB\x16\x18\xfb\xc1\x1b\xe47C\
{\xb1\xa0\xc6\xf5g&@\x19\x99\xff\xe5@\x07t\x06\
u\x9e\xc6\x02N\x82\x0a\xc0\xf6\x95*;c\xf4'\xcb\
\xa7<\xf7@\xc3Z\xc6\xeb\xffg\x0a\xc8\x08\xf0{y\
\xfc\x97\x0c\xd3\x94,\x8f\x06\x15N\xae\xd2C\xc5\xc2\x8e\
F\x7fr\xaet\x9e\xc3b4\xac\x05\xcf\xb0\x12\x80p\
\x1a@:\xddn3L\xaa\xea\x04\xdc\xae\x1f3fl\
\xa5c/W\xe3q\x1d\xcdJ\x80Yt\x04\xc8\x94\xe6\
\xff\xc0\x0d3a\xd2\x0a\xbc\x83`\xb3\x82'\xc8B\x00\
\xc4\x9dM\x92,\x10h\xc6'Yfq\xfa\xbf\x81\xce\
\xff\xe1\x11\xb2\xc5^!L\xb3e'\x80\xd3\x93\xac\xff\
\xa4\xd2\xede \x1eY\xce\x89\x06'\xe9\x08\xf0s\xe9\
\xfd\x8fB\xc7\x5c\x98\xf4f(\x0b\xaaj\x00k1\xcc\
\x0b2\xedK\xf0\xc8\xbe\xcf\x18\x03\x12\x0e`\xca'=\
\x0fI\x937\x8dd.J\xc2\xfc\xeae\xac\xf4\xfa\xdf\
\x15\x09_$H\xd7\x0e.\xc4u\xd2\xec\x9d4\xabx\
\x1e\xaaI6p\xa3\x16\xf7\xb3gj\x80\x98mf\x88\
\x8fr*\xf7\xd3\x92\xc5\x1eQ\xca\xdf{d\x0f(<\
\x0f\xd5T!QT\x82\xfb\xd92\xf5y\x04\xd0.\xe3\
\xaa\xb4\xbeK\xe8\x7fq\x5c\xb2\xd8$5u\xb2\x01\x13\
oA\x15\xdd\x95(\xba\x80\xfb\xd9\xa7\xf8\xe3@\xc0Q\
\xd3\xa0|NI\x80L\xda\x8f\xa1\xec\xd3\xdd\x0aU$\
\xabRC\x8e\x22\xbd)Q?\x8d\x02\xdb\x0fx\xfc?\
\x9e\xf4U(Y9\x8f\xe2\x04r\xd9\x8c\x84\x22\xa8\x22\
Y\xb5a\x16\xeeg\xf7\x93\xa8\x7f\x96\x02\xdbN\xe3Y\
\x08p\x9b\xd2\xffb\xa1d5\xc5\xde\xb3$\x89\xba\x87\
\xa0\x8ad\x9d\xf6wp?\xfb\x9c,\xcfL\x02\xeem\
\x16\x02\x1c %\x80\x8c\xa4\x8a7n\x1bd\x97\x18P\
E\xb2T:2\x12\x8e\xa5\xb2\xb3]a\xe9\xb8\x8e\xa1\
}\x17RV$\xa9\xb8Z\x82D\x9d\x8b\xca.dE\
l\x88D}$\x09\xb8A1\x0c\x04\xd8H\xea\x7f\x11\
\xa9\x97\x00``e0`\x7f7\xb7\xfeod:\x03\
\x01\xfeEK\x80\xb5z?\x01\x1d\xecE\x80\x17\x19\xbe\
\x00\xc4\x8f2\xc9Jo\x153\xae\xb2C`\x8b\xbd\x08\
\x10B\xdf*<\x9a\xd6\xffb\xbe\x9f\x86\x81\xdf\x0d\x02\
0T\x05T\x11\x13\xa0^\xb2\x9eb\xf1\xa9,\x11\x14\
o3\x02\x5c\xa3\xf6\x7fs81\x01\x88S\xc1\xb2\xca\
\xd0\xd36#@\x02\xf5\xe4\xc09\xc4\xfe\x97\xeeQ\xc4\
\x97AO\xd8\x8c\x00\x82z\xfav#5\x01\xce\x90V\
\x9fI\xaf\x83O\xd9\x8d\x00\x19\xb4\xfew-\xa0&\x80\
\xb4\x89\xa9IE\x9b\xb4 $\xc3n\x04\xd8@\xfb\x94\
\xccJj\xff\x8b\x9e\xd2\x920\x85\xa4k\xa04\xf3U\
n7\x02\x88/H\x09PFN\x80 \xe9(\xd6\xae\
pe\xd2\xa2Pw\x90\xed\x08\xd0\x9d\x94\x00{\xc8\x09\
 \x0e\xca\xd6\xac\x05o\x01\xf2\xb2\xf0xa;\x02\xfc\
\x8c\xd2\xff\x0bC\xe9\x09 OWw\x87\xaa\x92\xb7\x99\
V\xda\x8f\x00\xa1\x94\x81\xe0G\xf4\xfe\x07\x0c\xb4q'\
\xc34\x95\xcb[\xc3\x1a\xedG\x00\xf1\x11!\x01n0\
\x10`\xaf\xbctq\x15\xa8\x15\x19\xd0\x1c\xea+\xb0!\
\x01n\x10\x12 \x8b\x81\x00\xd2d\xf0\x97R\x02i\x0f\
\xaf\x90\xeb\xe9%lH\x80E\x84y\xe0`\x0e\x02\x0c\
\x03\xac\x0c\xf8vCF\x84\x94\xd9\x91\x00^\xba\x06\x91\
\xd3\x1c\xfe\x17Y\x90\xa5\xa7\x93\x8c\x88\xe9iG\x02\x88\
\xbf\x92\x11\xe0<\x0b\x01\x04h\xb0eI\xbbC\x22\xe2\
* :\xea\x84-\x09p\x8b\x8c\x00\x1f\xf2\x10\xe0:\
h\xf1U\xed\xc4\x02\xe5\x97\xc9\x09\xfc\x1d\x22\xc0\xaf\xa9\
\xfc\x1f\x11\xc7C\x80\xf5\xb0Go\xdd\x13\x1f\xb0\x09\x84\
m\x81\xd5\xbfG\x16\xdb\x93\x00\xb1\x11D\x04\x88\x17L\
\x02\x9c\xca\x1e0\xb3\xeb}\x92\x82a\xa9\xd0\x87\x99\xc6\
\x08{\x12\x00\x12g\x81$\x87\x8b\x00\xf0\x97\x99R\x9a\
\x06\x7f{X\xf4\xe0&x\xe5s\x9b]\x09@\xf5\x1e\
\xd3\xe7\x5c\x04\xf0d*X\x11S\xf1\xc2\x92\xa4\xaf\xc6\
\xc5'\x8d\x1c\xb2C\xe5\xa9\xb1V\x8f]\x09@\xd5#\
8\x8b\x8b\x00:&\x9b\xaa\xd6\xb2\xc8\xb4e\xa74\x14\
\xf65t(\xcam\xcci\x88\xc9\xd6I\x80\xc14\x00\
F\x84\xb3\x11 X\xc3\x03\xed\xd3\xbc\xa4\x04\xf8Z\xa2\
\x0b\x95g\xf9$\x16F\x83TS\xc2\x1b\x18I\x82`\
g\xc1'\x87\xf8\x09\xb0I\xd0\x13\xe0\xab\xd0D\xe9\xdf\
\x22\xbc\x0c\xda\xb0K\x0a\xef*\x12\x04\xf3\x18\x09\xe0Y\
\xcd\xed\xffw=,\x04\xf826\x8a\x82+M\x83\x9f\
\xc7I\xe1\xcd#\x81\xf0\x14#\x01D?\x17\xaf\xff]\
\xaa\xf7Xp\xd5\x8f$Cu&+\x9cYI\xd1=\
e\xc6\x1e\xaa(\x1by\x09P)\xd8\x08\x10\xd0\x1b\xb8\
\x07\xa4\xa9\xc4,\xa4\xe0n\x22\xc1p\x1f+\x01\x1e\x9b\
\xc9\xe9\xff\xda\x5cF\x02\x04\x1c\x04\x9d\x03\xc2\xe3\x03\xcc\
\x22\xc0 \x92  \x88\x95\x00\xf2\xc9\x8c\x08\xf1\xa9\xcf\
]T\xd2\x0fz\x87`b\x80i\x04\x08\xa2H\x06O\
\x15\xccR\xc9G\x80&\xc1K\x007 \x1aLt\x9b\
G\x00\xd1\x85\x00\xc4q\xdc\x04\x08\xcc\xe4\xf2\x7fk8\
3\x01\x02\x0a\xe5\x0a\x0b\x03L$\xc0i\x02\x14\xa7s\
\x13@$\x8d\xe5\xf1\x7fK\xa2\xe0&\xc0\x04iN0\
7\xdaL\x02\x9c \x80\xf1\x8f\xec\x04\x10U,\xb1`\
\xa4\xa1w\x18\x15\x17\x91\xbe\x1f\xab\xfa>:-\xb2\x7f\
\xf2\xfb(\xf0\x1bay\xf9\xdc\xd8\xdc\xe5\x00\xe2o@\
\xa1\xa9\x04\xa0\xc8\xb4\x0e\xd6@\x00\xd0\xd3_\x8abp\
\xec\xb2\xe2*\xbbe\xfa\x1aL%\xc0\xcb\x04@\xee\xd4\
A\x00/\xf9H\x93\xd1^-\x04H\x91\xe9\x8b1\x95\
\x00{\xf1@\xba\xbd:\x08 \x82'\xd1\xfa\x7f\x92\xd1\
JvUxd\xfa\xdc\xa6\x12\xc0\xebF#9_\xe8\
\x91\xe0n\x94\xfe\x7f\xda\xf0L3\xb7\xb9\x04p\x13\xc3\
Z\x8b\x86\xb2A\x13\x01\x84\xf7*\xe1\xf7\xdf\xf8\xb6\x15\
c\xee' \x85\x18U\xfc\x03B\xbf\x11\xda\xe4\x15\x9a\
\xfa\x85\x00\x17\xe6\xdd\x15\xc5C\xdbn\xdd\xfa\x14\x05\xdf\
\x1c\xf2\x84>\x02\x88*\x92\x8cP\xcb\x00\x8c\x0d\x8aa\
[\xban}\x8a\x82\xff\xb0\x9e\xd5H\x00\x91H\x90\x15\
n\xc5=l\xd3Wm\xb5\x1e\xba\xf5)\xca<4\x9e\
\x97t\x12@\x84_E\xbew\xe3\xdb\x16\x88\xb3 N\
)u+O\x05S\xebS\x94O\xd0\x04\xf8\xb7\xd0+\
#\xe7c\xac]\x8e\x7fw\xaf\x90x\xc7.4\xf3\x0b\
 \xfe\x83&\xc0M\xcd\x04\x10\xb9\x95\x86o\x06\x5c\x95\
\x8f\x11|\x86\x14\x027w\x9a~}\xbas\xc1\xd5B\
\xbb\x8c2X)\xfa.M\xd6z8|\xc5\xeef\xe8\
S\x92uh\x02\xbc\xaa\x9f\x00\xc2s\xf3IuC\xeb\
6yhV\x87\x97p\xd5'\x98\xa1OIF\xa0\x09\
\x90,\xcc\x90\xe0\x8cV\xc5\xb3\x7f#]\xca:\x0aX\
\xc4\xb9<\xca\x1c}*\x92\x8c&\xc0@a\x8ex\xaa\
\xc7\x80\xf3B\x91c\xda<\xa4\xa8\x81<\xb6<\xd9,\
}*'\x1a4\x01\xde\x11\xa6I\xf1y\xd0\x0c\x91\xba\
\xf3\xc5\xd4+G\x01v\xed^Q\xe6\xe9\x83\xcb\x1d4\
\x01\x8e\x0a3e\xd4\x96\x95\xed'\x06\xea\x87\xf5\xe4X\
7\xfc{\x92V.\xf7\xf0\x043\xf5\x81e\x01\x9a\x00\
\xb1\xc2d\xd9\x991\xbd\xfe\xbe=\xb5\xee\xfa\xca\xc6\x02\
\xb6e\x07\xa6\xb7\x93\xc1\x99\x90\x9ef\xb6>h^\x0b\
M\x80\x04\xe1\x07\x12\xb4(\xe3H\xb7\xd3\xf1Ec\xd7\
FF\xae\x1d[\x14\x7f\xba\xdb\xa9\x8cr\xe6~\x05\x11\
W\x93\xbe;\xe5\x9e \xde\x9d\xb2;\xbd&\xce\x1f\xf4\
\xc1\xb6\x1e4\x01B\x85#\x16\x96P4\x01\xbc\x0e\x88\
V\x96`\x87\x00\xf6\x16/\x9a\x00\xe1\x0e\x88V\x96@\
4\x01\x0a\x1c\x10\xad,;\xd1\x04X\xe4\x80he\x19\
\x85&\xc0!\x07D+K\x0d\x9a\x00G\x1c\x10\xad,\
g\xd0\x04(q@\xb4\xb2T\xa0\x09\xb0\xd4\xe3\xa0h\
]\xf1\xbc\x8e\xaf\xb2Mv`\xb4\xaeP<\x1b\xf3\xb1\
\x03\xa3u\xe5\x02\x01\x01:;\xdf\x00\xeb\x0a\xc9\xa8\xd0\
Y\x0e\x8eV\x15\x9ai\xd1\xbft\x80\xb4\xaal&!\
@d\x92\x83\xa45e6Q\xb7\xedo\x1d(\xad)\
;\x88\xba\xed}+\x1c,\xad(+|D\x04\x08h\
\x0dq\xd0\xb4\x9e\x84\x10\x0e\xe0\x1c\xf6\xdf\x8d\x06\xe7\xd0\
\x03\x0e\xd4\x8b\x7f\x06\xce\xc6\xd1\xf0\x1cj\xa0\x87\xaa\xa7\
o\x0a\xae\x1f\x0d\xd1!\xd6\x03\x10d\xa0*\x08\xdc9\
\x1a\xa6C\x09\x9cue\xa02\xc8<;\x1a\xaaC\x07\
L\xc9d\xa0:\x88+\x1f\x0d\xd7\xa1\x02\xd6\x1b1\xd0\
\x00\x08:\x8f\x86\xec\xd0\x00\x8d\x82\x0c4\x01\x9c\x8e\xa3\
\xe3\x01C\xa1\xff_J\xbb\x9b\xd8\xd4\xecF\xc3w\xb0\
\x83\xcd\x06\x0c4\x04\x9c\xbd\xa3\xfd\xc1A\x0d\xcc\xe7p\
2\xd0\x16\xf0YY\x8e\x06\xf3 \x05\xec\x96ky\x19\
\xe8\x00B\xae\x84\x8e\xae\x12\x1a|\xb1\x1f\xfa0\x93\x81\
n`w\xf8\x22\x0d\xbd>\xc6\xd1t0\x18b\x9e\xb1\
OOcQ\xb8\x14y1\x09\x00\xb0\xb8B\x81\x9eS\
\x15\x0d\x00\x00\x00\x00IEND\xaeB`\x82\
\x00\x00\x1ea\
\x89\
PNG\x0d\x0a\x1a\x0a\x00\x00\x00\x0dIHDR\x00\
\x00\x01\x00\x00\x00\x01\x00\x08\x03\x00\x00\x00k\xacXT\
\x00\x00\x03\x00PLTEGpL\xa3\xa3\xa3\xa3\xa3\
\xa3\xa3\xa3\xa3\xa3\xa3\xa3\xa0\xa6\xa8\xa3\xa3\xa3\xa3\xa3\xa3\
\xa9\xa8\xa6\xa3\xa3\xa3\xa3\xa3\xa3\xa3\xa3\xa3\xa3\xa3\xa3\xa3\
\xa3\xa3\xa3\xa3\xa3\xa3\xa3\xa3\xa3\xa3\xa3\xa3\xa3\xa3\xa3\xa3\
\xa3\xa3\xa3\xa3Gk}\xa3\xa3\xa3\xa3\xa3\xa3\xa3\xa3\xa3\
\xa3\xa3\xa3\xa3\xa3\xa3\xa3\xa3\xa3\xa3\xa3\xa3\xa3\xa3\xa3\xa3\
\xa3\xa3\xa3\xa3\xa3\xa3\xa3\xa3\xa3\xa3\xa3\xa2\xa3\xa3\xa3\xa3\
\xa3X\x95\xb4\xa2\xa3\xa3\xa3\xa3\xa3\xa2\xa3\xa3\xa3\xa3\xa3\
\xa3\xa3\xa3<\x8b\xb0\xb3\xe8\xff\xa3\xa3\xa3;\x8c\xb2S\
9,\xa3\xa3\xa3\xa3\xa3\xa3\x89\x9e\xa89\x8a\xb0X<\
-\xa0\xaa\xb0r\x9a\xad7\x88\xae9\x89\xaf:\x89\xaf\
L4*X<->\x8c\xb2\x9b\xd6\xf6X<->\
\x8d\xb3\xa3\xa3\xa3R8+;\x8c\xb2S\x9e\xc1D\x95\
\xbd4\x85\xab\xf2\xda\xbd[>.N\x9b\xbf\x5c>.\
W<-\xf6\xe4\xcf\xf2\xd8\xb8\x8eiQC\x93\xbbO\
6+\xf4\xdd\xc2\xf6\xe4\xd0\xf5\xe1\xc9\xf2\xd7\xb6R8\
+\x95\xd7\xff\xee\xd2\xb2f\x97\xafG\x91\xb5g\x95\xac\
\xf0\xd4\xb7\xf1\xd7\xb7\xf2\xd9\xb9cC0U:,H\
2)\xe8\xc4\xa2\x94{fbB/\xf4\xdf\xc6\xac\xdd\
\xf5\xf0\xd3\xaf\xf8\xe9\xd8o\x98\xac\x95\xd7\xff\xf8\xeb\xdc\
_\x93\xac\x84iW\x91\x9f\xa5E0)\xaf\xc9\xd7\xf4\
\xe0\xc9jUID7\xc2\x95\xd7\xffC\x94\xbcB\x93\
\xbbD\x95\xbdO7+I\x99\xc2?\x90\xb8L\x9c\xc7\
R\xa2\xceM\x9d\xc8F\x97\xbfN6+P\xa1\xcdc\
C0G\x98\xc0N\x9e\xcaJ\x9a\xc3K\x9b\xc4>\x8f\
\xb6@\x91\xb9J4*<\x8d\xb4U\xa5\xd2E\x96\xbe\
T\xa4\xd1A\x92\xbaT:,\xf3\xdd\xc1\xf2\xd9\xbb:\
\x8b\xb2=\x8e\xb55\x87\xad9\x8a\xb1\xf4\xde\xc3X\xa8\
\xd58\x89\xb0;\x8c\xb3\xf2\xda\xbcS\xa3\xd0\xf1\xd7\xb6\
L5*\xf0\xd4\xb27\x88\xaeW\xa7\xd4H\x98\xc1\xf1\
\xd6\xb4\xec\xc8\x9cS9,3\x85\xab\xf0\xd3\xb0I3\
)A\x92\xb9\xf3\xdc\xbe[\xab\xd8\xf5\xe0\xc9Q8,\
\xf6\xe3\xce\xef\xd1\xac\xf9\xec\xddO\x9f\xcaF1)^\
\xae\xdbZ\xa9\xd6O\x9f\xcb\xee\xce\xa7\xe9\xbe\x8e\xf8\xe9\
\xd8\xbb\x89g\xed\xcb\xa2\xed\xca\x9f\xf4\xdf\xc7\xf5\xe2\xcb\
\xea\xc1\x94\xf2\xd8\xb9\xea\xc0\x91\xf6\xe5\xd1H\x98\xc0\xf0\
\xd2\xadB/(I\x9a\xc2\xb9\xec\xff\xf7\xe7\xd4\x5c\xac\
\xda\xf9\xee\xe1\xe8\xb9\x87V;-w\xb6\xd1\xef\xd0\xab\
P\xa0\xcb\xfa\xf1\xe5\xef\xcf\xa8\xe7\xb6\x81\xee\xcd\xa4\xed\
\xcc\xa3\xeb\xc4\x99\xeb\xc3\x98\xeb\xc2\x96\xe9\xbc\x8b\xeb\xc2\
\x95S\xa2\xce\xfb\xf3\xea\x5c>.\xf7\xe7\xd5_A/\
tdZ]E8`NE1\x83\xa9Y>/s\
\xb3\xcfj\xae\xcc\x9e\xdc\xffXF>\xc6\x96pn^\
Ua\xa7\xc8kYO\xab\xe3\xfd\x84`H\xa5\xe0\xfd\
\xe1\xb9\x9c\x8e\xcf\xec\xdb\xac\x81eULR>5\xc7\
\xbc\xb4\xe7\xc6\xaafH7\xb1\x83d\xd1\xa3{vT\
@\xd4\xb4\x9fY\xa2\xc3K:4W\xa2\xc7\xb6\xc5\xcd\
\xa5\xcf\xe7\x9bqU\xf0\xd6\xbd\x84\xc5\xe6v\xbc\xe2k\
\xb4\xdb\xa4xZ\xad\xca\xdb5\xf6j\xe1\x00\x00\x00o\
tRNS\x003\x90o\x02\x1eN\x07\x0f\x01\xcd\xe2\
\xb0\xf0\xfb\xf7\x05\xec'\x1a\x0f\x11\xc2`E\xdb\x168\
\xb8\xcaj-\xd4\x98U\xfcx\x8a\xa1\xa8\x7fE\xfe\xe7\
e$\xdf\xad\xf7\x7f\x7f?\xfa\xe0\xbf\xef\xbf]\xab\xfc\
C/\x85\x9f\xd0\xfe\xe4\x96\xd9\xb6\xfe\xdf\x8f_\xa4\xfe\
\x93\xcf/\xeb}\xefo\x9fq\xfb\xfe\xd6Q?\x8f\xef\
\xef\xdf\xa2\xfc\xcf\xaf{\xc5\x9f\xf2\xbf\x9f\x89g\xb8\xef\
\xcf\x9f\xcf\xbe\xe5O:\x00\x00\x1a\xa1IDATx\
\xda\xec\x9c\xedO\x13\xd9\x1e\xc7\xe7\x05$\xf0\xce\x17\xbc\
\xdb\xbf@\x22/\xec&\x9b\xba\xb0a%\xa0(\x0a\x88\
\xbe@\xc4\xe7\x9b{\xb3\xd9{ox(\x01[\xa7\xb6\
\x09\x09{\x0bo\xbc\x09P\x22K\x03q\xadB\xaf\x02\
\x15\x17\x17\xb6`\xa0\x8a\xbaz/\xcbB\xb7MW[\
(\xa5\xb6\xa5<-\xcf\x0a\xf7\x9c\x99\x0e\xed\x94\x16\xe9\
\xccd\x9d3\xeew\x1a\xa5t:\xcc\xf7s~\xbf\xdf\
93=\xa7\x18\xf6\xa7\xfe\xd4\x87PR\x8a(S,\
>l\xdc\x92X\x9c!JI\xfa8\xcc'\x1c\xc8(\
\x84\x9e\xadF\xa3\x99\x92\x95\xc4p8S\xf8\x0c\x12R\
\xa1w\xb3\xc5\xe1\xf8\x95\xaeq\x87\xc5\x0c\x19\xe4\x09\x98\
AR\x1e\x0c{\xabe\xfc\xd7H\xf2@\x06\x19)\xc2\
l\xfa\xbc\xe3\x06\x83Ag\xb6\x10N\x1d\x0e\x8b\x85\x0c\
}\xf8\x00?Y,\x1e\x82\xcb\xb8\xc5\x0a\xc3 Ap\
\x8d\x9f\xaa3\x18\xbc\x96\xf1\xf1q*\xd6\xc3\xc8jv\
\x80\x1d\xc6\x1d\xe0\xe5BaU\x83\x14q\x8bNm#\
\xdc\x01{*\xa3*\x82\x00\x03\x8b\x83D\xa0R\xa5\x0a\
\x06A\x92X]I4\xfe\xb8\xc7f6GtO\xc9\
\x0cwuX\xc0~\x22A$BB\xaaV\xa2\x05E\
\xdf\xe1\xb1\xe9\x0c:\x95F\xf5^\xc10\x00\x02\x08\x0a\
\xf3\xd0\xf7\x9fW\xa8QA?\x16/(\x81\x86\x16\xd5\
\xae\xa41\x9a=\x80\x98Y\xa5:\x9e\x82z\xf4\x1bU\
6\x8f\xc7c\xf1\xb6\xe8@\x154T\xaav-\xb3\xc7\
\xe3\xb0XU\xaaL\x94\xf3\xe0@!\x08gh_]\
I\x02\x90\xed\x1e\x80\x0aD\x81\xc7c3\xaa\x0e'\xa1\
\x9b\xfd\xa3V`\xc2b\x96\xc8(\x00jU42\x82\
\xe0\x81A\x80h%H\xba`2Y<\x16\x9bJ\x1b\
\x00 \xd3D%\x95\x17\x1e@\xa3IE1\x0d\x92\xce\
\x98\xc0\xf0\x0e4\xa0&\x08\x80D\x13\xadl\x16H\xe0\
8r\x04\xe2\x0f\xe08\xf0o\x03\xe3\xda\xe0\x08\xd0D\
//\xa0hD\x8f\x00\xe1\xdff\x1e%\x01HX\x00\
\x80A`C\x8d\x00\xd1\xfe6\xe0\x9f\x00\x00r\x00\x00\
ha\x0c@\xeb\x05\x85\x04-\x02)\x84\x7f\xdc\x14\x04\
\xa0\x929\x00\x90\x066H\x00\x19\xfb{\x92\xce\x90\xfe\
\x03\x00\x88\x22\x00\x00h\x19\x0a\x10\xd0hS\x91\xe9\xff\
\x09\xff&\x00\xc0D\x03\xa0c\x0e\x00\x10\xf0j\xb5\x07\
\xd0\xf0\x1f\x93\x81\x9bl^\x1c\x88C\x00\xdaE@\xa0\
\x10\x8d1\xa1\x087y\xbd&\x0a\x80\x95#\x00Z/\
\x08\x81\x0c$\x0a\x00\x8e\xfb\xfd\xfb\x8b\x00G\x00d\x90\
\x00\x0a\xd7\x86\x19\xb8u\xd1\x8a\x07\x01\x08\x1e\x09i\xd9\
\x10X\x5c\xd4\x8aQ\x18\x01\x98\x16\xbdx(\x00j$\
$aC`qQ\x82@\x08\x1c\xc6\xbd\x8bx\x08\x00\
r$\x04\x01\xa8%l\xb4(\x93d\xa0\x10\x00\xd6\xb0\
\x00\x88\x81\x00+\x00\xb2\xc5J\x89$\x81\xf7\x01\xa0\xdd\
\x0a\x00\xdaH\x88\x03\x00\x12\x89N&\xe1\xf7X`O\
\x0an\xd2\x8d\x86\x05@\xe6\x00K\x00\x95\x95\x92T\xbe\
w\x01\x9aJ<\x08@\xe8H\xc8\xcc\x0e\x80Z'9\
\xcb\xefA0\x8e\x1b\x8cx0\x01\x1a\x00\xb5S?\xcf\
\x8e\x80\x81\xe7E \x05\x1f5\xe0t\x00A#\xa1\x99\
Y\xbd^?/c#\x9dZ\xc6\xe7\x8e0&\x15\xd7\
\xaa#\x01\xd08\xf5P\xb33\xac\x00\xb4\xc8D|\x8e\
\x80\x0b\xb8at;\x00b(8\x0f\x9b\x7f\xee\xb9\x9d\
\x1d\x81J\x03\xbf\x01\x80\x12\x80\x87\x05`\x5c\x05\xf6\xed\
\xee\xe7\xcf\xd9\x120\xc8\xc4\xfc.\x01-a\x01\xf8\x9b\
\x1f\xca\x0d\xb2`^\xa8\x00\x0e\xe0FM\x18\x00\xf8\x06\
\xd5\xfc\x84\xecl*!\xbf\x01\x88p\xed\xe8v\x00\xce\
@\xf3\x931\x00\x08d\xa9\x98VA\x99\x8c\xd7\x00d\
x\x08\x00\xd3\x0c\xbd\xf9\xa9\x18\xd80\xab\x19\xa9E\xad\
\xe61\x80L\x5c\x8b\x87\x10\x08m\xfe-\x02\xb3\xf3\x8c\
\x00\x18\xf8\x0c &\x037\xd2\xfd\x93\xcd\x0f\x1c\x0f\x82\
-Xs\xe0\xf7\x1b3B\x03\x80\x85\x02 \x9a\xdf=\
\x08\xf4<\xe8A<w\xc3AQ\x96UX)\x10#\
\xc2i5\xd0I4?\xe5yK\xe4s\x98\x06z\xfd\
*\x83D\xe0u\x11\x0c\xf5\xef\x1e\x8c,794^\
\x9d\x8f.\x15\x8e\xa3\x02`\x1e4?at8\xd4\xf9\
0\xf9\xcf\xb0\x1f\x01\xd4\xc6\xea\xaa\xd3\xe9\x9c\x9f\x99\xd1\
V\xbeObT\x00l\xe8\xed\xc0d8\x0d\x06\xfes\
\xdb\xf5\xa1\xdaXu\xce\xa0\x0a \x85\x96\x00\xf6\xe1]\
hppn;\x03\xfdl\x969\x22\x80TD\x00\xcc\
\xda\x83\x9b\xbf\x83\xf6\xe8\xa0~G>\xef\xe8x\xeev\
\xcf\xcd\xcd\xd9\xedA,V#\x85\x01\xcf\xaf\x06\x03\x01\
\xe0\xee\x08\xd20\xed1L{\x81\xfe\xd3\xa0\x9b\x0a\x89\
Uk8\xff-\xbc\xbe+zf\x0b\xc0\xea\x5c\x07C\
\xfd\x0048G$\xc2|8\x02\xbc\xbe#\x94\xb1\x05\
@?\xf8\x03;\x91#\xa50\x9d\x02\xaf\xef\x09fn\
\xf5\x81\xf6\x1f\xd8\xaa\x9b\x18.k[B\xf45\xcf?\
\x17\xf2+\xcb\xdd\xcd^\x1d\xa0\x18\xac\x86\x02\xe0\xf7\xc7\
\xa3I[\x83\x80\x0e\x0e\x00t\xff\x0c\xf2\xc0\x19\x02\x80\
\xd7\x9d\x00\xfcd\xcc_\x02~\xe6B\xdd\xdd\x80\x80\x95\
\x0e\x80\xe7\xd3dR\xfd\x00\xe6\xfe\xc7\x91\xdc\xa1I\xc0\
\xefY2T\x11\x98q\xff\x97#\xbd\x9c\xd3\x1b\x83\xfd\
\xf3\xfb\x93\xb1\xad\x220\xdf\xf1\x92+u\xdb\xb3\x82\x01\
\xf0~\xaa\xdc\x05\x12@\x13Wz\xd9\xe4\x9e\xd5\x05\x89\
\xf73\xe5\xc8\x91\x80\x13\x9e97\x8f\xa6&\xfbL\x10\
\x00\xbeO\x94\xdb\x93D\x01\xe0Nng\xc0?\xff\xa7\
\xcb\xc6\x13\x1d\xa1\xb3\x8b35u\xbd\x5c\x0d\x00\x10\xf1\
\x1e\x00\x99\x03\x1c\x02\xe8\xea\xba\xafG'\x03\xa8~\xc0\
y\xff~\x17'\x1b!\xb7\x8c\xf2\x7f\x16\x8b\xe1\xbb\xff\
\x98\xf8\x0b$\x00\xee\xd4\xe5\xa2\xaa\xa0!\x13C@y\
\x10\xc0\x0b.\xd54\x83P\x06\x10\xf3\x84p\xfc'\x0e\
\xf5\xe2\x85s+\x03\x90\x10\xbc\x1eh\xe7TY\xe8\xf4\
\x01\xd4\xadQ\x17\x97\xfe\x9fe\xa1\x94\x01\xe4px\xee\
\x19\x97:O\xfa\xcf@\xc4?\xb8$4\xdb\x9fp)\
\x02\x80\xc1\x80\xc8\x8a\x19\xe2\xb6\xc8,\xc7\x00\x0c`;\
\x8b\x8c\x7fL\x84;\xefp\xa9\xf3\xf0\xab\x07\x0c\x22t\
\x00$\x9c\x99\xff\x91K9`\x00\x18PZ8)\xc2\
}\xcd\xdc\x09\x00\x00JE\xc8?\x08\x81\x05\x0e\x014\
[ \x00\xb4\xbeFA4\xdb\xc0\xa1\x90\x0b\x00\x10\x02\
Y\x5c\x03@\xed\xcbT\xbe\xfa\x963\xddY\x00\xfe\xc5\
\x18j:\xc1\x19\x80z;r\x15\x00\xaa\xa0\x9e+\xad\
\x9dG\xae\x02@e?\xe4H\xf5\x0f\xff\x89b\x00`\
X:W\x04N\x88\xd1\xb8\x13\x14\xaaS5\x1c\xe9\xa8\
\xe1k$\xbfL*\xb6\x96\x13\xd5<<\x85\xd0e \
M\x17\xb9!P\xfb\x95\x18M\xff\xd8\x91\x9b\x5c\xa8:\
=\x09\xd9oS;\xc1\x09\x81\x02\x0cY\x15Ts\xa1\
|t\x01ds\x02 \x0e]\x00X\xfau\xf6JG\
\xd8?v\x84\xbd\xff\x07\xb9(\x03\x88\xcby\xc0Z\xa7\
Q\x06\x80\xfd\xe3\x16[\xe5 \xed\x1f\xcbf\x0d\xe0\x22\
\xda\x00\xb0\xf4\xefY\xea\x14\xe2\x00\x8e\xdcf\xa9X\xc4\
\x01`9\xec\xfc\xe7\xa2\xee?>\x97\xb9\xf9\x9e\xdb\xb7\
s\xe2P\x07\x00z\xc2\x1e\xa6\xba\xdd\xd3s\x1ay\xff\
 \x04\x18\x03\xe8y\x94\x8b\x09@q9\x8f\x98\xea\x22\
&\x08e3\xb4\xdf\x99\x1e'\x0c\x00\xd8\x911F\xca\
\x89\xc5\x84\xa2\xbftF\xaf\xd6\x9cl\x0c\xfb\xa8\x09\xe4\
c\xd8GM\xe0\x08&,\xfd\xad5:\x09\xcd?$\
\xd0\x19\xc5&<\xff\x18\xf6\xe0\xa3n\x7f0\x1e\xfa\xa9\
v\x97\xee\x07:s\x05\xe8\x1f;\xdd\xde\xfe\xb0u`\
7jm>-D\x00\xa7\xda\xdb\xdb\x1b\xc6v\xe1\x7f\
\xac\xa1]\x90\x00\xce\xc19\xbfOz\xde\xef\xff\xc9\xb3\
g\xa7\x04\xe8?\xe629\xe9\xb5z`\xe0\xe9N\xdb\
-\xb8\x93\x10\x01\xc4Q\xd3~\x1b:\x9fF\xd6@-\
\xb1\xcf9\x01\x02\xc8\x0fL\xfc\xbd>\x10\xc9\x7fg\x03\
\xb9\xc7e!\x96\x80\xa0\xa9\xcf\xdf\x8e=\xfd%\xcc6\
\xf0\x80\xda\xe1\x84\xf0\xfc\xc7\xa7\xd3&?\xd7vn\xf7\
\xff\xa8!\xf0z\xac\xe0\x00d7\xffH\x9f\xfd[\xdb\
\xfa\x0bM\x9d\x0f\x83_\x15\xdeH\xb0`\xfb\x04\xe8\x9a\
\x9e\xa7\x94\xfb\xa7=\xf5\xf4\xd9\xe1G\x05\x07 =\xec\
$\xf0\x9a\xef\xc7Z[\xc7n\xd7\x84\xfe\xbeApE\
 ?\xca\xc9\xd1\xcd\xf9\x02\x03p4\xda\xe9\xc1\x02\xcb\
\x81\xd8\xe8'H\x0b\xab\x1f(\x88\x1e\x80\xa0B \x8e\
\xc9\xccy!\xdd\x13\xcee2G\xfe\xb2\x90\x02\x80\xd1\
\x1cq\xe1\x5c\x12\xe62\x9c%/\x94$\x88=\xc1p\
\x96\xbcP>\x1a\xbc\xc8t\x99@\xad0\x08\x9cf\xbe\
P\xa0V\x08}a\x5c:\x9b\x95\x02\x02 P\xc0n\
\xaa<\xf2\x04\xf2\x99{\xaf\x05\x1b \x80t\x1d\x889\
7\xed\xaba\xbeT\x04l7\xaf_>\x870\x82K\
\xc9E\x9b\xae5\xa6\xeb\x04 \x81j\xdf\xf4\xca\xdfQ\
\xbd0\xfa4\xb9\x08he\xa1\x99\xf9Z\x89z\xd72\
<\xc6I\x14\x11|\xfa\xd7\x22R\xc9\xd3\xae\x9b\xd1/\
\x13\xa8\xae\xbe^}\xdd\xb7\xb0\xe2?\x08r\x08b)\
\xfbP\xcb\x0bw\x98,\x95\x00\xcd\x9f\x1c8\x08R\x08\
bO\x16\xd1\x04\x82\xa0>Z\xfb\xb5\x81\xe6G\x0dA\
\xdc\xa5\xe4\xa2P\xadL\xbb\xd6\xa2Y&\xb2\xe6[\xd8\
\xdcv\x10D\x10\x84\xb1\xefG\xd0\x1c\x85\xfd\xe5\xf0G\
9\xc9\xfb>\xf1\x93\xc4\xfe\xc4\xd7E\x91\x10\xf8\xde\x1f\
\x06\xb7\xaa\x1b\x5c\x0b\x9b\xe1\xed\x17\x15%&^\xe25\
\x82\xd8\xcf\xfa\xde&\xf6\xf7OF8\xfd\xe4\xe5\x05\x97\
\xafa\xa7\x052\xd5w|\x0b\xd3+\x11\xde^4\xd5\
\xdf\xdf\xff\xe6\xe0~\xde\xae\xa4M8V\xa6P(&\
\xc0iF\x0a\x02\xc8`\xda\xe5\xf2\xd5\xaf\x851\xbf\xd6\
\xe0s-LoFzg\xd1k\x88\xf6]_\x992\
m\x1f?\xfd\xef;TV\xd6\xa7P(\x95\xeb\xfd\x91\
\x83\x80\xc8\x85\xe5\xe9\x05\x17\xc0\xe0\xf3\xad\x91\x02?\x81\
\xe7\x0b\xd3\xcb+;\xbck\x12\x1cu\xbdM\xa1\xe8+\
+kL\xdb\xcb?\xfb{\xbfl,+\x83\x11\xa0T\
*\xef\xee\x18\x04~\x0a\x9b\xcb\xcb\xd3\x94\x96\x977W\
v\xde\x1dF\x7f\xf2]\xa5\x92\x04P\xd6\xf7\xd9\x17<\
K\xfe\xcf\xe5\xd0?\x11\x00\xe5@\xeb\x89;\x07A\x94\
\x22\xa3\xbf\xbc\x5c\x09\x09\x80\xbf\xd3\xd8+\x97\x1f\xe3Q\
\x9f\x18\xbf?M\xde\xdb\xd8\xa8\x5cZ\xf2\x03\xb8R~\
#\x194\xd9\x14w\xf6\x13\xd7\xaf\x5c)\x87\x04@\x08\
(\x96&\x96\x00\xef4\xdeT\xc3\xbdiRy\xe3\xd2\
o\x8f\x1f\xbfZ\x82\x09\x00\xfc\x03\xb5\xbd\x9b|\x7f\x1e\
\xecJD\xf2\x8f\x5c\xd9\x02\xa0\x80\x7f\xea\xb7\x83r\xa9\
\x9c\x1f\xd50\xees\xa9Tz\xe8\x158\xa7%*\x03\
\xc0\xc9^\xbb\xd66\x02\xf3\x805\x02h\xff\xcd\x8dk\
\xd7\xae\x11\x04\xc8\x1cPL@\xda\x0ai\x95\x9c\x07\xa5\
`_Z\x95\xb4w\xe2\xf1\xe3\xc7\x13\x0a\xb2\x04\x12\x00\
\xc0\x09\xb7\xdd\xbbw\xf7M?\xbbR\xf0\x9a\xb0\x7f\xf7\
^\x1b\x05\xa0\xdc_\x06\x95\xc4_\xec\xad\x92\x96\x1e\xfb\
\xb0y\xf0\xc5\x97\xa5UUD\xf4+\x89>\x80\xca\x00\
\x12\xc0\xd0\x10+\x040\xf7\x81\xfd\xa1\xa1{~\x02T\
\x0e\x80*\xd8x\x10\xc6\xdc\xefU\xa5U\x1f2\x0f\x12\
\xf6\x97J\xab\xfa\x883\xe9m\x0c\xf4\x01\x14\x80!\xa0\
\x91w\xb0\x1aN2H\x84)\x98@o\xee^\x1d\x0a\
\x00\xb8B\xeb\x07~\x87\xdc\x0f\x95\x16\x17\x7f\xb0<\xd8\
\x9bV\x5cZ\x0a\x9b\x7f\xa2W\xdeH\x03@\x05\xc0\xd0\
\xd5\xa1\x91\x91\xef`\x14$NE\x1f\xfb\x93\xeb7*\
*\xae\x12\x04\xda\xdaBr\x00v\x84d\xe6I\x8bK\
K>H\x7f\x90p\xac\xb8\xb8\x18\x16\xbfWJ9\xec\
\x04\xc3e\xc0\xd5\xab\x15\x15\x15#u\xdf\xbdI\x8c*\
\x0c&\xe1\xee\xc9o\xeb\xeaF\xc0\xdb\x83C \x08@\
\xa3\x5c.\x95*`\xf4\x1d,.)\xf9\xe3\x87\x861\
{\xd3J\x8a\x8b'`\xed\x97J!\x00\x7f\x09\xa0g\
\x00\x040R7RW\xf7\xef\xb7S\xbb\x0c\x83\xd7S\
\x04\xac\xf5\xff|\xf3M]]]\x05\x19\x02\xb4\x1c\xf0\
\x17\x019$Pu\x10\xe6AoI\xc9\xbf\xfe\xe0b\
\x98p\xac\xe4\xff\xbc\x9b\xcdOSi\x1b\xc6_\xa4E\
QQ^>\xe4KE\xe4C\xd0F!Z\x9a\xf0\x06\
\x03/\x89\xab\xd9\x0a\x7f\x81\xc9dv\xd4L\x9d\xd7\x18\
_mS>\x16-\x0d4,`\x16M\x1aV\x06\xe6\
\x1f \x99\xc9,\x8c{\x96\x8d\xba0\x13\xe2\x9e\xddH\
2\xf7\xf3u\x9e\xe7~>NOO\x8b\xb7F\xa4%\
=\xe7\xfa=\xd7}\xdd\xcf9\xa5\xc9$]\xfe\xdfW\
\x05\x00<\x04Y\x07P\x03l\xaf\xad\xad\xad\xac\x9d~\
%\xb6\xbe\xeb\xeb\x83\xcft\xed\xff\xfaz\xba\xb2\xb2F\
\x01\x1cy=\x80\xe6\x00\x01pH\x01\xac\xbe$\x8bp\
\x92\x5c_\xff\xae&\x98\xf8\xefz2I\x8e<\x0fC\
\x80\x00\xb0G\x00\xed\x80m\x06\x00j\xf7\x1be\x00F\
\xf8l[y*\xfe\x8f\xe3\xaf\xa7\xbb\xbb\xe4\xa7)\x01\
\xd4\x03F\x08\x10\x00\xcf\x9f\xd3ux\xb9^\xce|7\
\x13t\xfdP^_?\xa4\x87\x05\xfd:\x80\xff\xb9\x00\
\xec\x92:\xfd\x9bL\x05B\xe1\xee\xf1\xf1\xf1g(\xf8\
\xf2\xd7]\xaa\x1d\x96\xfe\xdb\xfe&\xf9)\x0f\xc0\xb6;\
\x04<\x00\xcb\xcb0\x0f>\x9e\x943\x99\xefd\x82\xd9\
\xb9Ly\xfd\x84\xa6\xcfsj\x00\x0e\xe0\x0d\x06\xe0E\
\x00\x01\xb0\x22\x00ln\x1e\x1c\x9c\xfe\xfd\xf5\xf8\x0f\xad\
\x8e\xff\x03\xe2\x0f\xf6\x0e\x0e(\x80]\x04\xe0\x95;\x05\
\x09\x00 \xf0\x92\xac\xc6\xf3L*\xf5\xc3\xf7\xd8\xfa\xa5\
2\x99\xe7\xf4\x80\xcb\x1c\xc0k\x01@\x0e\x81w\xef\xb4\
\x08\xe0\x00\x88\xfe\x83\x83=\xa8\xfdo\xdf\xfe\xfe\xca\xea\
\xdb\xb7S\xf2\xc8\x1eyj\xd3\x03\xb0\xe2\x08\x01\x0d\x00\
\xb5@2IL0\x0f\x04\xe6\xcezO\xd05\x93J\
e\x9e\x90\xa3\xc1\x10\xf0\x00xS\xd0\xcc\xc0m\x07\x80\
\xbd?I\xed\xd3\xbfP\x1a\x015\x04,\x00\xde\x08\x00\
/\x05\x80\xe4*\xac\xc9\x97r*\x9d8\xdb\x8d\xe1l\
<\x95*C\xfa}\x82c\x22\x00?[\x00X\x22@\
\x02\xa0\xf2YU\x01\xf0\x8b\x0e\xe0\xad\x0d\xc0:\xed\xca\
\xd5t*=s\x86Y\x18K\xa7R\x04\xf5\xc9\xfa\xba\
\x01\xc0o\x08H\x03l*\x06\xd8\xdf\xd7\x08\xe0\x1e0\
SP\x07\xf0\x1a\x01(\x93\x5c>I\xa7\xd3sgv\
\xabd\x06^\x9d\xd8\xff\xb0\x1c\x1a\x80\xc5\x00\x8c\x80\xb0\
@U\x00/,\x00\x96)\x80\x0c\xf1\xe6\x97T:\x9f\
8\x9bi\xd05\x97O\xa7OH\xa7e\x82\x038r\
\x03\xd8\xdf\xb7Y`\xd3\xeb\x81j\x00\x0e\x0d\x00\x99\x14\
l\x0c?%\xf3\xf9\xecY\x04\xc1l\x22\x9fO\x01\xe2\
\x13\x98\x02g\x08\x00\x85@\xcd\x00H\x83~\x5c\xceg\
\xb33\x8d\xdf\xfc%\xb2\xf94\xbc\xfa\x93\xd4\xd9\x02\xa8\
\xcf\x01\xa94i\x83\xf9l\xb6\xd8\xe8(\x8ce\xb3\xd9\
e\xe2\xafT\xc3\x00\xb82\xa0.\x00)\xda\xa5\xf3\xd9\
bq\xae\xa1\x04bE\xaa\x1f\x12\xa6F\x00\xae\x10\xdc\
\xb3\x018\x08\x1b\x82I\xe9\x00(\x08\x82/\xc5b\xae\
\x91\x04b\xc5\x22\xd5\x0f\xaf\xee\x04\x10~\x1f\xe0\x8c\x00\
\xb4\x0fxWm\x1f\xe0\x01\xc8\x93S-\xe6\x1aH \
\x96+\x16\x17?\xbe\x9f\xcf\xd7\x06\xe0\x83\x1f\x00I\xe0\
\xcfZ7Bo\xaa\x01\xa0\x04r\x8d#0\x9b\xcb\x15\
\xcb\x1f\xdf?\xc9\xfb\x00pn\x85\x8f|\xb7\xc2\xb0\x11\
\xd67\x82\x9b\xa1\xae\x05\x14\x00y\x18\x83\xcb\x9f\xde\x9f\
\xe4r\x85\xb9\xc6\xcc\xffD.\x97\xff\xf4\xfeIV\x03\
\x90\xf4\xb9\x18BW\x83k\xfaV\x90\x11\xe0\x08<\xfd\
\xd6\x8b\xa1`W\x83\x04\x00\xe8\x17\x00 \xb0\xf3\xb0`\
\xb9Ba\xa1\x11\x00\xe6\x0a\xb9\xdc\x172Z(\x80\xb4\
\x09\xc0~?\xc0}9\xecy\x80#\xd8s\x18\xc0\x1f\
\x00\x1e\x02Io\x080\x00\xc4\xb2\x8b\x85B\xa1\x01;\
\xa2\xa9B!w\x02\xa1B\x00\xe4\x05\x80\xb2\x00P\xd3\
\x1d!i\x01\xe1\x01\xf1\x97\xeb\xc7\x06\x08xG\xc8\x0e\
\x00\x08|,\x16\xb6\xb6\xea\xbe<\x9e\x00\x8c\xb92\x8c\
\x95l6\xeb\x01\xc8p\x00\x8e9\xe8\x13\x02\x1a\x01Y\
\x07\x9a\x01V\xfc\xef\x09\xfe\xec\xdc\x06\x08\x00\xb9'\xef\
\xe7\x01@\xbc\xce \xec\x8ao\x01\x00HA\x05@\xca\
\x0e\x00\xa7\xa0\xd6\x03F\x13\x1c\xb8\xf5\xbb;\xc0\xbc+\
\xec\x03 \x97.\x00\x80\xad:c`a\xcb\x01\xc01\
\x06\xfcn\x0ab\x0b\x00\x02\xf2\x87\xfes`\xe8\xf7\x0c\
\xe0\xfb\xbe\x801\x05\x11\x80\x02\x05\xb0SW\x13\xccn\
\x05\x01\xe0\x0c\x01\xd1\x03~\x04\x84|O\xbfb\x00\xaf\
\x03\xcc\x08\xd0\x87\x80\xba\x0d \xfa\x05\x80\x9d\x9d\xe9z\
\x00LS\x00\x05;\x00>\x06,)\x88z@\xb1\x80\
G@ \xf0\xd4\xbb\xf4\xeb\x1d\xe0\x88\x004\x05\xf3\xcc\
\x00\x02\xc0N\x1d\x93 \xb6#\x01\x14\xd1\x1c\xd4\xc7\x80\
\xed\xad!\xf9\xde\x98F\x00!\xf0\xe4+\xfam\x06\xd0\
\xde\x1d\xae6\x04$\x80\x8dxx\x00\xf1\x9d\x1d\x0e \
WDs\xd0\x92\x82\xf2\xc68\xea\x01i\x01\xd9\x04\x8c\
\xc0&\x96o\xd5o\x9d\x01z\x04820\xc7\x22\x00\
\x08\xc4\xc2\x1b\x00\x03\x08\x1e\x02\xd5,\xc0\x11(\xb5\x8b\
\xf5+#\xc0\xe8\x00e\x17\xe0\x97\x81\x12\xc0t\x1d\x06\
\xd8\xf1KA5\x04\xbc\x9d\x00\x9e\x03&\x01\x1b\x02\xf1\
\x10\xd2\xaf\x18\x00E\xa0\xbd\x03P\x06\xaaC`gc\
c#\xe4]\xd2\xd8\xc6\xc6\xceN\x95\x14t\xf5\x00\x1e\
\x04\xa4\x09L\x02z\xad8\xf4\xdb;\xc0\x19\x01z\x06\
\x02\x80\x90{\x819\x0c\x00\xa5\xa0\x11\x02\xae\x1e\x90\x16\
\x90\x04\x1c\x08VT\xfd\xa4\x01\xe8\x1e\x80\x19@D \
\x9e\x01U\x22\xc0\x03\x10.\x06g7\x08\x80 !\x80\
\xe7@H\x02+\x16\xfdN\x03\x1cZw\x01\x8e\x08\x80\
\x0a\xb5\x19Z\x10\x00|C\x00\xf7\x80f\x01\xf6{B\
\x88\x80@\xb0b1\xbf\xa2\xdf\xd1\x00\xf6\x19\xa0\xec\x02\
\xcc\x08\xa0\x00B\xcd\x81\x84\x02\x00\x85\x80\xad\x07\xf8\x1c\
p[\xc0$ 0(\xdf\xad\x19\xfa\x0d\x03\xa8\x11h\
\xed\x00\x14\x01,\x037Ja\xee\x92Ol\x946,\
!`\xe9\x01\xb7\x05\xec\x040\x02M\xbe\xaf~W\x04\
V\x89\x80\x8dR\x98\x10X \xfa\xab\x85@U\x0b\x18\
\x04\x18\x825?\xf9\xbc\xffe\x03`\x03\x18\x11h\xed\
\x00\x14\x01\xa5R\x88\x8b\xe2\xb8\x04\xa0\x87\x80\xd9\x03\xa6\
\x05d\x13H\x02\xbf(\x040\x835E\xfe\x11\xd2\xef\
k\x00K\x04\xa2+!\x09\xa0\xf6w\x0b\xa3%\x04\xc0\
\xd5\x03\xea\xf5\x80\xb0\x80\xd7\x042\x06\x80\x80a\x02\xa3\
\xb6}\xf5\x8b\x11\xc0\x0d\x10\xa8\x03x\x04\x84\x02\x10c\
\x00\x94\x100z\xc0\xc7\x02F\x0c\x08\x02\x1c\xc1\xb6\xaf\
|\xd9\xff\x5c\xbf\xd7\x00\x86\x01D\x04V\xe9\x80\xd2T\
\x88\x08(\xf9\xf6\x80\xd5\x02\x87\xaa\x054\x02\xa2\x0d\x8e\
8\x02\x05\x82x\x80\xcb\xf7\xf4\xe3\x00@{\x00\x97\x01\
\x1c\x1dP\xa9\x1d\xc0t)p\x0f\x98\x160\x08`\x13\
x\x08py\xf2\xd5\xf5W\xf5\xd3\x04\xd4\x0d \x22\xd0\
\xb7\x03B8\xa0T\xaa\xda\x03\xfa$\xb45\x81\x95\x80\
\x8d\xc1\x11\x96\xaf\xe9W\x1a\xc0\x18\x01\xd2\x00\xae!\x18\
\xc6\x01\xd1R)x\x0fH\x0b(9\x88\x08\xc86\x10\
\x08\x08\x04\x8a\x81|9\x12\x8f\xbdr\xea7\x1b\x00_\
\x08*\x060; \x84\x03&\x0c\x00N\x0b\xa0\xbd\xc0\
\xa1\x9b\x80\x87@2\xd0J\x91o\xd7/\x1b \x88\x01\
\x94\x0e\xa8\xdd\x01\xb1\x92\x7f\x0f\x18\x16\xd0\x9b\xc0I\x80\
\x22\xb00\xf8`\xcaG\xfaY\x00\xf8\x1b@D\xa0>\
\x03B\x8c\xc1\xa9\x8a\xcd\x02E_\x0b(M`\x12P\
\x110\x06\xaf>(\x0b\xef\xa9\xc7\xcb\xaf\xe8G\x0d\x10\
\xd0\x00\x0d\x07\x10\xc4\x026\x02\xdc\x04\x0a\x02\x01A\x13\
\xaf-\xbfE?n\x00\xc3\x00f\x042\x00\xb5n\x85\
#\x0b\x15\xb5\x07\x94\xeb\x01<\x09\x0d\x0bx1 \x09\
\xa8& \x08$\x03\xa3~\x93\xf2M\xfd\x22\x00P\x03\
\x043@%Q\xfb6\xa0\x12\xd0\x02b;\xa84\x81\
\x95\x00B\xf0\x9bK=\x92\x1fP\xbf\xc3\x00[\xaa\x01\
\xa6\xeb\x02\x10\xd4\x02A\x08H\x06*\x05\xfe\xc0;C\
>\xd2\x8f\x03\xc0a\x00}\x062\x07\xc4B\x03\xa8j\
\x01k\x0c\x18\x04t\x04\x82\x81\xacw\x9ez&_,\
?\xd2/\x02 \x98\x01d\x04Vf\xc3\x00\xa88&\
\xa15\x07q\x0c`\x02&\x02\x06\x01\xd7\xff\x0d\xf9\x01\
\xf4\x074@\x88\xfb!s\x15\xa3\x07\xb0\x05,M\x10\
\x84\x80\xc2\x80\x83\xc0\xdf\x9b\xf2\xc9\xfc\xf7\xf4\xab\x01\xa0\
5\x80\x9f\x01j\xbf\x12\xf8W\xa5Rq\xc6\xa0\x7f\x13\
\x18\x04$\x02;\x03]=\x93\xaf.\xbf\xaa_\x0b\x80\
*#\x80\x01\x08\xa1\x9f: \x90\x05\xd8$p\x12\xf0\
L\x80\x11\x18\x14\xe4\xe3H>\xb7\x7fP\xfdV\x03\x84\
\xfa\xdd\xf1\xc8D\xed\x16\xb0\x10@&\xe0\x08\x14\x06f\
\xbd\x90\xf2U\xfd\xaf\x15\xfdz\x00\xf8% \x01\x10\xee\
\x97\x86[a'\xe4o\x81\xe0\x04L\x04/\xfc\xc4k\
\xf2\xb9\xfdu\xfdA\x0d\x00\xcb\xdf\x1a\xeam\xa1\xd6\xf6\
\x85\x8ak\x12\xaaM`\x09BI@m\x03\x0d\x01\xc6\
\xa0<\xf8V\x97/\xec\xef\xab\xdfe\x80z~g\xbc\
u\xc1\xc7\x02\xa8\x09P\x0cH\x02\x86\x09\x18\x02\x0c\x01\
\xd7[)_\xd7\xbfZ]\xbf\x01 ^\xdf'GZ\
'\x12\x8a\x05\xaa5\x81\x83\x80\x86@0x\xeb\x14\xcf\
\xd5\xab\xf2\xa5\xfd\x15\xfd2\x00\x9c\x0dP\xf7g\xca#\
\xd1\xe9*\x16\xc0M\x80\x09\xacj\x04\x04\x02\x8f\x81\xad\
\xde`\xf9\x9a\xfd}\xf4\xab\x0d\xc0\x00L\xd7\xff\xd1)\
H\x8fX\x22$\x01\x9b\x09$\x837n\xf1\xdc\xfb\x9e\
|\xdc\xfe\x8a~\xff\x06\x98k\xd4\xe7\xa6\xba\x164\x00\
\x96&0\x09h&P\x11x\x0c8\x09\xfc-[{\
S~\x8d\xfa\xe3\x8d\xfc\xd0Tt\xdaf\x01=\x06\x14\
\x02Z\x1bH\x04\x9c\x81\x01\xc1\x13\xcf\xd5K\xf9\x9a\xfd\
\xab\xeb\xa7\x00\x1a\xfe\xe1\xd1\x89\xe9\x00M`!`A\
 \x18\x10\x0a\xbf\x0b\x10\xf4\xbf\xde\x13\xbf\x1a\xf2}\xf4\
\xab\x01\xc0\x0d\x90\x80\xec\x8b4\xfc#c3\xb6&\xb0\
\x10(\xdb\x09p\x04\x1a\x03\xb3~U\xd4\x1b\xf2\xed\xfa\
\xb5\x06\x88\xc7\xce\xe8\x83\xb3\xd1\x05d\x81 \x04,\x08\
\x04\x03\x1b\x05\xfe\xc4\xa1&\x1f-\x7f5\xfd\xd0\xfb\x91\
\xc8\xd9\x00\x88D\xba\xa6\xe2\x8e\x18\xb0\x11\xf0L \x11\
p\x06\x12\x82QB<U\x8f\xe5\xf3\xe5\xa7\xfb\x1f\x97\
\xfe\xe9\x89H$\xd2J\xab\x81\xca\xe9\xebEXM\xcc\
\xa0&p\x12\xc0&P\x10\x08\x06\x00\x01a \xdf\x8a\
\xa7\x98z)_]~\xb7\xfe\x5caf\xf6<T{\
{;?\xd9\x06p\x10\xca\xdbI\x91W\xbfp~v\
*n\xc4\x80F\xc0\x8bB\x0d\x81\xce\xc0^/m\xf2\
u\xfb\x9b\xfa\xe3S\xd1\xee\xee\x0b\xa4\xce\xf3\xe2$\xc2\
S\xa0\xe2\xb9\xf0\xf3\xe4\x95\xbb\xbb\xbb\xfb\xfb\xfb;;\
'f\x12Z\x0c\xa8\x04\x8c6P\x11\x08\x06v\x0a\xde\
\x93\xabv\xf9V\xfdt\x00\xccLDiuvv\xc2\
)v3\x14\x12C\x18\x06\xa0\xbe\x9d+\xe7\xba\xc9\x01\
:::\x06\x07\x9b\x9a\x9ab3\x09+\x01\xa3\x0dL\
\x04\x92\x81\xbdV\x15\xf5L\xbea\x7f\xac?;\xf7c\
\xcb\xc0\xc0@\x13\xad\xc1A8E\x86\x82\x92`\x18\x08\
\x83\x9a\xf5\xb7\x13\xf1 \xbdS\xea\x86\xc3<\xec\xed\xed\
mii\xb9}\xfb\xf6\x8f\xd3\x09\x1f\x02v\x04\x82\x81\
\x8b\xc2*R\xaf\xcb\xb7\xeaO\xcc\x8c\xf4\xf4\xf4\xc0\xf9\
\xb4\xd0\x82\xd3{Hip\x12\x80\x81Bh\xaf\x91@\
k\x04\xe4w\x83x\xaa\x5c\xd1\x0d\x07\xbby\xf3f3\
\xd4\xc8\xc8\xf8\xd0R\xdcN\x00\x9b\x80#\xe0\x0c$\x04\
\x8f\x04~\x04\xa9\xb7\xc8\x97\xfa\xf3\x89\xa5\xb1s\xa3\xa3\
\x8f\xc7\xc7GF\xc8)5\xc3\xa9Q\x1a\x1e\x89&\xc0\
\x00\x10\xba\x01AM\xd3\x91\xea\xef\x8fv\x80\xf6\x87\xbd\
\x9en*z\xfc\xf1\xe8\xe89RCCcccw\
~ZZ\xca:\x08X\x10\x08\x06\x1a\x04C\xbcP\xcf\
\xe4\xdb\x97\x1f\xd4\xfft\xf9\xc1\xe5\x07\x0f\xee\xdc\x19\x1b\
\x1b\x1a\xa2\xe7$i0\x12\x84\x03\x81\x10\xed\xef\x06\x02\
\xad5\xf9\x1f\xf4\x0f\x0e\xf4\xb6\x80t\x22\x9c\xeb&\xa2\
\xef\xdcy\xf0\xe02\xd4\xf5\xeb\xd7\xaf]\xbbv\x03\xea\
\xd6\xd2p\x96\x13\xc0m\xa0\x220\x18 \x10\xe8A\xac\
\xde\xb6\xfc\xd9\xc5\xe1\xa5\x8b\x17/\xde\xa0\x05g\x01\xe7\
r\x9d\x9c\x93\xa4AH\x00\x88\x9b\x84B\xef\xc0`G\
gM\x04\xc0\x00T?\xc8\x07\xed\x8fG\x99p\xa2\xdb\
\x13\x0d\x87\xbfu\xebV_\xdf}\xa8K\x97\xee\xdf\x9f\
|\xf6t\x11\x13\xe0&\xb0 \xd0 \xd8\xb4\xab\xea\xb9\
|\xb9\xfc\xc3\xcf&/\xc1A\xc9aI\xf5\xf5\xc1\x99\
\x08\x1c\x8c\x06!AA\x8c>&\x10Z\x1e6ut\
^\x80\x1c\x08~;\xf0|wg\xc7@K\xcf\xcd\x11\
\x10\x0f\xd2\x85p\xa2\xbaO\xa8\xbet\xef\xde\xbd\x7f\xd3\
jk\xa3_&'\x9f\x0d/2\x02:\x02\x93\x81\x06\
\x02?\x9e\xb4\xcb\x07\xfd\xc3\x8f&\xe9\xd1\xdaD\xc1\xff\
\xe1<\x04\x8d>B\x83\xb0\xa0 .\x13\x0a\xa3\xe3\xcd\
@`0\xda_\x03\x00\xe8\x80\xee\xe8`\xefm\xd0?\
4\x06\xeaA;\x93Nt+\xb2\xdb\xda\xae\x1a59\
\xf9hxQ\x10\xb0 0 \x18\x95t\xc8_|\xfa\
h\xf2\xca\x95+\xe6!\xdb\xae\xb6\xf1%\xb8GYx\
\x18\x00\x0208\xf7\xb8\xb9\xa7\xb7\xa9\xa3\xffB\xf0\x1e\
\x00\x00\xfd\xd1\xa6\xde\xdb\xcd\xe3\xe7\x84~*\x9f\xa8\x07\
\xe1b\x01\xccS\xb9\x22j\xf2\xd1\xd3\xe1\xc5\x14\xce\x02\
\x85\x81\x83\x82\xf2<W\xcf\xe5\x0f3\xed\xa2\xac\x04\x84\
!(\x02\xda\x17\x9c\xc0\xd0\xe8HO\xcb@\xad\x00\x98\
\x03\xc6\x89\x03\xaeK\x02\xaa\x01\x08\x84\xabmN\x04\x14\
\x03\xe10\x9cQl\xa02p\x17\xfdI&\x7f\x18<\
?\x89^\xd4f\x816d\x01\x11\x0b\x8a\x03j\x04\xe0\
e@\xf38\xcd\x00\x16~7n\xc8\xdc3z\x81\x97\
\x02\xe2\xea\x15\xf6\x0fk\x0bBb\x911\xf8\xa77\xb3\
Ym\x18\x06\x82p\xf3\x87\xd3\x86\x16\x07\x13\x1a(\x04\
\xea\xfa\xd0S(\xf4\xde\xb7h\xdf\xffQ\xba+\xc9\xd2\
\xecz\x15\xaa\xc6\xca\x1cB@J\xec\xf9L\xb4\xbb\x93\
\xcb\x14\xfc\x8e\x1f2N\xce\xf9\x8b\x98\xa9\x7f}B\xbf\
\xe1\x81?\xee\xe3)`\x1c\x02t\x14\xbe.\xbf\x86S\
\x7f\xa43\xa0\x0c@\xa8\x02'\xaa\x02\x5c\xfe\xb8\x08@\
\x0d\x10E\xc0\x1d\x88N\x06\x11\xad\x0f\x86Az\xb3\xf4\
\xcd+\xb4C}f\x1f\xbd\xfa\xe7\xec\xce<\xafi\x1d\
\x10e\x80\xca\xe1\xfb\xb0z\xee\xe9\x08\xa0:XP\x05\
\xf87\x00}\xc0\xe0j\xa1\xe8\x02\xa0\x0dp8\x1el\
$\xee&w\xe7\xf4\xe6\x1c\xd6\xc5\x0e\xe5',\x9ew\
j\x9bt\xeb\x84\x9d@\xb6\x118R\x15\xdc\x1c\xb6e\
\x9dP\xc3\x04\xb8\x13\xe4\x1684\x82\xb2\x0fD\x1a9\
$\x13e\x17\xfe\x22\xed6H\xf4\x82\xd3V\xf0\xf3\x85\
\xecw\x87m\xd98\xb0\x86Y\xc0\x8f\x02j\x12\x104\
\x1c\x91\xe5\x14I\x05\xc9\xceW\xf5\xbf\x17\x86\x81\xe2q\
HL\x83q\x18\x0c3\x91\x1f\x07\x81\x86\x89\xa4\x8ep\
\xf6Y\x89\x09\xa8\xcf\x8f\x83M\xf98\x08y@\x8a\x03\
\xc64`\x81\x93\xf1(\x03I\x05E\xb7=\x5c:\x9a\
\xce\x05\x02m\xfb\x9fL\x84\x13\xa1\x18\x85\xa5<\xa8\xf3\
\xd9\x0b\xd2` \x06\x92:B\xb7\x0b\x95\x82\xcc\x1a\x09\
A&8b\xf0\xc9\x18\xa3\xd04\x0c$\xb5\x04n7\
\xca\xb4\x0c\x05\xdb\xabCAH\x85S4\xda6Q@\
#\x83d~u\xe06H$\xa1\xc9\xf7<\xb1p&\
\x1d7h\x98H\xe6\x97r\x8b\xa6G\xdb\xf3\xff1`\
\x80P4\x02\x91f\x8a\xa4\x82\xe0\x11'\xc5\x9b\xba\xbb\
\xad\xee\xa5\xd6\xb7\x91\xba\xea\x95\xa6\x7f\x01\xff\xaa\x12C\
\xca\xef\xc8I\x00\x00\x00\x00IEND\xaeB`\x82\
\
\x00\x00q\xe8\
\x89\
PNG\x0d\x0a\x1a\x0a\x00\x00\x00\x0dIHDR\x00\
\x00\x02\xd9\x00\x00\x01\x99\x08\x06\x00\x00\x00\x5c\xfd-o\
\x00\x00\x00\x09pHYs\x00\x00\x0b\x13\x00\x00\x0b\x13\
\x01\x00\x9a\x9c\x18\x00\x00\x05\xc9iTXtXML\
:com.adobe.xmp\x00\x00\
\x00\x00\x00<?xpacket beg\
in=\x22\xef\xbb\xbf\x22 id=\x22W5M\
0MpCehiHzreSzNTc\
zkc9d\x22?> <x:xmpm\
eta xmlns:x=\x22ado\
be:ns:meta/\x22 x:x\
mptk=\x22Adobe XMP \
Core 7.1-c000 79\
.9ccc4de, 2022/0\
3/14-11:26:19   \
     \x22> <rdf:RDF\
 xmlns:rdf=\x22http\
://www.w3.org/19\
99/02/22-rdf-syn\
tax-ns#\x22> <rdf:D\
escription rdf:a\
bout=\x22\x22 xmlns:xm\
p=\x22http://ns.ado\
be.com/xap/1.0/\x22\
 xmlns:xmpMM=\x22ht\
tp://ns.adobe.co\
m/xap/1.0/mm/\x22 x\
mlns:stEvt=\x22http\
://ns.adobe.com/\
xap/1.0/sType/Re\
sourceEvent#\x22 xm\
lns:dc=\x22http://p\
url.org/dc/eleme\
nts/1.1/\x22 xmlns:\
photoshop=\x22http:\
//ns.adobe.com/p\
hotoshop/1.0/\x22 x\
mp:CreatorTool=\x22\
Adobe Photoshop \
23.3 (Windows)\x22 \
xmp:CreateDate=\x22\
2023-11-21T11:22\
:09+03:30\x22 xmp:M\
etadataDate=\x22202\
3-11-21T11:22:09\
+03:30\x22 xmp:Modi\
fyDate=\x222023-11-\
21T11:22:09+03:3\
0\x22 xmpMM:Instanc\
eID=\x22xmp.iid:a1c\
1e546-6c18-1349-\
8f61-6c6faa6f659\
0\x22 xmpMM:Documen\
tID=\x22adobe:docid\
:photoshop:7dd49\
e77-2abf-1247-a6\
67-25faef499685\x22\
 xmpMM:OriginalD\
ocumentID=\x22xmp.d\
id:663694b0-e9e9\
-3840-a769-9540d\
838bbcf\x22 dc:form\
at=\x22image/png\x22 p\
hotoshop:ColorMo\
de=\x223\x22> <xmpMM:H\
istory> <rdf:Seq\
> <rdf:li stEvt:\
action=\x22created\x22\
 stEvt:instanceI\
D=\x22xmp.iid:66369\
4b0-e9e9-3840-a7\
69-9540d838bbcf\x22\
 stEvt:when=\x22202\
3-11-21T11:22:09\
+03:30\x22 stEvt:so\
ftwareAgent=\x22Ado\
be Photoshop 23.\
3 (Windows)\x22/> <\
rdf:li stEvt:act\
ion=\x22saved\x22 stEv\
t:instanceID=\x22xm\
p.iid:a1c1e546-6\
c18-1349-8f61-6c\
6faa6f6590\x22 stEv\
t:when=\x222023-11-\
21T11:22:09+03:3\
0\x22 stEvt:softwar\
eAgent=\x22Adobe Ph\
otoshop 23.3 (Wi\
ndows)\x22 stEvt:ch\
anged=\x22/\x22/> </rd\
f:Seq> </xmpMM:H\
istory> </rdf:De\
scription> </rdf\
:RDF> </x:xmpmet\
a> <?xpacket end\
=\x22r\x22?>\xdc\x1b\x13\xc5\x00\x00k\xc5ID\
ATx\x9c\xed\xddw\x98\x1b\xd5\xd5\xc7\xf1\xaf\xb6x\
\xbb\x0b\x18\x1b\xb0\xc16\xc6\xbd\xd2[\xe8\xbd\x07\x08\xc6\
\x09\x84\x1ez/\x01^z'\xb4\x84\x16:\x01B\x08\
=\x04BB(\x09\x81@\xa8\xa1\x040\x18\x036\xc5\
`\xaa\xc1m\xbd\xbb\x92\xde?\x8e\x96\xd5jGZI\
sG\xa3\xf2\xfb<\xcf>\xb6U\xee\x5c\xefj\xa53\
w\xce='\x12\x8f\xc7\x11\x11\x11\x11\x11\x11w\xaa\xc2\
\x9e\x80\x88\x88\x88\x88H\xb9Q\x90-\x22\x22\x22\x22\xe2\
\x98\x82l\x11\x11\x11\x11\x11\xc7\x14d\x8b\x88\x88\x88\x88\
8\xa6 [DDDD\xc41\x05\xd9\x22\x22\x22\x22\
\x22\x8e)\xc8\x16\x11\x11\x11\x11qLA\xb6\x88\x88\x88\
\x88\x88c\x0a\xb2EDDDD\x1cS\x90-\x22\x22\
\x22\x22\xe2\x98\x82l\x11\x11\x11\x11\x11\xc7\x14d\x8b\x88\
\x88\x88\x888\xa6 [DDDD\xc41\x05\xd9\x22\
\x22\x22\x22\x22\x8e)\xc8\x16\x11\x11\x11\x11qLA\xb6\
\x88\x88\x88\x88\x88c\x0a\xb2EDDDD\x1cS\x90\
-\x22\x22\x22\x22\xe2\x98\x82l\x11\x11\x11\x11\x11\xc7\x14\
d\x8b\x88\x88\x88\x888\xa6 [DDDD\xc41\
\x05\xd9\x22\x22\x22\x22\x22\x8e)\xc8\x16\x11\x11\x11\x11q\
LA\xb6\x88\x88\x88\x88\x88c\x0a\xb2EDDDD\
\x1cS\x90-\x22\x22\x22\x22\xe2\x98\x82l\x11\x11\x11\x11\
\x11\xc7\x14d\x8b\x88\x88\x88\x888\xa6 [DDD\
D\xc41\x05\xd9\x22\x22\x22\x22\x22\x8e)\xc8\x16\x11\x11\
\x11\x11qLA\xb6\x88\x88\x88\x88\x88c\x0a\xb2ED\
DDD\x1cS\x90-\x22\x22\x22\x22\xe2\x98\x82l\x11\
\x11\x11\x11\x11\xc7\x14d\x8b\x88\x88\x88\x888\xa6 [\
DDDD\xc41\x05\xd9\x22\x22\x22\x22\x22\x8e)\xc8\
\x16\x11\x11\x11\x11qLA\xb6\x88\x88\x88\x88\x88c\x0a\
\xb2EDDDD\x1cS\x90-\x22\x22\x22\x22\xe2\x98\
\x82l\x11\x11\x11\x11\x11\xc7\x14d\x8b\x88\x88\x88\x888\
\xa6 [DDDD\xc41\x05\xd9\x22\x22\x22\x22\x22\
\x8e)\xc8\x16\x11\x11\x11\x11qLA\xb6\x88\x88\x88\x88\
\x88c\x0a\xb2EDDDD\x1cS\x90-\x22\x22\x22\
\x22\xe2\x98\x82l\x11\x11\x11\x11\x11\xc7\x14d\x8b\x88\x88\
\x88\x888\xa6 [DDDD\xc41\x05\xd9\x22\x22\
\x22\x22\x22\x8e)\xc8\x16\x11\x11\x11\x11qLA\xb6\x88\
\x88\x88\x88\x88c\x0a\xb2EDDDD\x1cS\x90-\
\x22\x22\x22\x22\xe2XM\xd8\x13\x10\x11\x91\xe2\x11\xb9\xf9\
\x8c\xb0\xa7P\x0e\xea\x80\xe5\x12_\x03\x13\x7f.\x93\xf8\
{_\xa0\x1f\xd0\x92\xf8\xb3\x0f\xd0\x98xN\x1fl\xf1\
\xabO\xd2X\x11\xa0#\xf1\xd5\x06,\x05\x96\x00\x8b\x80\
\xbb\x81\xdb\x02\xff\xdf\x88\xe4(~\xc09aO\xa1(\
(\xc8\x16\x11\x11\xc9M\x04\x18\x02\x8cH|\x0dK|\
\xad\x0c\xac\x00\x0c\x06\x96%\xf8\xab\xc5\xdb\x02\xfb\x02G\
\x03o\x04|,\x11\xc9\x91\x82l\x11\x11\x91\xf4V\x06\
\xc6\x01c\x13\x7f\x8e\xc3\x02\xeb!\x14G\xca\xe5&\xc0\
\xeb\xc0\xaf\x81\xb3\x80\xef\xc3\x9c\x8c\x88tQ\x90-\x22\
\x22\x02\xf5X\xf0<\x0a\x98\x0aL\x01&&\xfe\x1d\x09\
oZY;\x16\xd8\x0b8\x0d\xb8!\xe4\xb9\x88\x08\x0a\
\xb2ED\xa42\x0d\x04\xd6\x046\x04\xd6\x01&c\xb9\
\xd3\xa5l9\xe0z\xe0(\xe0\x0c\xe0\x81p\xa7#R\
\xd9\x14d\x8b\x88H%h\xc1\x82\xe9M\x81\x8d\x80\xd5\
\xb1\x0d\x87\xe5h\x02p?\xf0\x08p<\xf0n\xb8\xd3\
\x11\xa9L\x0a\xb2ED\xa4\x5c\x8d\x05\xb6\x00\xb6\x01\xd6\
\x07\x06\x84;\x9d\x82\xdb\x1e\xdb\x1cy.p>\xd0^\
\xe0\xe3\xd7a\xd5PD*R1l\xda\x10\x11\x11q\
e\x08p/\xf0\x190\x03\xb8\x0a\x0b6+-\xc0\xee\
T\x05\x9c\x09\xcc\x04~^\xe0c\xef\x0f\xbc\x08\x9c\x82\
\xa5\xe6haO*\x8a\x82l\x11\x11)'\xad\xc0\x5c\
`\xf9\xb0'Rd\x86\x03\xb7\x03/`\xab\xfb\x85P\
\x07\xac\x05\x5c\x00\xbc\x04\xcc\x06~\x07\xec\x02\xd4\x16h\
\x0e\x22\xa1Q\x90-\x22\x22\xe5\xe4k\xacnt3p\
q\xc8s)Fk\x03\x8f\x03\x7f\xc4\xaa\xa9\x04)5\
Ud\x08V\xd7\xfb\x01\xe0Cl\x93\xe66\x01\xcfA\
$4\x0a\xb2ED\xa4\x1c-\x02N\xc2\xca\xf1\xfd#\
\xdc\xa9\x14\xa5\xe9\xd8\x86\xc8cC:\xfe\x10\xe0 \xe0\
o\xc0,\xe0<\xecg%R6\x14d\x8b\x88H9\
{\x1d\xd8\x1c\xd8\x13\xf8_\xc8s)6\xb5\xc0\xe5X\
\xb7\xc8]C\x9c\xc7H\xe0T\xe0U\xe0\xdf\xc0/\x80\
\xa1!\xceG\xc4\x09\x05\xd9\x22\x22R\x09\xee\xc4ja\
\x1f\x81\xba\x22\xa6\x9a\x84\x95\xfc\xfb7V\xe60L\x1b\
`\xcdtf\x03\x0f\x03?\x09u6\x22>(\xc8\x16\
\x11\x91Jr\x0d\xb0*\xf0\xdb\xb0'R\x846\x00\x9e\
\x07\xae#\xfc\x8d\xa3\xd5\xc0\x0eX\xa5\x98\xb7\x81\x13\x80\
\xc1\xa1\xceH$G\x0a\xb2ED\xa4\xd2|\x09\x1c\x8e\
m\x02\xfcO\xc8s)F\x07\x03\xef\x01\x87\x85=\x91\
\x84q\xc0%\xd8f\xc9\xeb\x12\xff\x16)z\x0a\xb2E\
D\xa4X\xb4`\x9d\x18w\x01\x0e\xc1\x82\xbd]\xb0\x0d\
q}\x028\xdeKX\x93\x9aC\xb0\xcdw\xd2\xa5\x19\
[\xf5\x7f\x16\xd8*\xe4\xb9tj\xc0^\x13o\x03\xf7\
P<\xf3\x12\xf1\xa4 [DD\xc2\xb6\x16p\x070\
\x07x\x05+\xf1v-\xb6j\xf9\x00\xb6!n6V\
\xf2m\xcd\x00\x8e\x7f=0\x0a8\x8e\xc2wE,v\
\xeb\x03\x7f\xc7*\xb4L\xca\xf1\xb9\x11\xf7\xd3\xf9\xc1\xee\
\xd8\xbc\xde\x02\x0e\x08\xf08\x22yS\x90-\x22\x22a\
\x19\x89\xd5k~\x11\xab\xfe\x91\xa9+\xe3\x0aX\xc9\xb7\
\x97\x80\x1b\x81\xe5\x02\x98\xcf\xaf\x81\xd1X\xc0/\xddm\
\x8aU!\xb9\x04[\xe5\xceF!Z\xaa\x8f\x07n\xc2\
\xaeD\x1cE\xb0\x81\xbdHN\x14d\x8b\x88H\x18\xfe\
\x0fk\xf5==\x8f\xe7\x1e\x88\x05UA\xd4x\x9e\x8d\
\xb5\x1f\xdf\x14x9\x80\xf1K\xdd\x09X\xbe\xf6\x81Y\
<6\x1a\xf0\x5c\x92\x8d\x04\xae\xc0j\x7f\xef_\xc0\xe3\
\x8a\xa4\xa5 [DD\x0aig,\xfd\xe3|\xfc}\
\x06\xf5\xc5j<\xbf\x06l\xe9\x7fZ=<\x85\xa5\xb1\
\x9c\x88\xb5i\x97.\xcbcW\x13\x1e\xc5*\x92\xa4\x93\
kz\x89\x0b\xa3\x80\x9b\xb14\x92\xfdB8\xbe\xc8\x0f\
\x14d\x8b\x88H!\xac\x03<\x07<\x88\xdb\xce~S\
\x80\xc7\x12_k9\x1c\xb7\xd3\xa5\xd8*\xe9\xe9@<\
\x80\xf1K\xd9\xd6Xm\xed?\x03\x13R\xee\x1b\x82m\
R\x0c\xcbx\xe0\x16l\xd5]+\xdb\x12\x0a\x05\xd9\x22\
\x22\x12\xa4\x01\xd8e\xfc\xe7\x81\xf5\x02<\xce\x96Xn\
\xf7\xd5@\xbd\xe3\xb1[\xb1\xb6\xdf\xe3\x80\x87\x1c\x8f]\
\x0ev\x02\xde\x04n\xc56!\x1e\x8dm`m\x0aq\
N\x9dV\xc5V\xb6_A\xa5\xff\xa4\xc0j\xc2\x9e@\
P\xee\xba\xe7\xfe\xb0\xa7 \x22\x0eE\x893\xa2\xaa\x8e\
w\xa2K9j\xe1,\x16\xc5\xda\xa1\xaa\x8eJ^\x5c\
\x8c\x1fpR\xd8S\xe8\xcd\x11\xc0Y\xc0\xb2\x05<\xe6\
\xe1XJ\xca\xe9X\xd0\xe7\xd2\xbb\x89\xb1w\xc2\xd2]\
&:\x1e\xbf\xd4\xed\x93\xf8*F\xabcWSf\x84\
=\x11\xa9\x1cZ\xc9\x16\x91\x92PM\x84\x0fcK\x19\
[]\xc7\xd5\xcd\xab\xd2XU\x0b\xb1\xa5\xa8\x98@Q\
\xda\x18\xf8'p\x15\x85\x0d\xb0;\x0d\x05~\x07<\x0d\
l\x12\xc0\xf8\x0fa\xf9\xc6g\x03\xdf\x060\xbe\x04\xe3\
\xfb\xb0' \x95EA\xb6\x88\x94\x8c\xce@{Tu\
\x1dW\xb5\xacJsU\x1f\x05\xda\xc5e*\xf0Wl\
\xd3\xe0&aN$aC,\xd8\xbf\x17+\xcd\xe7\xda\
Y\xc0*XY;\x11\x91n\x14d\x8bHI\xa9&\
\xc2\xec\xd8R\xc6T\xd5qe\xcbH\x1a\xaa\xfa@\xac\
5qo\xdc\xfb+\xd6\x01\xb1v\xef\xaft\xcf\x91\x5c\
\xd4\x01\xe7bUC\xb6\x0dy.^~\x82\xa5z\x5c\
\x08T;\x1e{>\xf0K`2\x16\xd0\x8b\x88\x00\x0a\
\xb2E\xa4\x04\xfd\x10hW\xd7qu\xcbH\x96\xad\xaa\
\xb7\x809\x1e\xf7\xfc\x1aQ\xdb\xc4\xc4\xda\xbe\x8cM\xfa\
\x9aP\xdb\x97Uk[\xd2<'\x9a\x08\xcc\xdb\x12_\
K\xedO\x05\xdf^\xf6\xc1\xea]\x9f\x16\xf6D\xb2p\
2\x96\x93\xbbK\x00c\xff\x0f\xd8\x0c\xab\xb1=;\x80\
\xf1E\xa4\xc4\x94\xed\xc6G\x11)o\xd5D\xf80\xba\
\x94aU}\xb8\xb8e\x15\xbe\x88\xb6B$e\xdd \
\x0eD`Lu\x03MT\xd1\x9e\x14$\xd7\x10\xa1\x8d\
\x183\xa2K\x88%\x1e\x07PE\x84\xb9\xb16\x96\xc4\
c\xcc\x8b\xb5\x13%NC\xa4\x8a\xafb\x1d\xfc\xb3m\
>\xc4;\xa0\xaa\xb6P\xff\xcdb\xb6\x0eVqc\x8b\
\xb0'\x92\xa3QX\xab\xf6\xbf`\xf3\x7f\xc1\xf1\xf8w\
\x00wc\xf9\xda\xc7\xe2\xbe\xd2\x89\x88\x94\x08\x05\xd9\x22\
R\xb2\xaa\x89\xf0y\xac\x8dA\x91\x1aV\xae\xedK\xba\
\x95\xe6\xefcQ\xe6\xd3A$)w;N\x9c*\x22\
\xacV\xd3\xd4-\xa3;\x0e\xac\x8d\xddV\x9dxFM\
$B4\x0eo\xd5-\xcb\x15K>\xe3\xad\xb6o\xa1\
\xba\x1e\xbb\x18Xq\xab\xdb\xe3\xb1\xd4\x90]\xc3\x9e\x88\
O;$\xbe~\x87\xad\xc2\xbbl8\xd3\x8eu\xb4\xbc\
\x06\xabr\x12f\xbdh\xc9\xcf\x00`!\xf6\xb3\x14\xc9\
\x8b\xd2ED\xa4\xa4U\x13aa<\xcaW\xb1v\xbe\
\x8aux~\xb5\x11'\x86\x95\x01\xec\xfc\x8a\x01\x1d\xc4\
\xf9:\xe5\xb1_\xc7:\xf8<\xd6\xceg\xb1v>\x89\
\xb5\xf1q\xac\x8d\x0f\xa2K\xf9(\xb6\x94\xf1\xd5\x0d\xfc\
\xaai\x18\x1b\xd4\x0d\xb4t\x92x\x94\x0a\xdat\x19\xc1\
6\xfa\xbdE\xe9\x07\xd8\xc9\xf6\xc3\x1a\x96\x04Q\x0f\xf1\
S\xe0\x10`]\xe0?\x01\x8c/\xc1i\xc1R\x8b\xf6\
\x0e{\x22R\xba\x14d\x8b\x88\xf4\xa23\x8c\x9e\x1d[\
J\x9c8\x977\x0f\xe7\xe0\xc6!\x10O\xe4l\x97\x7f\
\xa0=\x1d\xcb\xbb>3\xec\x89\x04\xa4\x11\xb8\x08k\xa8\
\xb2Y\x00\xe3\xbf\x00\xac\x8f\xd5\x0d\xff*\x80\xf1\xc5\xbd\
\xcf\xb0N\x9f\xb7a-\xe4\xfb\x84;\x1d)E\x0a\xb2\
ED\xb2TM\x84\x05\xf1\x18\x1fG\xdb\xd8\xb3n \
\xe7\xb5\x8c\xa2_U\x1f\x88\xb6\xf6\xfe\xe4\xd2\xb4\x16\xf0\
\x04\xf0G\xacs^\xb9\x9b\x00<\x09\xfc\x81`\x1a\xcd\
\x5c\x83\xe5\x84\xff&\x80\xb1\xc5\xadZ\xbaN\x88\x0e\xc4\
\xae\xe0\xac\x1f\xdet\xa4\x14)\xc8\x16\x11\xc9A\x04h\
#\xce\xa7\xb16\xb6\xad\xed\xc7\xa5\xcd#\x18V\xdbd\
+\xda\xf1\xb2\xc9\xcf^\x15\xb8\x0bkS\xbey\xc8s\
\x09\xc3\xcf\xb0j!\xd7bi\x03.\xcd\xc76D\x8e\
\xc66HJ\xf1J\x8e\x91V\x05\x9e\x05~\x1d\xd2\x5c\
\xa4\x04)\xc8\x16\x11\xc9Qgr\xc8\x8c\xe8\x12\x86U\
\xf7\xe1\xe6\x96QlY70\x11h\x97|\x9e\xf6\xe9\
Xj\xc8\x1eaO\xa4\x08\x1c\x02\xccJ\xfc\xe9\xda{\
X\x1a\xceV\xc0+\x01\x8c/\xc18\x06\xab\x07?&\
\xe4yH\x09P\x90-\x22\x92\xa7j\x22|\x19\xeb\xa0\
5\x1e\xe3\xcc\xc6\xa1\xfc_\xf3p\xac\xf9MIw\xa1\
<\x81\x12\x9e|\x00\x06a+\xda/\x02\x1b\x040\xfe\
\xe3\xc0\x9aX5\x92\xb2\xcd;*3S\x81\xd7\x09\xa6\
\xde\xba\x94\x11\x05\xd9\x22\x22>T\x01\xdf\xc5\xa3|\x16\
kg\xa7\xbae\xf8U\xf3*\xacX\xdd\x90\xd4\x852\
_q\x88\xc7\x12+\xe3\x055\x16\xf8}\xa1\x0fZ\x02\
\xd6\x02\xfe\x0d\xfc\x16k\xa5\xee\xda\x85X\xbe\xf6-\x01\
\x8c-\xee\xd5a\xf5\xd6/A'\xa5\x92\x86\x82l\x11\
\x11\x9f\xaa\x80v\xe2\xbc\x1fme\xe3\x9a\x16\xaemY\
\x95\xd15-\x10]J\xf6u\xb4\xe3\xd6\xe8&\xd6n\
\xcf\x8b\xc7i\xac\xaa\xa1\xa1\xaa\xb6\xd0\xdd&?\xc3\xca\
\x96\x8d\x03\xee/\xd4AK\xc8\xa1\xc0\xfbXn\xae\xeb\
\x8a\x13\x9f\x00\x07`\x9b.\xff\xe6xl\x09\xc6\x09\xc0\
\xdbX\x8e\xbdH7\x0a\xb2ED\x1c\x88`\xdd\x22\xdf\
\x8b\xb5RO\x84kZF\xf2\xd3\x86\x15\x12\x01s\x07\
\xa4\xb6\xbc\x89G\x93\xda\xb6[\xbf\x8b\x95\xab\x1b\x98\xdc\
\xa7\x1f?o\x5c\x91\xb3\x9bV\xe6\xfa\xe6\x11\xdc\xd0<\
\x82-\xea\x06B\xb4\xe0\xf9\xde\xef\x00?\xc1r\xb3g\
\x16\xea\xa0%\xe4\x18\xe0]l\x93\xa4ko\x01\xdb\x01\
\xbb\xa3\xef})\x18\x8b\xe5io\x17\xf6D\xa4\xb8\xa8\
\xe3\xa3\x88\x88C5D\xf82\xdeN?j8\xa2a\
\x05\x06T\xd5r\xcb\x92\xcfi\x8d.\x81H\xb5\xa5\x80\
T\xd5\xd0\xbf\xaa\x8e\x89\xd5u\xf4\xad\xaae\xf5\xea\x06\
Z\xaaj\x18[UOM\xa4\x8ae\xaajX\x18\x8f\
\xb2$\x1e\xa3>R\xc5yM+\xb1ju=\xb7,\
\xf9\x9c\xb6\xe8b\x1b\xa7p\xeeI|\x9d\x8c5\xa3\xa9\
+\xe4\xc1\x8b\xdcp\xac\xdc\xdf\x01\xd8\xf7\xe7%\xc7\xe3\
\xdf\x97\xf8:\x17\xebJ)\xc5\xab\x11x\x048\x05\xab\
\xb9.\xa2 [D\xc4\xb5j\x22|\x1f\x8f\xb28\x1e\
\xe3\xc0\xfa\xe5X\xa5\xba\x9e\x9b\x16\x7f\xca\xf25\x8dL\
\xa9\xaeg`U\x1fFW\xd73\xa8\xaa\x96j\x22D\
\x81\x0eb|\x17\x8b\xd2\x16\x8f\xf1]t\xe9\x0f\xeb\xd5\
\x0b\xe21\xe6\x13e\xff\xfaA\x8c\xaen\xe0\xed\x8e\x85\
\x85\x0e\xb2;]\x84\xd5\xcb\xfe\x15\xaa<\x92j3l\
c\xe4\xaf\xb0\x1a\xd8\x9f;\x1e\xfft\xe0N\xe0ll\
u[\x8a\xd7\x85X\xba\xcf^aOD\xc2\xa7 [\
D$\x00U@\x8c8oG\x970\xae\xba\x9eK[\
FRG\x84\xa6\xaaj\x16\xc6\xa3,\x8a\xc7\x98\x17k\
'F\xcf\x04\x90H\xca8Q\xe2\xbc\x9b\x18g\xad\xda\
\xe60\xebq\xcf\xc1\xca\xce]\x80\xad\xae\xee\x14\xd6D\
\x8a\xd4I\xc0Q\xd8f\xb8s\x00\x97\xbbVg\x00\xd3\
\x80\xd5\x80+\x80\x0d\x1d\x8e-n\xed\x09\x8c\xc7~?\
>\x09y.\x12\x22\xe5d\x8b\x88\x04(yU\xfb\x9b\
x\x07\xb3\xa3K\xf9:Q\xf6/N\xf6\x19\xd65D\
\x98\x1f\x8f\xf2It)\x9f\xc4\xda\xf8$\xd6\x16\xe4\xb4\
{\xf3\x06\xb03\xf0S\xe0\xa30'R\x84\x1a\x803\
\xb0\xcdp;\x040\xfe\xab\xc0FX\x17\xc2\xb9\x01\x8c\
/n\xac\x8654\x0a\xa2\xec\xa3\x94\x08\x05\xd9\x22\x22\
\x05\x10%\xee\xb9j]\xe2\xee\xc2\xca\xce\x9d\x8b\xdbU\
\xdbr0\x1ax\x18\xf8\x13\xd6\xae\xdd\xb5\x9b\xb1\xef\xfd\
%\x01\x8c-n\xf4\xc7\xca>*\xbd\xaaB)\xc8\x16\
\x11\x11?\xda\xb0\x95\xdb\xd1X@)\xdd\xfd\x18x\x13\
\xcb\xa7\xee\xefx\xec\xc5\xc0/\x81u\x81G\x1d\x8f-\
\xee\xdc\x85]y\x90\x0a\xa3 [DD\x5c\xf8\x00\xd8\
\x15X\x0fx2\xe4\xb9\x14\xa33\xb0\xef\xd1\xf1\x01\x8c\
\xfd\x02\xb0-\xb0q\xe2\xefR|n\xc4\x1a\x19I\x05\
Q\x90-\x22\x22.=\x0fl\x01\xfc\x1c\xf82\xe4\xb9\
\x14\x9b\x01\xc0\xa5X\xae\xeef\x01\x8c\xff4\xb6\xaa}\
<\xf0}\x00\xe3\x8b?\x87\xa2\x06O\x15EA\xb6\x88\
\x88\x04\xe1\x0e,g\xf8\xd7aO\xa4\x08M\xc4V\xfb\
o\x07\x86\x050\xfe\xe5\xd8\xf7\xfe\xda\x00\xc6\x16\x7fv\
\xc5\xeaiK\x05P\x90-\x22\x22A\xf9\x0e8\x0e\x98\
\x82m\x02\x94\xee~\x8eut<\x15\xf7M~\xbe\x00\
\x0e\x036\x05\x9eq<\xb6\xf8\xb3\x1d\xf07\xa0O\xd8\
\x13\x91`)\xc8\x16\x11\x91\xa0\xbd\x81\xd5\x0c\xde\x12k\
\xda\x22]\xfa\x00\xe7\x01\xb3\x80_\x040\xfeSX\xc9\
\xbf\x1d\xb1\x9f\x83\x14\x87m\xb0\x9f\xc7raOD\x82\
\xa3 [DD\x0a\xe5\x09`\x1d\xe0\x10`~\xb8S\
):C\x81\x1b\x80\xff\x10L\xa3\x99\xbf`W\x14\xce\
B\xe5\x16\x8b\xc5\x18\xac\xee\xf92aOD\x82\xa1 \
[DD\x0a\xedz,\xc0\xb8%\xec\x89\x14\xa1u\xb1\
\x0d\x8cW\x01\xcb\x060\xfe\xd9X\xb9\xc5?\x060\xb6\
\xe4n\x08\xf0\x1cP\x1f\xf6D\xc4=\x05\xd9\x22\x22\x12\
\x86/\x80\x03\xb0\x8ex\x8f\x87<\x97bt\x04\x96B\
r\x0cP\xedx\xec\x0f\x80\x9f\x01[c+\xa9\x12\xae\
1\xc0KhE\xbb\xec(\xc8\x16\x11\x910=\x07l\
\x855m\x99\x11\xeeT\x8aN\x7f\xac:\xcb\xbb\x04\xd3\
5\xf01`u`/\xe0\xc3\x00\xc6\x97\xecM\xc4J\
;\x0e\x0d{\x22\xe2\x8e\x82l\x11\x11)\x06\x7f\x06\xc6\
c\x1d\x0c\x17\x87<\x97b3\x12\xeb\x1a\xf8\x18\xb0V\
\x00\xe3\xff\x01K!\xb90\x80\xb1%{+b+\xda\
J\x1d)\x13\x0a\xb2ED\xa4\x98\x5c\x82\x05|\xf7\x85\
=\x91\x22\xd4Y\x9d\xe5\x22\xa0\xc1\xf1\xd8\x1d\xc0\xff\x01\
SQ\x1d\xe70-\x8fJ.\x96\x0d\x05\xd9\x22\x22R\
l>\x05v\xc7Z\x85?\x1b\xf2\x5c\x8a\xd1IX}\
\xed\x03\x02\x18\xfbu`\x07\xaci\xca\x9b\x01\x8c/\xbd\
[\x13\xf8g\xd8\x93\x10\xff\x14d\x8b\x88H\xb1z\x14\
\xf8\x110\x0d\xf88\xe4\xb9\x14\x9b\xa1\xc0M\xc0;X\
s\x13\xd7\xfe\x04L\x02\x0e\x07\xbe\x0c`|\xc9l\x13\
l\xbf\x82\x940\x05\xd9\x22\x22R\xec\xee\xc5\xda\x84\x9f\
\x0f\xc4B\x9eK\xb1\x19\x83\xa5w\xdc\x07\x8c\x0d`\xfc\
\xdf\x02\xabb\x1b0\xa5\xb0\xd6C\x9dRK\x9a\x82l\
\x11\x11)\x05K\x81\xd3\xb0\xa0R\x81GO\xbba\xd5\
Y\xce\x09`\xec\xef\x81\xe3\xb0r\x8b\xca\x17.\xac\x1d\
\xb0\x8e\xa0R\x82\x14d\x8b\x0b\xd3\x80\x9f\x86=\x09\x11\
\xa9\x08\xb3\xb0\x16\xed\xd3\x80\xd7\xc2\x9dJQ:\x1d\x0b\
\xb6\xa7\x050\xf6sX\x8b\xf6}\xb1\xb2\x82\xe5\xac#\
\xf1U\x0cN\x05\x8e\x0c{\x12\x92;\x05\xd9\xe2\xd7f\
\xc0\xdd\xc0\x9d\xc06!\xcfE$(\x8d\xc0\xc1X\xca\
\x82\x14\x87{\x81\xd5\x80\x9f\xa3\x9c\xe1Tc\xb1\xf7\xe5\
W\xb1\xf7h\xd7nK\x1c\xe3dTn\xb1P\xae\x04\
\x0e\x0c{\x12\x92\x1b\x05\xd9\xe2\xc7\xe6\xc0\x93I\xff\xfe\
\x1b\x0a\xb4\xa5\xbc\x0c\xc6R\x14\xde\x05\xae\xc3\xaa:\x14\
\xda\xea!\x1c\xb3\x94\xdc\x81\x95\xfc\xbb2\xec\x89\x14\xa1\
\xa9\xd8{\xf4\xcdX\xfbn\xd7~\x85\x9dx\xde\x1c\xc0\
\xd8\xd2\xd3\x8d\xd8F`)\x11\x0a\xb2+\xc3\x1aX\x93\
\x81\xbd\x1c\x8e\xb9\x17\xf0\x84\xc7\xed\x7f\xc3.%\x8a\x94\
\xb2\xf1\xc0o\x80\xf7\x80s\xe9\xea\xc2\xb6\x17\xd0\xb7\x80\
\xf3\xd8\x1fx\x05\xb8\xbc\x80\xc7,E\xf3\x81\xa3\xb1\x13\
\x92G\xc3\x9dJQ\xda\x1f{-\x9f\x1c\xc0\xd8s\xb1\
\x15\xd6\xcdP\xfaN!<C0\x0d\x89$\x00\x0a\xb2\
\xcb\xd7f\xd8n\xf07\x80\x97\xb17\xd7=\x1d\x8e\xbf\
k\x86\xfb~\xe2\xf08\x22\x85\xb4\x1d\xf0\x00\xf0\x16\x16\
\xb4\xb5\xa4\xdc_\x07\x1cS\xa0\xb9\xecM\xd7\x0a\xe1\xb1\
\x04\xb3\xa1\xad\xdc\xbc\x8a\xd5\xd6>\x90\xf2\xcf\x19\xceU\
\x03\xb6\xd8\xf2\x12\xf6=r\xed\x9fX\xfa\xce\xd1\xc0\x9c\
\x00\xc6w!\x12\xf6\x04\x1c\xd1jv\x89P\x90]\xbe\
\xae\xc4\x82\x81II\xb75;\x1c\xff'\xc0\xfd\x1e\xb7\
?\x04\xfc\xd8\xe1q$8\xae;\xc6\x95\xaa\x08\x16\xd0\
\xbe\x80\x95B\xdb\xa5\x97\xc7\x9f\x0d\x0c\x08xN\xdbc\
y\xaf\xc9N\x07\xce\x0a\xf8\xb8\xe5\xe2f,g\xf8p\
\xe0\xdb\x90\xe7Rl\xd6\x04\xfe\x0a<\x8dU\x0bq\xed\
J\xac\x0d\xfc\xd9\x01\x8c]h\xc5\x16\x94\xff\x09\x18\x87\
\xca)\x96\x0c\x05\xd9\xe5\xebe\x8f\xdb\x86\xe2\xeeM#\
\x86\x05\xda\xf7&\xdd\xf6g`g\x8agG\xb6\xa4\xb7\
\x07\xd6\xc4bk\x8f\xfb\x1e\xc7\xae\x80\x94\xbb\xe5\xb1\x1c\
\xeb\xf7\xb0\x80v\xed,\x9e\xf3)\xd6\xf6;\x1e\xe0\xbc\
\xc0\x82\xa0\xff\xa4\xdc6\x9f\x9e\x81\xb7d\xf6[\xac\xe4\
\xdf\xad!\xcf\xa3\x18m\x08\xfc\x1bKEr\x9d\x02\x15\
\xc5N\x08\xc7\xd0\xfd3\x22l\x8brxl\x07\xd0\x16\
\xd4Dr\xf4\x1a]]8\xdf\x09w*\x92\x0b\x05\xd9\
\xe5\xeb#\x8f\xdb\xfa\x02\xb5Y<w[,\x00\xc9\xc6\
4lE\xe49\xb4\x82]*\xb6\x07\xee\x02V\xc6r\
\xe87M\xba\xefV`\x0b\xec\x0aH\xb9\xb6\xf5\x1d\x0d\
\x5c\x8b\xb5\xa5\xbe\x08[u\xeb\xcd[Xu\x911\xc0\
/\xb1\x807(\xabb-\xc5\xd7\xc7\x82m\x80y\xc0\
\x0a\xc0\x8a\xd8%y\xc9\xde\x97\xc0~X\xe99\xd5x\
\xee\xe9X\xac,\xe2a\x01\x8c=\x13\xfb\x8c\xd86\xf1\
\xf7\xb0}\x9a\xc3cc\xc0\xc2\xa0&\x92\xa5v\xec\x0a\
\xd6j\xd8U6)1\x0a\xb2\xcb\xd7g\x1e\xb7\xd5\x03\
\xfdzy\xde\xce\xd8\x07\xfb\x13d\xff\xfa\xd8\x98`.\
;\x8a{\x07\x02\x7fI\xfaw\x04\xf8\x07\xb61\xea\x16\
`\x9f\xa4\xfb6\xc1VS\xb3\x09BK\xc9%\xc0!\
\xf4\xcc\xb7\xf6\xf2\x0aV\x22n\x22p\x03\xb9\xad\x84\xe5\
\xa3\x19\xbb\x92p7p\x00vBt\x1d\xb0\x0av\xe2\
\xf3o\xe0)\xec\x04Ir\xf3\x0c\x16h\x1f\x0e|\x12\
\xf2\x5c\x8a\xcdr\xc05\xd8\xebk\xc3\x00\xc6\x7f\x14K\
s8\x03\xf8*\x80\xf1\xb3\xb1\x90\xdc\x03}\xaf\xc5\xaa\
B\xb9\x0d[\x10P#\x9a\x12\xa6 \xbb|}\xe7q\
[\x1d\x99\xf3\xb2w\x01\x1eL\xfc}\x02\xf0/\xa0\xda\
\xed\xb4$d\xdb\xa7\xb9}O\xec\x04+\xd5\xba\xd8\xea\
m9\x19\x9c\xc5c\x1e\xc2\xbeWkb%\xe2\x0aa\
\x10\x96\x17><\xf1\xef\x9b\x80\xa3\x80C\x13\xf3x1\
q{_,\x1dl\x12\x92\x8f\xdfb'-\xaa\xf1\xdc\
\xd3\x06\xd8\x95\xc9\x87\x81)\x8e\xc7\x8ea\x95zV\xc1\
\xae \x15\xda\xbf\xb0\xae\xa1\xb9\xf8{\x10\x13\xe9\xc5c\
\xd8\xe7\xef\xbe\xc0\xec\x10\x8e/\x0e)\xc8._^+\
n\xd5@\x7f\x8f\xdb\xab\xb0\xcb\xa9\x0f\xa4\xdc\xfe#l\
ecD\x86\xe3\xec\x0c\xfc\x0e{c\xfe+\x96\xe3\xba\
R\x8esu\xa1\x01+k\xf43\xa0O\x08\xc7/\x15\
\xbb`\x8d\x83\x92=\x84\xd5<_\x03k\x9f\x9clO\
\xbaR\x16\x82v\x22\xde?\xbb-\xb1\x95gW\x96M\
s\xfb\x02\xe0\x1e,M\xa3\xf3\x8aN\xa14\x00\xafc\
\xa5\x03\x93]\x01\xdc\x87\x05\x08\xc9\x96\x03\xde\xb8\xeb\x9e\
\xfbW,\xc0\xdc\xcaQ;]5\x9e\x8b)g\xb8X\
\xec\x80\xe5\x01\x9f\x0f\xd48\x1e{\x01p\x0a\xb6\x07\xe2\
q\xc7cg\x92\xcf\xc9\xf2\x1f\x9d\xcf\x22\xbdY\xc0t\
l\x9f\xcc\xdb\x05<\xae\x04HAv\xf9JwY\xdb\
k\xe3c\x03\xb6j\xe6e]\xbc[\xa6\xd7c\xf9\xbc\
\x0fbg\xdc\x1bbyw\x17a\x1b3\x0e\xcd~\xaa\
y[\x03\xfb\xa0|\x18;\xe3\x7f\x11\xf8\x030\xb0\x00\
\xc7.e{b9\xc9`+5\x9d+\xd8\xb3\x81\xf5\
\x92\x1e\xf73z\x06\xe4A\xf93p1\xf6\x9aJ6\
\x05[\xd9\xb9\x16Ki\xf1k\x08]+\xc5\xc9\x16`\
\xb9\xe8{\xd0s\xc3a!D\xb1t\x94Ts\xb0\xd4\
\x91'=\xee\xbb\x15\xef+V\x92\xbd\xb9X\xce\xf0\xf6\
X\xf9?\xe9\xee\xff\xb0\x14\x8b\x9f\x050\xf6K\xc0V\
X`\x19t\xc9\xbf\x05\xd8\xefQ\xae\xe6b\x8b\x10A\
;\x0f\xbbb\x98\xcf\x1c\xa5\x88)\xc8._\xa9+\x92\
\x9db\x1e\xb7-\xc2V\xef\x16x\xdcw;\xd6\x94#\
\xd5S\xa4\xef\xee\xd8\x88]\x92\xbd0\xe3\x0c\xfd\xfb\x05\
\xb6\x09m\x07\xecR{'\x05\xd9\xbd;\x0c\xcb\xcf\xde\
1\xe5\xf6\xb7\xb1\x8d\x90\xfbQ\x98U\x9cZl%q\
\xa7\xc4\xbf7\xa3k\x05y$\xdd7\xaa\xdd\x8c\xe5)\
\xfb\xd1\x80\xf7\xca\x5c\x13p)\xb6\xe90\x0cm\xc0\x99\
X\xbep\xa7\x0f\x81u\xb0\xef\xcfV\xd8\xef\x5c\xa7+\
\x80\xfd\xa6O\xdb-\xe8\x1c\xf1J\xf1W\xac\x91\xcd\xb1\
\x84\x973\x5c\xacF`\x8b\x17O\x10L\x13\x94\xbb\xb1\
\x00\xf32\x82K\xdf9\x94\xfc+\x02\x1d\xe5r\x22)\
\x1e\x00&c\x9b\x1b\xbd>\x9b\xa5\xc4)\xc8._\xe9\
\xaa\x88\xa4{\xa3y\x01[\x8d^\x92t\xdb\xef\xb1\x8d\
p\xa9o|\x17`\x1f\xfe\xbd9\x19\xab\x92\x10\x94t\
\x95\x02\xd2\xa5\x03\xa4\xea\x8b\x05/\x87`'\x04\x17c\
+\xf1Gai\x15\x83\xd2?\xb5,\xdc\x8c]6O\
\xf5\x14\x85+yv\x1b=\x9b\x17m\x8b\xad&\xff\x97\
\x9e\x9b\x13o\xc2N\xaa\xf25\x0b\xfb\xd9FSn\xaf\
\xc2^\xff\xaf\x13n\xf5\x8e\xdfb\xf5\x85gbW\x15\
\xe6%n\x8fa'?\xafc)-\xc7\x841\xb9\x0a\
\xf0\x1b,g\xf8\x02\x82/\xd3Xj6\xc7\xae\x16\xde\
\x89}\x8f\x5cZ\x0a\x9c\x80\x9dX\xff\xd6\xf1\xd8wa\
'\x09\xf9\x9a\x83\xdbn\xc9\x00\xcfb\x9f\xa1\xbb\x01\xff\
s<v6\x1b\xba\xa5@\x14d\xfbS\xc8M\x81\xb9\
\x1e\xcb+x\x82\xccM4^\xc7>\xd8[\xb1rA\
{{<f(\x96O\x97\xad\xdbq\xdb\x04\xa7\xd3\x08\
\xbaV?S\xf5\x16\x1cO\xc7\xd2\x13\xe6`\xe9\x12\xd7\
b'\x04'b9\xe5W`+\x0c\x1f`\xdf\x87-\
\x1d\xcc7[\x83\xb0\x0f\x84\x5c\xbbs\xba\xcaC_\x1d\
\xab2P\xa8\x5c\xdf?b\xaf\xb7T7\xe0\xddJ\xfc\
y\xfc\xe7+>\x88\xe5\x83~\xe9q_#v\x921\
\xdc\xe71\xfc8\x0bk\xa42\xcf\xe3\xbe\xa9XJ\xcb\
\x0f\xee\xba\xe7\xfe\xc3\xef\xba\xe7\xfe\xfb\x82\x9fV\xc5X\
\x00\x9c\x8a\xad\xae>\x18\xeeT\x8a\xd2O\xb1\x93\xc03\
\x03\x18\xfbs\xecj\xce&tm\xf4\xf5\xe3\x1d\xbc\xd3\
\x1ds\xf5\x07,?\xdd\xafo\x80#\xb1\xfdN.\xfe\
\x7f\xa9v\xc5\xae\x80]\x13\xc0\xd8\x92\x07\x05\xd9\xb9\xe9\
\x8f\x05\x9e\xb7b\xf9d\xefby|\xf7c\xbf8A\
l\xf8;\x04\xdbT83q\xbc\xbfa%\xc5z\xf3\
u\x9a\xdb{\xeb\xf2\xf7:\xb6\xb39]\x00\x9bn\x03\
\xda\x87x7\xa1\xa9\xc7V(\x5cY\x11\xb8\x91\xae\xfa\
\xab^\x86\xa6\xb9}\x07lu\xf4\x8f\xd8\xff\xaf\x7f/\
\xc7j\xc2\xdal?\x86]\xca\x0cR5\x16\xe8w\xe6\
?\xfe2\x8b\xe7l\x8c]mx+\xf1\xbcW\xb1\x15\
\xf9ay\x1c\x7f]lc\xd0+X*\x89\xdf\x8d\x86\
\xbb\x92\xdd\xeb\xf4a,U)\xf9j\xc9\x8f\xb1\xcd\xb4\
g\xd3\xfd\x83\xed\xbf\xd8j\xf3\x07>\xe7\xd69\xd6\xda\
x\xd7\xcd\xed\x8b\x955\x0c\xb3\xb2N6\xab\xa8\x1b\xde\
u\xcf\xfd\x8f\x03W\x03\xbb\xddu\xcf\xfdA\x94^\xab\
d\xefaW=\xa6cW@\xa4K5v2\xf8:\
=S\xce\x5c\xf8\x17\xb6\xd2{(\xde'\x9b\xd9x\x1c\
\xdb\xb7\xe3\xcai\xf8\xab\x8ar5\xb6\xd1\xf6j7\xd3\
\xe9f*V\x9a\xf5~\xecJ\xeeaXE\x22\x09\x99\
\x82\xec\xec\xd4\x01\xe7\x00\xefc\x97\xb7\xf7\xc1^\xc0#\
\xb1\x17\xf7\xaeX+\xd9\xf7qW\xd0\x7f\x10vI\xe9\
Z,\xb0X\x05\xab\x99\xb9\x0d\xb6:\xfc\x1f2\x07S\
\xe9>\xa4\xb3\xf9\xf0\xfe\x80\xf4\xf9a^o\xa8\x87\xd3\
U\xc7\xf7\x0b\x8f\xfb\x0f\xc1\xcdkm?l\x15\xf3@\
2\xefx_!\xe5\xdf\x0d\xd8\x1b\xdb\xc3\xe4\x9f\x0ap\
\x1c\x96\xb3\x1b\x84\x95\xb1\xba\xbd\x17\xd2U\xc7|2\xf6\
\xdaJ\xe7<l\xc5u/\xac\x22\xc5\xb0\xc4\xe3O\x06\
f`\x9bQ\xb31\x80\xae\xee\x82\xc9\xab\xe7Gc\xaf\
\xfb|\xdd\x8a\xbdN\xef\xa4\xf7<\xe7W\xb1\x95\xab\xf7\
\xb1\xc0\xfc\xcfI\xf7\x9d\x86\xa5\xb5\xbc\x8d\x05\xe3.\xbb\
\x89\xce\xc6^\x0foz\xdc\xd7\x99\x87Z\xac.\xc6N\
\xbe\xb7H\xba\xed\xe8\x90\xe6R\xee:s\x86\x7f\x89\xf7\
\xfb[%\x9b\x8cm\x0c|\x10\xfb\xfdt\xed:\xec\xfd\
\xe3\x02l!'\x1bo\x02G`\xa9\x80\xaes\xbcO\
\xc1\xaa\x7f\xa4n\xd0N\xe7{,f\xd8\x00[\x88\xfb\
\xc6\xf1|V\xc4Z\xac\xbfJ\xcf\xf2\xac\x8f\xd0\xfb\xa2\
\x9a\x04LAv\xefV\xc3\xce\xd6O\x07\x96\xe9\xe5\xb1\
\xb5\xb8\xe9\x10\xd5\x88\x05=\x99\xde\xb4\xd6\xc5V\x1d\xd3\
\x95\xd7K\xd7>=\xdd\x86\xc8l\x0c\xc4\x1a\x0a$\xbb\
\x8d\xae\x1c\xbat\x97\xe6\x06\xe3\xbf\xc1\xc1\xe5X\xb3\x94\
\xde\x9a\xe9@\xcf\x8d\x8f;\xd3}CY\xbe\x8e\xc7.\
\xe3\xbb\xf6-\xde\x01\xed\xc1i\x1e\x7f\x1ev9;\x9d\
\x06l%\xf8\xc4,\x8e\x1d\xc5>\x8cR\xf5\xc5N\x1e\
\xf3\xb1\x0d]y\x81?\xc5\xae\xc0\x9c\xd3\xcbs^\xc2\
\x02\x19\xaf2[\x07bWWz\xabq;\x8a\xdc\xd3\
\x5c\xbe\xc4^\x9b^M'\xf6\xc0_\xfew\x90\xbc6\
\xe7\xed|\xd7=\xf7k\xd3o0bX\x13\xa31\x04\
\xb3\x12Y\xeav\xc6\x16\x85\xae#\xfbn\xc1\xd9Z\x88\
\xbd\xdf\x8d\xc4\xf6o\xdc\x8a\xbd\xa7,\xc6\xd2\x22\xbf\xc1\
>\x0bo\xc4\xae<L\x22\xd8t\x89\xc7\xb0+\x9ck\
`+\xdb\xcf`UH\x16'\xe6\xfa\x0eVv\xf3\x00\
\xec\xf3y_\xac#\xb2k'cWX\x8eIs\xff\
 \x0a[\x82P<(\xc8\xcel]\xba>\xfc\xb3\xf1\
!\xb6z\xe7\xd7\xb5d\xb7\xb1dY\xac\xb4W.\x97\
\xb5{+\xf9\xd5\x82mp9\x1e{\xf38)\xe9\xbe\
\xe1\xf4\xdcP\x99\xfaK\xfc\x0f\xecR|*?y\xcd\
Wa\xbb\xfe\xb3\x95\xfa&\x9fM\xf3\x91\xc5\xc0\xc7X\
\xc0\x9b)\x98\xfbq\x9a\xdbO\xc1\xdeX\x0f\xc16\xee\
\xadD\xcf<\xe9\xbd\xb1U\xb1\xc3\xb1t\x95\x11\xd8\xef\
\xe0\x02\xbc\xaf\x80\xecN\xcf\xef\xf7\x9ad\x0e\xb0\x93]\
\x9c\x98K&\xdf\x93>g1]:NoR\xc7\xab\
\x22\xbb\x8d\xb2\xa9\x9b\x11s\xf57\xec\x12\xff\xdf\xb0\xd7\
\xedf\xd8\x09ko\xe6c+M\xdfz\xdc\x97\xae\xb4\
\xa5_c\xb1y\x9e\x83\xa5\x07M\xa2\xe7\x86\xa5\x81\xd8\
\xe5\xdf\x0b\x12\x8fY\x1dKa\x02\xfb\xd9\xceMy|\
\x0d\xc1n4\x16{\xad\x1c\x89\x05X\x8f\x86;\x95\xa2\
t0\xf6;\x98\xcd\x09~\xae\xe2\xd8\xef\xc3~\xd8\xef\
\xcfP\xec*\xe0J\xd8\xfb\xe2A\x146\x87\xfe\xbf\xd8\
\xfb\xfeF\xd8\x95\xc4\xa1\x89\xafq\xd8\xef\xe1-\xb8_\
\xb9\x06\x0b\xf0\xdf\xc5\xae|\xf6\xb6R\xbd3\xc1\x5ca\
\x90,)\xc8No\x18\xb9w<\xbc-\xcb\xc7\x8d\xc4\
\x82\xf1}<\xee\x1b\x87\xf7\x86\xc3tF`\xab\x07\xd9\
XJ\xe6_\xfa\x13\xb1\xb4\x85'\xb0\xd4\x88\x1f\xd1{\
\xda\xc1~\xf4\x0c&\xaf\xf2x\x5c\xbe\xdd\xc3\xf6\xc5.\
\xfdy\x99\x85\xad\x1a\xa4J\xdd\xf8\xe8\xb5\xdb:\x8e}\
Xn\x85\xbda\x0f\xc1NlV\xc6\xde(\xa7\xd0\xb3\
9\x0f\xa4\xdf8z\x1a\xb6S\xfcZ,\xfd\xe2}z\
V9\xf9)\x16\xb8^\x8d\xa5D\xbcL\xd7\xca\xfc]\
\xf4\xcc=\x5c\x16K\xa3H\x96\xeb*\xda}\xf4\xbe\xf1\
\xf4^\xecM;\xd5\xa6\xa4\xafR\x93\xc9&)\xff\x8e\
a\x1f\x80A\x1a\x86\xfd^5b+\xe9\x17a'\xa0\
\xd9\xa6\x07}\x82\x05\xe5\xa9\x06\x93]\x8d\xe0e\xb1n\
v\xa7ey\xbc\xed\xb1y\x9e\x8e\xa5\xa5\xbcA\xcf\x0d\
\xc5\xa3\xb0\xab\x09\xa7$\x1e\xf3\x0a\xdd\xcb\x89y\xed\x13\
P\x90]\x18\xff\xc5N`\x0f\x00>\x0by.\xc5\xa6\
\x19;\x09|\x09{\x0f\x09\xca\xb7\xd8F\xc9b\xe8\xda\
\xd9\x81\xcd'\xc8\xba\xf5\xab`\xe9w\x8f`\xa9\xa3\xd9\
\xfaS0\xd3\x91lTB\x90\xdd@\xf6%\xdd\x92\xfd\
\x85\xcc\x15\x1b\xbe\xc4V>\x93\xdf`{\x0b\xb27\xc2\
\x82\xebw\xb1\xdcS\xaf\x9a\xbf\xe9Vl\xff\x81u\xe0\
\xf2r \xd9\xd5\xf7]@\xe6 ;\x8a\xa5\x09$\x1b\
I\xd7\xf7\xefc\x8f\xe7\xecA\xd7\xea\xe1MX*C\
jI6H\xbf\x191\x93e\xb1K\x80^~\x8b\xa5\
\x10\xdc\xe5q\xdf\x0a\xd8\x86\xcbN\xa3<\x1e\x13\xc1R\
\x0b\x1e\xc7~\x1e\xf3\xb17\xca\x85\xd8\xa5\xf87\xf0\xce\
y\xf7Z\xa5_\x8d\x9e+\xa6\x9f'\xbe\x92\xa5^\x9d\
\xe8\xa0{\xfa\x8e\xd7\xff5\xb9\x16\xf9Zx\xaf\x08\x7f\
H\xfa\x1c\xc1F\xb2\xab\x06s\xb6\xc7m\xfd\xc8}\xe3\
\xd0J\xd8\x89J\xb2\x97\x08\xbe\xd9\xc4\xd6\x1e\xb7\xb5a\
\xaf\xcdl\xbd\x86w\x13\xa5L'\x08\x93\xb1\x93\xca\x99\
X\x80}\x16\xd9\x9d\x98{\xcd7\xb5jJj\xf7G\
\xe8\xfez\xb9\x85\x9eU\x84~t\xd7=\xf7\xf7\xcf\xe2\
\xf8\xe2\xc6-\xd8\xfb\xcb9x_\x09\xa9dkb\x9f\
[w\x92\xdd\x95,\xf16\x00[\xb5\x9eI~\x95R\
\x06a\xfbZ$\x04\x95\x10dw\xe6-\xfd\x8a\xec\xf3\
i\x8f\x04&\xa6\xb9\xefy,e`8\x16L\x0c\xc3\
V0O\xc46R\xa5\xf3;le\xfc\xe7t}\x08\
\xafC\xf7\x1c\xe3z\xbc/\xd1\x1f\x87\xa5p\xac\x86]\
.\xf3\x92\xba\x82\xe6\xb5q1N\xe6\x8d\x8fw\xd3\xf3\
\x92}-v)\x1bl\xa5\xd5\xab+\xda\xcaX0x\
\x00\x96\xca\x90\xba\x01\x03lE0\xd7j\x0dG\xd0s\
\x83\xe3\x97\xd8\xf7\xe2p,\x88\xf2\xfa\xff,O\xf7\xdc\
\x5c\xaf\x15i\xb0\xe0\xf3yz\x9e\x84\x0d\xc3~\x96\xa9\
\x01\xe6b\xbc[m{\xe5.?\x9c2\xb7\xe1\xf4\x5c\
}x\x8f\xee\xdf\xef\xdf{\x8c\x93\xdc\x81\xd1\xeb\x0a\xc7\
,\xec\xe7\xb3\x1dvU\xc1\xcb\xd1\xf4\x9e6\xf1G\xbc\
K\xda\xe5\xbaQ\xd4\xab\xc2\x8e\xd7*\xb9k^\xf9\xeb\
o\x90\xfbF\xb5\xeb\xb0\xab\x10\xc9\xd6\xc7\xfbD\xfdH\
l\xbf\xc6\x11t\xed\xd7\xa8\xc6~\x16\x99\xf4\xa3\xe7\x0a\
_\x07=_[\x9bx<7\xf9\xa4a\xbe\xc7sj\
\xb1\xaa)R8\x8b\xb0rv\xa3p\x93.Xn~\
\x8a\xbd\xcf^Av{j\xa4\xcbaXp}2\xfe\
\xaa\x1d\xed\x8f\xf7\x89\xbd\x04\xac\xdc\x83\xec*\xac+`\
\x7flg\xf8\x0cl\xd3B\xa6|\xe7z\xd2o\xd2:\
\x0f\x0bz\xfeL\xd7%\xaav,\x88\xeb\xad\xf2\x84\xd7\
\x0ar\x1f\xba\xbf\xf0\xa7\xd2\xf3M\xe8\xdf\xd8\xee\xe1N\
?\xc1;\x98\xff\x09]\xf9\x9a\xe0\xfd\x0b\x19's\xde\
\xeb\xa7x\xaf8&\xe7}e{9<U5\xe97\
c\xa6\xb3^\xca\xbf\xe7a\x01\xf4?\x92n{%\xcd\
s\x87'\xfd\xfd\xcfx\xaf\xae\x83\x9d\xe8\xbcNW:\
\xcbZ\x891\xbdV\xb1\x7f\x8dwWL\xaf\xe06\xb5\
5\xb7Wnt\xeaJwg\x99\xc6dc\xe9\xfaY\
\xae\x9br_\x0c\xdb\xe8\xd3\xd9\xf5\xefV\xbc\xd3I\x9a\
\x12\x8f\xeb\xcd-\x1e\xb7M\xc8\xe2y\xc9\xbc\xd2K\xea\
=ns\xa93_9U\xba\xd7Fo\xbc\x02W\xaf\
\xefC\xbaz\xdd\xbd\xed\x1f\xd8\x93\x9e'\x8fo\xd2\xfd\
=\xa2\x1a\xef\xd7LjJ\xd1#\x1e\x8fI\xb7@ \
\xc1\xfa\x1aK\x01\xdc\x18\xdb\x04(\xdd\x1d\x85-\x0a\xa4\
K\xff\x93.[`u\xb4\xaf\xc1]\x07\xe3\xbb\xc8\x5c\
\x95K\x02P\xeeA\xf6V\xf4,\xe7\xb6%\x997\xb6\
\xed\x86w\xfd\xe4\xe3\xb0\xfc\xc9|\x9dA\xf7n\x8a\x9d\
6O\xfa\xbb\xd7\x07\xf9\xc5\x1e\xb7\x9d\xecq[\x13\xdd\
+xx\xfdb6\x90_\xc0\x93\xfc:\xf9+\xb6\x11\
+W_\x90{\xf9\xb5\xd4\xd4\x95\x05XP<\x04\xfb\
\x19\xf5'\xfd\xff'5E\xe4~\xd2o\xe4\x1b\x82\x95\
C\xbb\x1c\xdb\x05\xee\xb5j\xf9\x1d\xde5RwK<\
?Uj\xb0\xec\xb5\xd2\xea\xb5\xca\xfa\xaf\x94\x7f\x0f\xa0\
+\xa7|x\xca}O\xd0\xb3\xfc\x5c\xba\xb6\xd0\xbdm\
\x80\x04\xef\xab$\xb9\xbe\xc1{\xfdn\x05\xb9\xf1fm\
\xd2\xa7i\xcd\xcesL\xaf\x13)\xaf\x15\xb8'\xb1\x9f\
A\xaaM\xb14\x92t\x8e\xf3\xb8-\xf5\xf5\xb23\xde\
\xaf\xc3\xd4\xea@^\xc1\x5c\xba\x8aCR\x18Oc\xfb\
Y\x0e\xc3\xfb\xb5T\xc9\x06b\xe9U/\xa1\x0dy^\
\x06cW\xd3\x1e\xc7}\x0b\xfb\xfe\xd8B\xa1\x14P\xb9\
\x07\xd9\xd3=n\xbb\x14\xef\x06\x14\x9d\xbc\x82\x91{\xe8\
\xbe\x9a\x9c\x8fEXnZ\xaa\x8d\x93\xfe\xeeU\x22p\
\xbe\xc7mw\xd3s\x15\x14\xba_&\xf6ZQl!\
\xf3*\xfeX\xbcWpSslO\xc5\x82\xdd\xcb\x81\
\x7fb\xab\x13\x9f`\xabl3\x12\x7fOMW\xf1*\
\x91\xd6\x9b\xd4\x86:\xabbA\xf0\x1c\xecg\xf8)\xe9\
K\x14y\xe5\xb3\xde\x8b\xfd|\xbd\xca,\xf6\xc5\x02\xd4\
tg\xfa\xbbz<\xaf\x0e\xefM\x9e\xd0\xfd\xc3uk\
\xbc7~z\x05\xb0^\xab\xfd\x9d\xbf\xa7\xa9)\x1f^\
9\xa0\x1dx\xaffg\x93\xf6\xe1u\x12\x98\xeb{\xc4\
\xbb\xf4\xfc\xd9\x0f\xc5>4\xb2\xad\xd2\x93\x8d:,X\
}\x81\xf4?\xb3\xdd\xf2\x1c\xdb+\xfd']C\x0c\xaf\
\x93`\x80\xeb\xd3\xdc~&\xb6\xcf!U\xea~\x87t\
'\xb2\xa9\xbf\xd7^A\x9c\x9f\xfa\xe6\xe2\xce\xb5\xd8\xc9\
\xfeexw5\xaddkb'\x88\xbf\xc3\xfb*T\
\xa5\xe9\x8b]%~\x8f\xf4\xa5[]\xf8%\x85\xeb\xe6\
+\x94w\x90]E\xf7U\xe2N\xb7\xf6\xf2\xbcI)\
\xff^\x80\xe5^\xba\xe0\xb5\xb1m\x14]y\xac^\xbb\
\xa4\xaf\xa4g\xda\x04x\x97\x16K\x0e\xa0\xd3m\xc2\xf1\
\xda\xd8\x05\xf6\xbdz\x18\xef4\x93\x03=n{\x11+\
\xf3\xb7\x19\xb6\xa1sO\xac;\xdfsx\x07\xb1^+\
~\xbdy,\xcd\xed\xd5X\xc0\xd9H\xfa\xea\x17;\xd1\
=}\xa6\xd3\xa3\xd8IB6My:\x9dJ\xf7\x14\
\x15\xb0\xc0\xf1_\xf4\xbcR\xd2\xa9sC\xdap\xbck\
?C\xcf\xea\x1d\xab\xe2\x1d\x18v\x06\xad\xa9\xa9>;\
b\xb9v\xa9'gW\xd1\xf3\xff7<\xcd\x1c\xc0\xde\
t\x7f\x82w\xf3\x95\x5cKP}\x8b\x95~L\xb5\x05\
v\x02\xf6\x10\x96#\xbe\x16\xe9\xbfw^\xaa\xb1\x13\xc0\
\xed\xb0\xa0\xe5=z\xef\xc2\xb9&\x96\xe7\xeeu\xa5!\
U_\xec\x84\xf7\xef\xf4\xdc\xbb\xd1\x8a\xa5\xf2xy\x1c\
\xef\x93\xf6u\xb1\xcdJ\xc9\x8e\xc06F\xa6;~\xa7\
\xcbH\x7fB\x92z\x02\xe05\x9e\xcb\x86=\xe2\xcf<\
\xac\xe3\xed(l\xb1F\xba\xdb\x17K\xeb\xba\x82\xec\xca\
m\x96\xa3\xbd\xb0\xc5\x89s\xf1\xae\x84\xe5R\x84\xf4{\
\x94$\x00\xe5\x9c\x9f3\x9e\x9e\x15-\xde\xc6ZP\xa7\
\xd3D\xcf\xb3\xbcOp\xd7\xe5\xeb\x05\xac\x9bbr0\
\x5c\x85]Z\xfe\x18\xef\x1c\xcf\xa9X\xe0\xfajb.\
_a\x01\x9c\xd7Jmr}\xe8\xd9\xd8\xc6\xc0\xd4\x0a\
)\x87&\x9e\xdby\xff\x00\xec\x03 S\x89\xbd\xd5\xb1\
\xa0\xfa\x7fX\xf0V\x83\xad\xc2\xd6b\xe5\x9a\x9a\x13\xc7\
\xee\x87\xf7*Z\x8c\xec\xcb\x1b&\xbb\x09[\xf9\xcb\xa7\
:\xccp,\x95\xe29\xecD\xa9/\xf6\x7f]1\xf1\
\xf7\x5c\xf2\xc3\xb7\xc6.m.\xc0\xae,\x0c\xc4R\x91\
R\xd3Y\x92]\x8e}x\x1cK\xfa\xf6\xed\x03\xb1\xdc\
\xed\x9b\xb1\xab\x05G\xd2\xf3\xc4`1]\xab\x95s\xe9\
\x1e|5&\x9e{)\xf6\xfa\xf8\x06\x0br\xfb`?\
\xa7H\xcac\xefO\xcc?\x92\xf8Z\x16\xdby>\x95\
\xf4\xab\x9fO\xa5\xb9=\x93\xd3\xb1K\xe6\xa9\x22\xd8\x89\
Ag\xd7\xd0V\xecu\xf89\xb6\x8a\xfe5\x96nR\
\x8d\x9dP\xf4I\xcc\xb1\x11\xfb]\x1eI\xeey\xfd{\
a'.Oc\x95\x80b\xd8\xef\x5c\x14\xfb?/\x8b\
\xfd\x1cG\x03\xcb\xa5\x19\xe3i\xbc\xaf(uz\x00\xef\
\x13\xf1\x93\xb1\xf4\xb4w\xb0\xc0=S\xa5\x96iX\x95\
\x98\xd5\xc9\x5c\x86\xef|\xec\x83\xf8\x13\xecJ\xddF\x1e\
\x8f\xf9$\xc3\xf3%\x1c\x9f`\x95\x98\xee\xc0.\xd9g\
J'\xaaDGa'\xfa'\xe3\xbd\x01\xbc\x1c\xad\x85\
58\xda\xb8\xb7\x07:\xb6\x0e\xf6\xbd\xbe\xaf\xc0\xc7\xad\
H\x91x<\x97\x05\xbd\xd2q\xd7=\xf7\xefM\xcf\xc0\
\xeeWx\xe73wj\xc6\xd2\x1a\x92k!\xc7\x80\xff\
\xc3V\x94\xbd.\xa7\xe7\xeaJz~ \x1f\x87\xa5\xa3\
\xd4a\x01G\xff<\xc7~\x92\xeem\x96\xffC\xcf\xcd\
ra\xe8\xfc\xff\xe5c2V\x9e\xaeR/q=C\
W u\x19\xde\xf9\xbcAY\x80\x05\x9e\xbduZ\xf4\
r\x06\xdee\x01K\xd1\xa6d>\xd9\xd8\x89\xee\xad\xe0\
\xc3\xb6\xc1\xf4i\xbb\xe5\xdda.r\xf3\x19.\xe7\x22\
\xde\x8e\xc5>\x8f\xf2\xa9C_\xee~On\xbd\x22J\
\xd1!X:QX\xbe'\xe0J/\xf1\x03zk\xf2\
[\x19\xca9]\xc4k\x87\xfd\xbf{y\xceBz\x96\
1\xab\xc26\xbc\xbd\x8b\xe5\xff\x1e\x94\x18;\xd7\x15\xb5\
N/z\xdc\xd6\xb9\xe2\xbe\x94\xf4\x97\x93\xf3\x91\xcf\x06\
E\xd7n\xc3_>\xfb\x1bX\xa0}\x0d\xc1t\xcf*\
v\xc9o\xc4\xe9\xf2\x7f\x83r\x18\xf9\x05\xd8`\x15z\
\x0ayB\xf0\x18\x96o\xef\xfa5\xf2\x08\xbd\xaf\xe6\xbf\
\x82]\x15*\x06\xef\xfb\x09\xb0\xa5`~\x8d]\x95\xba\
!\xec\x89\x14\xa1\x9fci[\xf9~\xc6\x16\xbb\x0b\x09\
7\xc0\x06\xbbzwe\xc8s\xa8\x08\xe5\x1cd\xa7\xd6\
\xeb\x8d\x93]c\x0a\xaf\xcb\xdc\x9d\xe3M\xc764\xfd\
\x0f\xcb\xd1\xbc\x0c\xef\xb4\x8dL\xbc*?$\xa7\x08\x5c\
A\xfa\xcd|\xbdI\xdd\x5c\xf30\xe9\x9b\xb9\x04\xed;\
\xe0\x18z\xef\x18\x99\x8d\xaf\xb1|\xd6aX=\xee\xc3\
\xb07\xaa\x8b\xb1\xd5\xa0c\xb0\x93\x1f\xbf;\xf9\xbd\x9a\
\xed\x84\xe9I\xba\xbf\x16\xe6\x91\xfff\xbe\x5c]@\xfa\
\x5c\xf2l\xfd\x1aKC\x0ar\x95\xf7c,\xc7{k\
,\xdf\xde\xe5\xf7\xe7E\xac&~o>%\xffJ&\
\xae\xe5\xd3\xacB\xc2\xf1!\xb6\xc9m<\xc5u%\xa4\
\x18l\x85m\xaa/7\x17\x91\xf9jz!\x1dI\xe6\
B\x08\xe2@9\x07\xd9\xa9\x9b\xc1\x16\xd3\xb3Z\x85\x97\
lW]W\xc5V\xea\xde\xa2\xf7\xba\xb8\xc9\xbc\x1a\xe2\
\xa4\xb6b\xfd\x19\x168\xe6\x1a\xf4y=\xfe lC\
E.yA\x7f\xc06\xeb\xe4\xb3#\xfe\x7f\xd8*\xe6\
\x18\xec\x84\xc1\xa5\x85\xd8\x0a\xc7\xb5X\x0a\xcfI\xd8\x1b\
\xd6\x15\xd8\xc9\xc4\xfad\xce\xb9O7\xe6\xbd\xd8\xc6\xcf\
\xd1\xd8\xf7\xfd\xc3\x1c\xc7x\x1c\xcb\xab\xf3\xbaJ\x91\xec\
\x8e\xc4\xe3\xe6f1\xe6Cx75y\x00\xd8\x00\x0b\
\xc0\x83\xf0%\x96\xb7\x7f\xaa\xa3\xf1\xde\xc0\x02\xd5\xf5\xb1\
\x9fS\xba\x0d\x84\xb9X\x84\xad\x5c\xef\x87\xfd\xcc\x92W\
d\x9e\xc2R\xa4\xf2\xad\x91\xdd\xe9\x06\xec\xfb\x9c\xed&\
B\xaf\xe6O\xe9D\xb1\x14\x93\xde\xda\xb5\xb7c\x1b\x8b\
\xcf\xcab\xcc\x05\xc0O\xa6O\xdb\xed\xa5\x1c\xe6!\xc5\
a\x06\xf6;\xb2\x17\xc5s\xb2V\x0c6\xc6\xed\x95\xdd\
\xb0m\x84}f\x15\x93\xd4\xcd\xd9\xe2X9\xe7d?\
G\xf7\xaa\x1c\x9fb\xab\xd1\xd9\xfc\x87\x8f }i\xb6\
t\xf6\xc4\xbbD_\xaaW\xe8Y\xb2\xe8\x17xW\x0b\
\xa9\xc7\xce\xe87\xc76}\xad\x82\xadz\xcf\xc76+\
6\xa4<\xfe0\xd2_\x86\x1a\x8d]\x86[71N\
#\xb6\x81q\x09\x16\xb4\xbc\x8b\x05D\x7f\xa6+@Y\
\x19\x0bd\xd6\xc5V[\x9a\xb1\x5c\xae\xaa\xc4\x9f\xdf\xd0\
UJ\xefUl\x83\x97W\xdb\xf1B\xaa\xc6\x1aBl\
\x87\xd5\x1d\xef\x8fm\x14[\x84\x05\x22\xdfbA\xf4\x1c\
lS\xe4\xf3\xd8\x86\xb8d5X\x1e\xee\xc6\xd8\xf7y\
\x04v\xd2\xd6H\xd7f\xc7y\xd8\x09\xc5#t]-\
h\xc0V\xd6\xf7\xa4\xeb$\xaf\x1d\xdb\x80y']\x0d\
\x8b\x06b'\x22\xbba\x1b\x0f;\xcd\xc7\xae\xa4\xdc\x89\
\x95i\xec\xcd\xd4\xc4\xffs*\xf6\xfaX\x16K[X\
\x06\xef\xcd\xa2\x8bR\xfe=?\xf1\xf8\xaf\xb1\xab<\xff\
\xc46\xc3\x04\xdd\x1ezu,\xe5jM\xac\xc2\xc80\
l\x1fD\x7f\xba\xbf\xa6\xdb\x12s\xf9\x1a\xdb0\xfc!\
\xb6\xcf\xe0\x152\x97\xe1\xec\xb4;v\xe5c\x22V\x7f\
\xb6/=7\x02w\xfa\x06\xfb\x1dx\x01;\xc9\x9c\x91\
\xc3\xffge\xac\x8cer~\xed\xf7\xd8\x95\xa4\xd1\xd8\
\xefN[b\xfcg\xb0\x00~V\xe2q\x9d\x9b\xbd\x92\
7E~\x8d\xbd\xae.\xc4~\xa7\xc0\xaa\xc8\x1c\x8a\xfd\
\xac;7\xac/M\xdc\xff\x08p\xcd\xf4i\xbbes\
\xf2\xd6+\xe5d\x87\xaa\x16;\xc1=\x83\xf2M\x97\xc8\
\xd5\x10\xb2[\x98(vs\xe8Y\x0e\xb7\x18\x8c&\xbb\
\xab\xfc9QN\xb6)\xe7 \xfbm`\x5c\xd2M\x9f\
\xe0\xdd\xf29\x9d\xdd\xb1\x0a\x11\xa9\x15J\xd2\x99\x87\xbd\
\x19d\xea\xa8\x98n\x83\xd48\xba>L\xb31\x08\xfb\
\xa5H\xadn1\x9e\xec\x82\x83\x08\x16lTc\x1f\xfe\
\xd9\xac\xd6\xd5`\x1b3\x97$\x9e\x9f\xe9\xffYL\xea\
\xb0\xc0m)\xfe7\xae\xf6\xa1\xab\xcc\xd4w\xa4?a\
k\xc1~\xa6\xb5Xp\x98\x1a\xc4w\xaa\xc7\xde\xe0\x06\
`\x1f\x22\x9f\xe3\xa6y\xc5\xabX0\x96\xec7\xf4\xdc\
\x88\xb8\x08\xfb9\xe6\xb2\x0a\x1b\xa4F\xba\x07\xc1\x1d\xd8\
\x1c]\xbcIUc\xaf\x83t\x15\x95\x16\x92\x7f\xe9\xbb\
\x8b\x81\x13Sn{\x18\xfb}\x07;y\xe8\xc0\xbb\xb4\
e\xa7U\xb0\x0f\xe0/\xb0\xd5L\xafr\x9e`\xefG\
#\xb0\xd7\xf2G\xd3\xa7\xed\xe6\xaa\xf2\xd1\x0f\x14d\x17\
\x85\xb1X\x95\x9e\xde\xaevT\x82\x9b\xf1.#[J\
\xd6\xa7x\xbb\x80>\x8fw\x99`_\x14d\x9br.\
\xe1\x97\x9a\xea0(\xf1\x95\xed\x87\xd2\xbd\xd8\x0a\xd1t\
l\xc5q#l%7\x9d\xc1\xd8\x87\xdf\xac4\xf77\
\xe3]\xa3\xfb\x0dr\x0b\xb0\xc16\x13\xa6\x06\xd8o\x90\
\xfd\xea[\x9c\xdc7\xb4uP\x9a\xf5w\x97\x92\xff\xe6\
\xbdTmd\xb7\xc1m\x01\xbd\xa7\x8e\x80\xbdF\xdf\xf0\
5\xa3\x9e~I\xcf\x00\x1b\xec\x0a\xc7|\xc7\xc7rm\
1\xe9\x83K\xbf\xa2d\x0er\xf35\x0c\xab\x17\x9f\xea\
oI\x7f\x9f\x9f\xc58\x1f$\xbez\xf3\x09*\xd1W\
\x09\xde\xc1\xae\x88]\x89]\xd1\xd84\xdc\xe9\x84jo\
\xec\xear)7\xf4\xd9'\xec\x09d\xb0.\xb6 \xf0\
P\xd8\x13)G\xe5\x9c\x93\x9d\xda\xa1\xad\x0f\x96\xdf\x98\
\x8b\xc5\xc0-\xc0\xf6X\x0e\xf6\xae\xd8\xaa\xd5}xo\
`\xccT\x12\xe7I\xba\x97\x06\xec\x94KZJ-\x96\
\x93\xbc\x8d\xc7}\xe7\xe70\x8e\x94\xa7\xd3\xb0t\x95T\
\xff\xc2M.\xb4\xf4\xf4Wz\xbe\x8fF\xf1n\xec#\
\x92\xab\x17\xb0\xcf\xad\xd3\xc2\x9eH\x88j\xe9~U\xba\
\x14y\xd5\xb3/&\xd7\x84=\x81rU\xceA\xf6\xff\
<n;\xcb\xc7x\xf3\x80?a\x1b\x17v\xc7;\xc8\
N\x97\xcb\xfa\x17\xba\xb7<\xef4\x17k+\x9b\x8d\x8d\
\x80\xd7\xb0\x1c\xedT\xb3P7\xb1J6\x0c{m\x9e\
\x9b\xe6\xfe\x5c6\xe6Jv\x1a\xb1\xfcy\xaf\xeaB\xbf\
\xc6r\xb2E\x5c9\x1fkbS\xa9F\x86=\x01\x1f\
\xfac\x8bt\xc5l(\xb6gK\x1c+\xe7 \xfba\
\x8f\xdb\xc6`\xc1H\xba\xeev\xd9\xd8\x1e\xdb\xc8\x96Z\
%\xe4sz\xee\x0c\xef\x8fU;\xd8>\xcdX\x07\xd0\
{n\xf3j\xd8\xa6\xc8\x7f\x91\xbe\x5c\xa0\xf2\xf6*\xd3\
\x8aXI\xa8\xb7H_j\xeez,G[\xdc\x19\x89\
\xad0n\xe8q\xdf\xf7\x94WE\x04)\x1e\xa7\x93\xdd\
\x86\xdfrT\xca\xa5\xe6\x86Q\x1a\xa9\xb9\x97\x87=\x81\
rT\x0a?\xf8|=\x83\x05\xbd\xc3Sn\xff1\x16\
\x94\xfc\x06\xcbA\xfa\xa8\x97q\xfac\xcdP6\xc5\xf2\
\x96R+\x83t\xba\x91\xee\x1b\xc86\xc0j\x1c\xa7\xdb\
ly;V\xd7\xd7\xcb l\xc5\xfagX\x83\x8dL\
\x8e\x01T\xb6\xabrT\x03\x9b`m\xb8\xf7\xa4g\x1b\
\xf6d\xafa\x9d\xc5\xc4\x9d\x9fa'\xbd\xa9\x95}:\
\xedI\xcf*.\x22\xaeTj\xc5\x91r^\x10,\x16\
\x03\xb1\xcf\x15]\x15w\xa8\x9c\x83l\xb0M`^/\
\x98\x91X.\xf4%X\xc0=\x13\xab\x0f\xdcY5\xa3\
\x01X\x1e\xdb\xed\xbf\x12\xf6\xe2\xcb\xe4c\xe0\xcc\xa4\x7f\
\x9f\x8d\x95`J\xe7\x7f\xf4\xdc\x08\xb1)\x96\x12\xb2\x01\
\xb0\x0e=76z9\x0b\xf7\xb5\xa8\xa5\xf8,\x8fm\
\xc0]\x13[=\xcd\xa6\x0c\xd4;\xe4\xbe\x07A\xd2[\
\x11\xcbw\xdf+\xc3c.\xc6R\xc3D\x82p\x1e\xf6\
:\xacD\xb9\xf6.(&\xb3\xb1R\xae\xb5\xbd<\xae\
\x18\x5c\x88\x82l\xa7\xca=\xc8\xbe\x17\xdb\x98\xe4\xd5\xd4\
\x03\xac\x84\xda\x1at\xafQ\x9b\xab6\xac\xdb\x5c\x1c[\
%?\x0f\xab\xcf\x9c\xce\x5c\xbcw\x8a\x1f\x0c\xec\x91\xc3\
q\x7f\x89\x9d$H\xf9\x1bAn\xad\xe9\x1f\xc7^\x8b\
AU\xea\xa8$\x0dXe\x83S\xc9\xbc\xb1\xf9n\x8a\
\xaf\xd1\x84\x94\x8f\x93q\xd7 \xaa\x14\xbd\x1f\xf6\x04|\
\xf8\x0e\x9b\xbfW#\xbab\xb3\x0a\xb03\xea@\xeaL\
%\x5c\x82\xf91\xd9\x95S\xcb\xc7\x1c,}d\x06V\
\xcb\xf3Od\x0e\xb0g\x00k\xe1\xddy\xf2\xbe,\x8f\
\xf9\x11V]D\x01v\xe5x\x19\xcb\xf9\xcf\xc6\xf9X\
\xaa\x91\x02l\xff\x1a\xb1+]\x17\x939\xc0\xfe=v\
\xa5A\xc4\xb5-\xb0\x85\xa2J\xee\xcc\xb7\x14x;\xec\
I\xf8\xf4\xf7\xb0'\x90\x03\xe5f;T\x09Av;\
Vh=\x9bn\x8c\xb9\xf8=V\x8f\xb8\xb3\x8d\xb7\xd7\
F\xcbd\x7f\xc3\x02\xect\x9d\xab\x9e%s\xd3\x8d8\
\xb6\x9a9\x81\xd2\xfa\x85\x15\xff\xda\x81\x7f\xf7\xf2\x98\xc7\
\xb0\x86\x07\x95\x5c\xea\xcb\xb5\xa5\xd8\xd5\xb0L.\xc2\xea\
\xf8\x8a\xb84\x02\xb8\x1f\xbb*\xd5\xdb\xbe\x9crw/\
y/\x1a\xc4\xb3\xfc\x0a\xdc\xed\x858\x88#\xab`\x15\
\xd4\xc4\x81J\x08\xb2\xc16$\xee\x89\xb50\xf6Si\
a1V\xffv}\xec\x83u~\xd2}\x0fb)\x1c\
^\xce\xc0RV2m\x88\xfa\x0c\xabZ\xe2u\xfb\xa5\
Xg\xc0\xe3\x08\xa6\xa1\x86\x14?\xafnaQ\xe0\x01\
,\xfdhk\xac\xe5\xb8\xb8\x13\xc5R@\x9e\xf0\xb8o\
\x1e\xf6~rJAg$\x95\xe0$\xec\xaa\xe7\xaea\
O\xa4H\xe4V\xba0\xde\x01\xb16\xfb\x8aG3\x7f\
\xc5b\xf6g\xf0\x81\xf6\x7f\xc9\xae\xd9T\xb1P\xdf\x0d\
G\xca=';\xd5\xfd\x89\xaf\xcd\xb1\xa0dc\xac>\
\xa4\xd7f\x92V\xac;\xe4<\xac\x5c\xd7+\xd8jt\
j\x93\x9bd\x97`\xa9\x1c\x9d\x1b\xce\x9e\xc2>\x84\x9f\
\xcfr~\xcf\x02\x93\xb0`\xfb\x19\xac\x81\xcd\xa3\xa8Z\
\x81\xd8k\x10,]\xe8e\xec\xb5\xf1\x08\x96\xb2$\xc1\
\xda\x15\xfb>w6\x93\xba\x15\xeb\xf2\xf8MX\x13\x92\
\xb2\xb4\x1b\x16P\x96B\xeen\xa1\x5c\x07\xbc\xdb\xeb\xa3\
\xe2\x1d\x10\xeb\x80H5\xcb\xd743\xa5\xba\x99\x95\xaa\
\x1bX\xb1\xaa\x8e8\x10K\x13D\xf7\xa1\x8a\x18q\xae\
^\xf21_\xc7\x96@\xa4\xda\xed\xec\xbb\xdb\x93\xd2Y\
\x08\x19\x85\xc51\xff\x08{\x22\xa5\xae\xd2\x82\xecNO\
&\xbe\xc066\xad\x8c\x95B\x8ba\x15FbXc\
\x99\xb9\xe4\xdeJ\xfc\xe7\xd8j\xf7]X\x8d\xe2\x5c\x9c\
\x85U\x0b\xc9\xb5\xcd\xba\x94\xbf\x17\xb1\x13\xb0w(\xcd\
\xf6\xf6\xa5l\x01\xb0?p(\xb6\xc2\xf3t\xb8\xd3\x91\
2\xb36v\xd26-\xec\x89\x14\x99\x17\xb0\xdf\xb9\xf4\
bQ\x88\xb73\xb0\xa6\x99\x0d\xea\x060\xa5\xba\x85\xa9\
\xb5\xfd\x18\x1c\xa9\xa3*\x02m\xf1X\xc6\xa77D\xaa\
\x89\xc6\xe3\xfc\xaeu._\xc7cA\x07\xd9\xcfcW\
)\xbc\xba\xf2\x16\xa3\xb3P\x90\xed[\xa5\x06\xd9\xc9\x96\
\x90\xcd\x99r\xf6\xd2U\x0f\xc9\xc6<2\xaf\x94K\xe5\
\x8a\xe2\x9dN$\x85\xf1`\xe2K\xc4\x95\x15\xb0\x95\xeb\
\xfd\xc3\x9eH\x11z\x09\xdbK\xe5!\x02\xf1v\x88u\
0\xb0\xa6\x99iu\xc3\xd8\xaa\xcfr\xacPU\xcf\xd2\
x\x8c\xaf\xe3m|\x14[B\x9c\xde\x8b\x8a\xd7G\xaa\
\x88\xc6\xe3t\x10\xa7@\xd9\xb3\x17cqW)\xa4c\
l\x08\x0c\xa1r\x1b 9\xa1 [DD\xa4\xb0\x0e\
\xc1\xd2\x0b\x9b\xc3\x9eH\x11z\x04\xab\x0a\xe6\x91\xe3\x11\
\x87X\x1b\xf5U}\xd8\xbbq\x18\xdb\xd6\x0dbHU\
=\xf3bm\xcc\x8a.&BW`]\xc4]{.\
\xc0*\x8c]\x17\xf6D\xb2p\x02pl\xd8\x93(e\
\x95\xb2\xf1QDD$l[`i\x10\xd7\xa2\x00;\
\xd5\x97\xd8\xc9\xc7\x0e\xf4H\x89\x8b@\xac\x1d\xa2KY\
\xaf\xcfr\xfc\xaee\x0a\x077\x0c\xa3\x96*fF\x17\
\xb10\xdeA\x15E\x1dX\xa7\xba\x1e[\xa9\x7f\xa1\xb7\
\x07\x86\xec`\xac\xcb\xb0\xe4IA\xb6\x88\x88H\xb0&\
`e_\x1f\xc7r\xb0\xa5K\x07p\x19\xb0*\x9e\xfb\
\x98\xe2\x10me\x99\xea:Nh\x1e\xcb\xaf\x9a\xc62\
\xa8\xaa\x0f3\xa2\x0b\xf9>\xdeAu)\x85\xd6\xdd=\
\x0f\xac\x0b\xfc\x02\xeb:]\x8c\x1a\x80\x83\xc2\x9eD)\
S\x90-\x22\x22\x12\x8c~Xs\x8f7\x81\xbdB\x9e\
K1\xba\x13+O{\x02\xf0}\xf7\xbb\x22\x10\x8fA\
t)\x1b\xd4\x0d\xe2\xb6\x96\xd5\x98^\xb7\x02_\xc4\x96\
\xf2Yl)\xd5DJ7\xbc\xee\xee&\xac\xa2\xcc\xe9\
Xm\xfebS\xc9\x9dF}S\x90-\x22\x22\xe2\xde\
\xbe\xc0{(\xa7\xd5\xcb\x9bX)\xdd=\x81\x0f{\xde\
\x1dI\xd4\xb9\xee\xe0g\x8d#\xb8\xb4y<\xf5\x91*\
\xde\x89.\xa2\x9dx)\xaf^\xa7\x13\xc76\xc1\x8e\x02\
n\x0by.\xa9\x86\xd0U\x96Xr\xa4 [DD\
\xc4\x9d\xb5\xb1\x06F\xbf\x03\x96\x0by.\xc5f!\xd6\
\xb4m\x12\x99\xca\xc3E[\xa9\xae\xaa\xe6\xcc\xe6q\x9c\
\xd00\x82y\xb1V\xe6%V\xaf\xcb\xdc\xc7\xd8\xc9\xd9\
\xf6\xc0\xeb\xe1N\xa5\x1b\x9d(\xe6IA\xb6\x88\x88\x88\
\x7f#\x80\x1b\xb0\xcdl\x9b\x87<\x97bt\x05\xb6R\
{\x89\xf7\xdd\x11\xeb\xbe\x18meB\x9f\x01\xdc\xd4w\
*\xdb\xf7\x19\xc4\xcc\xe8\x22\x16\xc5c\x95\x10`'\xfb\
+0\x158\x82\xe2\xc8\xd7\xde\x01\xef\xa6}\xd2\x0b\x05\
\xd9\x22\x22\x22\xf9\xab\xc5\x1aw\xcc\xc46\xb1Iw\x0f\
\x02\x13\x81c\x80\xcf{\xde\x1d\xc167.\x01`\xef\
\xc6\x11\x5c\xd9<\x91U\x22\xf5\xcc\x8c.\x22FE\x07\
*\xd7\x00c\xb0\xb2\x7f\x81\xf7~\xef\xc5\x81!\x1f\xbf\
$U\xf0kWDD\xc4\x97\x9fb\xc1\xf5\x99\xa8\xef\
D\xaa\x19\xc0N\xc0.\xc0[i\x1f\x15k\x83X;\
\x1b\xd6\x0d\xe6\xa6\xbeS9\xaaa8\x0b\xe2\xed|\x1c\
k-\xa7\xcd\x8d~\x9d\x8a\x05\xdb\xf7\x848\x87\x1dB\
<v\xc9R\x90\xdd\xbb\x1a`7\xe0\xf0\xb0'\x22\x22\
YY\x11\xfb`\x9f\x14\xf6D\xa4l\x8d\x07\x1e\xc0\xaa\
c\x0c\x0fw*E'\x0a\x9c\x83}\x8f\x1eN\xfb\xa8\
x\x07D[Y\xbe\xba\x81\xd3\x9b\xc7rq\xf3xF\
V\xd5\xf3nt1\x8b\xb3K\x0f\xa9\x06Z\x80:W\
\x13\xf7\xa9%\xf1\x15\x94\xf7\x80=\x80\x1d\x13\x7f/\xb4\
\xb5\x80\x95C8nI\xd3\x99\xb7\xb7\xe5\x81M\x80\xad\
\x81-\xb1\xdd\xb5\x007\x03\xad!\xcdID\xba\xab\xc3\
\xf2`\xc7a\xf9\x8bc\x12\x7f\xae\x044\x02\xff\x07\xfc\
/\xa4\xb9IyZ\x19\xdb\x04vL\xc8\xf3(V\xd7\
c\xad\xc3?\xf0\xbe;\x91w\x1dkc\xd9\x9a&v\
\xa9\x1f\xc6\x0eu\x83Y\xbe\xaa\x8e\x8f\xa2Kh'\x9e\
i\xe5\xaf\x01\xd8\x16\xab-\xbd\x01vr\xd3\x82}&\
\xcf\xc6Z\xb1\xff\x8b\xc2\xad\xf6n\x08l\x0a\xac\x83\x95\
!\x1c\x9c\xb8\xfd3\xacz\xcaSX]\xf4w\x1c\x1f\
\xf7/\x89\xaf\x13\xb0\x9c\xeda\x8e\xc7\xcf\xe4`T\xd2\
/'\x0a\xb2\xbb\x8c\xc2\x02\xea\xad\xb1r5^\xdd\xb8\
F\x03o\x14rR\x22\x02\xd8\xef\xe38lul\x12\
0\x19\xfb\x9d\x1d\x9e\xe19a\xe70Jy9\x0e8\
\x1f\xa8\x0f{\x22E\xe8\x1f\xc0\x89\xc0\x7f3>*\xb6\
\x14\x22\x11viX\x89}\xea\x872\xb4\xaa\x81\xb9\xb1\
VfE\x17QM$]\x80]\x0f\x9c\x82\x05x\x83\
=\xeeo\xc1\xaa\xb8\xac\x05\x1c\x06\x9c\x8b\xa5\xef\xdc\x95\
\xe7\xff\xa57\x1b`\xe5\xf66Is\x7f\x0b\x16+\xec\
\x9a\xf8\xf7=\xc0\x85\xc0k\x8e\xe7q)\xb6\x99\xf4|\
\xec{_\x08\x07\xa2 ;'\x95\x1ed\xaf\x8b\x9d\x19\
o\x8d\x9d\x8d\xf6f\x0c\x0a\xb2E\x0aa\x22\xb0\x15\xd6\
)o\x02\x16`\xf7\xcdq\x0c]\xda\x14\x17v\xc2\x02\
\x99\x89aO\xa4\x08}\x805Q\xb93\xfdC\x22\x10\
o\x83x\x9c5j\x97a\x9f\x86\xa1\xac[3\x80\xaf\
cm\xbc\x13]H5\x91L\xa9!\xbf\x00\xce\x00\x86\
\xe60\xa7\xd1\xc0\x1f\x81\x9d\xb1\x06@\xd1\x1c\x9e\xdb\x9b\
\xd3\xb1T\x98\x5cLK|]\x88\x9d\x00,q8\x9f\
v\xac$\xe2\x9dX\xe0\xbf\xbd\xc3\xb1\xbd\x0c\xc2V\xf0\
\x9f\x09\xf88e\xa3\xd2\x82\xec~\xd8\xd9g\xe7\x8a\xf5\
\xaa9>\x7f\x84\xeb\x09\x89\x88\xa7C\xf0\xbf\x0f\xa2\x90\
\x97Q\xa5\xfc\xac\x0c\x5c\x84mn\x94\x9e.\x03N\x22\
m\x10\x1b\xb1\xbc\xebX;\xfdk\x1a9\xb8~\x18;\
\xf4\x19\x0c\xc4\x99\x15]\x0c\x90)\xb8^\x0f[\xa9]\
\xdf\xc7\xfc\xa6c\x9d\x14W\xf31F\xb2S\xc9=\xc0\
Nv\x0a\xf0s,P\xbf\xd5\xc5\x84\x92\xbc\x86mL\
\xdc\x05[\xdd^\xc9\xf1\xf8\xc9~\x8e\x82\xec\xacU\xd2\
\xc6\xc7\xc3\x80\xf7\xb1rB\x87\x93{\x80\x0d\xb0\x8a\xcb\
\x09\x89HZ\x99/;gG+\xd9\x92\x8f\xe5\xb1\x15\
\xc7\x99(\xc0\xf6r\x070\x05\xcb\x09\xf6\x08\xb0\xbbJ\
\xf25Dj\xf8i\xc30\xaeo\x9e\xccnu\xcb3\
/\xd6\xcaG\xb1%D\x12\x8f\xf2\xb0*p\x15\xf0\x1c\
\xfe\x02\xecNS\xc9\xb4\xf92{?\xc3V\x8a\xfd\x1a\
\x8a5)z\x02\xcb\xe7v\xedO\xd8J\xfeY\xc0\x97\
\x01\x8c\x0f\xb0;\x95\x15;\xfaRI\xdf\xa8\x95\x80e\
}\x8e\xa1\x95l\x91\xc2p\xd1\x80aE\xec\xea\x95H\
\xb6\x0e\xc6*7\x9cF\xf1T\xad(\x16/b)\x96\
?'S\xdadl)\xc4\xda\xd9\xa6~\x08\xb7\xb6L\
\xe1\xb8\xc6Uh\x89T33\xd1\x12\xbd\xca;\xbc\xae\
\xc2Rr\xde\xc36\xf3\xb9\xb4\x03p|\xba;\xe3\xf4\
\xbaycy\xe0\x0fNgd\xcd\x8a\xfe\x81\xe5k\x8f\
v<v+p6v\xc2\xf2\x1b\xc7c\x03\xf4'\xf8\
\xb4\x94\xb2QIA\xb6\x8b\xcb\x1b\xeax$R\x18\xb3\
\xf0\xbfqq\x19\xbc7J\x89\xa4\xda\x14[=\xbd\x0e\
\xefM\xef\x95l\x1e\x96\xbe\xb5\x0e\xd6\xcd\xd2C\xe4\x87\
\x92|cj\xfbqQ\xf3D\xcel\x1a\xcd2U\xb5\
\xcc\x8c.f~\xbc#Sj\xc8N\xc0\xdbX5\xa0\
\xa0\x5cB\x9a\x9fk\x86U\xf5\xe4\xe7\x06ew\xe0]\
\x82\xd9L\xf8=V\x09'\x88\x1c\xeai\x8e\xc7+[\
\x95\x14d\xcfr0\xc6\x10\xb42&R\x08\x9f\x03s\
\x1c\x8c3\xd0\xc1\x18R\xbe\x96\x01n\xc3V\x15\xd7\x0b\
y.\xc5\xe8*\xac\x8a\xcf\xf5\xdeww\xb6B_B\
c\xa4\x96\xa3\x9aFsu\xf3D6\xae]\x869\xd1\
\xc5|\x11[J\x15i\x83\xd8\x09X\xfa\xe6\x9f\xb1\xa2\
\x02A\x8a\xe0\xd1\xb10\x0a4Fjh\x89T\x031\
\xaf\xe7\x0d\xc06O\x06\xed<\xac\xec\xdf\x8f\x03\x18\xfb\
\xdf\xc0F\xc0\xbeXyA\x17v\xc4\xea\x94K/*\
)\xc8\xfe\x14\xf8\xce\xe7\x18\x03\xd0\xca\x98T\x96\x1f\x01\
\xbf\x0f\xe9\xd8\x1f:\x18cH\xef\x0f\x91\x0a\xd4\x8cm\
\xda\x9b\x05\xec\x1d\xf2\x5c\x8a\xd1\x83X\xa9\xba\xa3\x80\x05\
=\xef\xee\xca\xbb\x8e\x10a\xe7\x86\xa1\x5c\xdbw\x12\xfb\
\xd4\x0fea\xbc\x83\xf7c\x8b\x89C\xba\xd4\x90\xe5\xb0\
\x9c\xf77\xb1\x0a \x85\xf2\xb3\xd4\x1b\x22@\x071\xda\
\xd3_4\xdb#\xd0\x19u7\x01\xcb\xa9~\x08X;\
\x80\xf1o\xc3Nf.\x01\x16\xfb\x1c\xab\x1f\xb0\xb1\xef\
\x19U\x80J\x0a\xb2\x17\xe1fel\x05\x07c\x88\x94\
\x82\x15\xb1\x0f\xdb\xbd\xb0\x9d\xfa\x85\xe6\xea\xea\x93H\xb2\
\xfd\xb0\xd7\xd6E\xd8\xc2\x89ty\x0d\xeb\x13\xb1\x0b\x96\
>\xe3-\x91w\xbdY\xfd\xf2\xdc\xdcw\x0a\xa75\x8e\
fy\xfa0#\xba\x90\xd6\xcc\xdd\x1a\x8f\xc5\xbe\xf7\xa7\
9\x9ew6\xd6\xc2\xae\x5c\xfc\xa0\x1ah\x8d\xc7X\x1c\
\x8f\x91&\x1c\xda\xba\x00\xf3J\xb5#\x96\x96s=\x96\
\x0f\xee\xd2\x02\xac\xe4\xdf(\xac\xb9\x9e\x1f\x1b\xfa\x9fN\
\xf9\xab\xa4 \x1b\xec\x12\xb4_Z\xc9\x96J\xb02\xd6\
A\xads\xb3\xf0\x8dX\xc7\xb5Br\xb5\xf9Q\x04`\
M\xe0\xef\xc0-\xe8}<\xd5\x22,\xf8Z\x0d\xf8\xa7\
\xf7C:SCZY\xa9\xa6\x99\xd3\x9b\xc7qA\xd3\
8\x86W\xd533\xba\x88\xaf\xe3\xed\x99\x82\xeb\x1fa\
\x15\x83.'\xf7z\xf7.uKK\xb1\xd5\xf6\x8c\x81\
P\x98e@\x0f\xc2NH\xd2n\xda\xf4a.\x96>\
\xb3%\xf0j\x9ec\x84q\x02Rr*-\xc8v\x91\
\x8f\xe4\xb7B\x89H\xb1\xeb\x8b\xe5\xf1%\x07\xa8\xcd\xc0\
5\x05\x9e\x87\x8b\x95l\x05\xd9\xd2\x17{\xed\xbe\x845\
8\x92\xeen\xc4V6\xd3l\xf0\x8b@<\x06\xd1%\
\xf4\x89Tq`\xd3H\xaeo\x99\xcc\xf6\xb5\x83\x98\x13\
]\xccg\xb1\xb6Ly\xd7C\xb0\x15\xd3gpW\xaf\
\xda\x8f\xe5r||K \xb3\xc8^\x13V/\xfc9\
\xd2w\x98\xf4\xe3\x09`u\xe0h\xe0\xdb\x1c\x9f\xbb\x1e\
)W\x06\xa4\xa7J\x0b\xb2]\xacdk\xe3\xa3\x94\xb3\
f\xe0?x73\xd8\x8f`r\x05\xd3\xf9\xc0\xc1\x18\
J\xef\xaa\x5c\xd5X9\xb8w\xb1>\x09\xd2\xddc\xd8\
j\xe4A\xa4]\x80\x8aC\xb4\x15\x88\xb3M\xfd\x10\xae\
o\x99\xc2\xa1\xf5\xc3\xe8\x88\xc7\x98\x15[D\xda$\x0b\
k\x85~*V\x92o\x7f\xf7S\xcf[\x9f\x80\x1f\x1f\
\x94\xf5\xb0+\x0cw`\xb5\xbf]\xbb\x12;\xd1\xcau\
!e\x87\x00\xe6RV*-\xc8\x9e\xe7`\x8c\xb0\xcf\
lE\x82\xd2\x0fx\x1e\x18\x9f\xe11w\x14h.`\
A\xb6\xdf\xcd\xca\xaes\x1a\xa54\xfc\x14K7\xba\x0a\
\xbd\x06R\xcd\xc0\xaaXl\x8d\x05\xda\xdeb\xed\x10k\
g\x9d\xba\xe5\xb8\xa6e\x12\xe74\x8daH\xc4\xf2\xae\
\x17\xc6\xa3\x99RC\xf6\xc1\xbe\xf7\xe7Q\xf8\x14\xb3\xde\
x\x96\x10\xc9\xc0o\x19Q\xd7\xf6\xc4\xd2;\xd2\x96$\
\xf4\xe1k\xec\xa4t\x0cpo\x96\xcf\xd9\xd1\xf1\x1c\xca\
\x8e\x82\xec\xdc\x15\xdb\x9b\x86\x88\x0b\x11\xac\x8c\xd9\x84^\
\x1e7\x0a\xab\xcaP\x08\x0b\x81\x8f}\x8e1\x185\x15\
\xa9$c\x80\x07\x80;Q\x87\xdeTq\xac\xe1\xcbx\
\xacl\x9e\x87\xae\xbc\xebe\xab\xeb9\xb5y,\x977\
\x8dgbu3\xb3\xa2\x8b\xf8*\x91w\x9d&\xbc^\
\x13x\x1ak\x19\x1ed[o\xb1n\x9b\xefaW!\
\x5c\x9b\x89\xd5\xc1\xde\x01\xeb\x92\x9d\xc9f\xf4Zf\xbc\
\xb2UZ\x90\xfd\x95\x831\xc2\xdc\xb4!\x12\x94\xa7\xb0\
\xdc\xbcl\x5cD\xe1\xaav\xf8\xdd\xfc8\x00\xa5\x8cT\
\x82\x06\xecu\xf9\x0eV\x19C\xba\xeb\xec,\x98\xa6\xaa\
GW\xde5D\x98\xde8\x8c\x1b[&\xb3S\x9f\xc1\
\xcc\x8d\xb5\xf2Ili\xa6\xa6-}\x81\xcb\xb0\x9cw\
U\x9c(\x9c\xe5\xb1\x0a$O\x02k\x040\xfe#\xd8\
I\xeb\x19@[\x9a\xc7,\x13\xd0\xb1\xcbF\xa5\x05\xd9\
\xdf;\x18\xa3\xd1\xc1\x18\x22\xc5\xe4i\xacYA.n\
\x0bb\x22\x1e\xfc\xd6\xca\xaeB\xe9\x02\xe5n?,\xef\
\xbaPWXJ\xc9s\xd8\x8a\xe4\x1ed\xdaH\x1c[\
\x0a\xf18[\xd6\xaf\xc8\x0d}'s|\xc3*\xd4S\
\xc5{\xd1Et\x10\xcf\x14(\x1c\x9f\x18\xf78\xb7\xd3\
\x96\x1cl\x06\xbc\x0c\x5c\x0b\x8cs<v\x14\xabi>\
\x1a\xdb \xebE\x9b\x893\xa8\xb4 \xdb\xa3\xa8~\xce\
\xb4\xf1Q\xca\xc9\xdf\xc8o\xf5is`W\xc7s\xf1\
\xe2\xa2!\xcd \x07cH\xf1\xd9\x01\xab\xeb|\x0bJ\
OH5\x07k\xb2\xb3\x01\xb6\x22\xe9!\xd1\x0a=\xd6\
\xc6\xe4\xda\x01\x5c\xd62\x9e\xf3\x9a\xc60\xb2\xaa!\x9b\
V\xe8\xbb`\xb9\xdd\x97\x92{\xc5\x0e\x09\xc6!X{\
\xfa3p\x1f\xdb\xcd\xc1RS\xd6\xa2g\x1e\xbf\x82\xec\
\x0c*-\xc8\xfe\x16h\xf59\x86\xd2E\xa4\x5c<\x00\
l\xe3\xe3\xf9\xb7`U\x04\x82\xf4\x9e\x831T\xc6\xaf\
\xbc\x0c\x05\xee\x02\x1e\x06\xa6\x84<\x97bt\x19\xb6\xf2\
\x98\xa6SkWjH\xdfH\x1f~\xd94\x9a+\x9b\
'\xb0NM\x7f>\x88.f^\xe6\x92|\x93\xb0\xef\
\xfb\x03\xc0\xd8 &/\xbe\x9d\x8d]\xd9\x09\xa2[\xe5\
\xcb\xd8\x86\xd9=\xe8\xda/\xb31P\x13\xc0\xb1\xcaB\
\xa5\x05\xd9\xdfc\x9b\xa9\xfchr1\x11\x91\x90=\x88\
\xff\xdc\xd5~\xc0\xaf\xfdO%#\x17e\xfc\x86:\x18\
C\x8a\xc3\xffa'^\x85lw]*\xfe\x86\xe5\xc7\
\x9e\x80g\x0emW+t\x88\xb1s\xc3Pnj\x99\
\xcc\xeeu+\xf0u\xac\x8d\xd9\xb1%?<\xcaC\x0d\
p&\xf0\x06*\xdbV\x0aV\xc5ND\xff\x86\x9dp\
\xb9v\x0f\x96\xaf\xfd\x9b\xc4\xbf\x8b\xa9LcQ\xa9\xb4\
 {!\xfeW\xb2\xd5\x86WJ\xdd\x1f\x80\x9d\x1d\x8d\
u\x08\xd9o\x98\xcc\xc7\x5c\xfcoXVk\xf5\xd2\xb7\
'\xb6\x09\xf6|\x82\xbfzRj^\x05~\x02l\x87\
uU\xf4\x96h\x85\xbeq\xdd`\xaej\x99\xc4\xa9\x8d\
\xa3\xe8\x17\xa9\xe1\xdd\xe8\x22\xda\x88gJ\x0d9\x18\xfb\
\xde\x9f\xe5x\xde\x12\xbcm\xb0U\xedK\xb0.\xbe.\
-\x01\x8e\x05\xb6\xc0M\x0f\x92\xb2TiA6\xf8_\
\xc9V\xb9\x1a)u\xaf9\x1e/\xcdei'\x16\xe3\
?/[\x1b\x1fK\xd7FX\xf7\xd1;\xb0\xf2\x91\xd2\
\xe5k\xe0H\xec$\xf7~\xef\x87t\xe6]\xb72\xaa\
\xa6/\xe75O\xe0\xa2\xe6qL\xaanaVtq\
o\xad\xd07\x07^\x07\xae\x03F\xb8\x9f\xbe\x14Pg\
\xc9\xbf\x93\x03\x18\xfbI\xe0\xa1\x00\xc6-\x0b\x95\x18d\
/\xf2\xf9\xfc\x06\x942\x22\xa5\xed\x12\xec\x83\xd3\x95\xf1\
\xd8\x8aFP>\xf1\xf9|m|,=\x03\xb1\x0a6\
\xff\xc26\xefIwWc'\x1dW{\xdf\x1d\x81\xb8\
\xa5\x864Fj9\xa2q\x14\xbfm\x99\xc4\xe6\xb5\xcb\
\xf2Qt\x09\x9ff.\xc97\x12\xab3\xfe\x0409\
\x88\xc9K(\xfa\x00\x17bW;\xb6\x0by.\x15\xa3\
\x12\x83l\xbf+\xd9\xf5\xa8\x8c\x9f\x94\xbeC\x81W\x1c\
\x8e\x17d\x95\x01\xbfy\xd9\x83)\x9e\xf6\xc8\xd2\xbb#\
\xb1\xf4\x84\xbd\xc3\x9eH\x11z\x16\xdbhv$\xb6\x91\
?ER\xdeu\xbc\x83\xad\xeaW\xe4\xc6\x96\xc9\xecW\
\xbf\x12\x0b\xe3\x1d\xbc\x1f[\x9c\xa9\x15:\xd8J\xe7L\
\xacc\xa6\x94\xa7\xd5\xb0\x8a3\xf7\x01\xc3B\x9eK\xd9\
\xab\xc4 \xdb\xefJv\x07\xe9\x0b\xb3\x8b\x94\x92\xed\x80\
\xa5\x8e\xc6\xaa\x22\xb8\xda\xd9\xbdu\x1d\xeb\xcdrX\xd3\
\x04)n\xd3\xb0U\xb6+\xd1\xde\x97Tob\xf5\xc0\
\x7f\x84\xd5\xb5\xf7\x96\xc8\xbb^\xafn\x10\x17\xb5L\xe0\
\x9c\xa61,\x17\xa9eFt!K\xe2\xb1L\xa9!\
?\xc765^He\xc6\x05\x95h7\xacy\xd3\x19\
\xc0\xb2!\xcf\xa5lU\xe2/\x93\xdf\xa0\xa2\x1e\xa5\x8b\
Hy\xf8\x02\xdb0\xe5\xca\xb6\xc0\x8e\x0e\xc7\xeb4\xdb\
\xe7\xf3\xfb\xa0\x94\x91b\xb6\x06\xf0(p7\xb6\xca&\
]Z\x81S\xb1\xd2y\xb7z?\xa4\xab\x15\xfa\x90\x9a\
&\xcej\x1e\xc7\xaf\x9b'\xb0A\xcd\x00>\x8c.\xe6\
\xcb\xcc\xad\xd0\xd7\xc7\xca\xb2\xdd\x9e8\x86T\x96z\xac\
\xe4\xdf,\xe0\xe8\x90\xe7R\x96*1\xc8\xf6\xb8\xc4\x96\
\x93FT+[\xca\xc7_p[\x86\xef\x16\xa0\xda\xe1\
x\xe0?'\x1b\xd4Z\xbd\x18\x0d\xc0r\x8a;k\xef\
Jw\xb7by\xd7\x17\xa4\x7f\x88\xa5\x86\xd4F\xaa\xd8\
\xbfq$\xd7\xb7La\x9b>\x83\x98\x13]\xccG1\
+\xa4\x95\xe6C~yl_\xc6\xb3\xa8-\xb6@\x7f\
\xac\x1c\xdf3h\x0f\x84S\x95\x18d\xbb(\x9a\x1es\
0\x86H\xb18\x0e\xab\x22\xe0\xc2@,?\xdb\xa5\xd9\
X\x95\x11?\x14d\x17\x97}\xb0\xd2b\x87\x87=\x91\
\x22\xf4\x06Vzm?2\x9d`\xc6\xda \xd6\xce\x8f\
\xea\x06sK\xcb\x14\x0ek\x18F<\x1ecVtQ\
oy\xd7\xc7c\x95&\x0ev:k)\x07?\xc2\xaa\
\xf9\xdc\x8c\x9ax9Q\x89A\xf67aO@\xa4\x08\
\xb9l0q\x0cn\xab\x12,\xa0\xab\xbbX\xbeT\xc6\
\xaf8\xec\x8c\xe5\x14\xdf\x8a\xdaq\xa7z\x0f\xdb\xd08\
\x05\xf8{\xdaG\xc5\xda!\xd6\xc6j\xb5\x038\xbby\
\x1c\x176\x8dc\xc5\xaa:\xde\x89.dA<\xda[\
+\xf4\xe7\xb0\x93\xe0f\xc7s\x97\xf2\xb2?v\x12|\
<VQM\xf2T\x89A\xb6\xdf\x151\x91r\xf4\x09\
\xb6r\xe6\xca\xed\x0e\xc7\x02\x98\xe3\xf3\xf9Z\xc9\x0e\xd7\
\x18\xe0\xcfX\xa7\xd1\x0d\xc3\x9dJQ\xba\x10\xeb\xcc\x97\
\xa1$\x9f\xe5]\x0f\xa8\xae\xe3\x94\xe61\x5c\xd9<\x89\
-j\x97cn\xac\x95\xcfcm\x99\xf2\xae\xd7\x02\xfe\
\x89\xb5B_/\x90\xd9K9j\xc6N\xc8f\xe2\xf6\
\xb3\xa1\xa2Tb\x90]\xe7`\x0c\xa5\x8bH9\xba\x15\
\xf8\x93\xa3\xb1\xa6`e\x02]\xf1\x9b\x97=\xd8\xc9,\
$W\x8d\xc0EX\x15\x83\x9dB\x9eK1z\x00\x18\
\x87\xb5\x8bO#nUC\x80\xe9\x8d\xc3\xb8\xb9e\x0a\
?\xee\xb3<\xf3b\xad\xcc\x8e-&F<\xdd\x07y\
3V\x13\xffE`\x13\xa7\xb3\x96J2\x14\xdbk\xf3\
$\xf6\xbe.9\xa8\xc4 {\xbe\x831j\x1d\x8c!\
R\x8c\xf6\xc4\xcd\xef\x08\xc0\x15\xb8+\x0d\xe57]D\
\xf9\x85\x857\x0d\xabZpR\xd8\x13)B\x1fb'\
\x1d\x9de\xd4\xbc\xc5\xda \xda\xc6\xba}\x06rc\xdf\
\xa9\x1c\xdf\xb0\x0a\xf5T\xf1^t\x11\xed\xc4\xa9\xca\xdc\
\x0a}\x16\xd6\xe9O\xc4\x85\xcd\xb0n\xc1\xbf\xc66J\
J\x16*1\xc8\xfe\xde\xc1\x18\xaa\xe1*\xe5j\x090\
\xdd\xd1X\xb5\xa4\xbd\xfc\x9d3\xbf\xe9\x22Z\xc9.\x9c\
\x1d\xb1U\xaf\xbbQ\x9aN\xaaO\x81\xa3\xb0\xd4\x90\x87\
\xbd\x1f\x12\x81\x98\xa5\x86L\xac\xed\xcf\x19\xcd\xe3\xb8\xa8\
i,\xa3\xab\x1a\x98\x19]\xcc\xfcxG\xa6\xbc\xeb\x9d\
\xb0\x8dk\xd7\xa1\xd7\xbc\x0b\xf1\xb0'P\x84\x8e\xc1\xf6\
\x0f\xe8\xe49\x0b\x95\x18d\xbb\xa8.\x92\xf6\x1dN$\
@\x9ba\x1d\xd9\x82\xf6w\xdc5\x96\x99\x8e\x9b\xfa\xbb\
~\x83\xec\x01\x94^}\xfb\x1a\xecRm\xa9X\x09K\
\x7fx\x08{\xadJw\x97a%\xf9\xae\xc2\x9a\x9a\xa5\
\x88@<\x06\xd1%\xb4T\xd7rb\xf3X\xael\x9e\
\xc8vu\x83\xf92\xd6\xc6\xc7\xb1V\xaaH\xfb\xe13\
\x09\xcby\xff3*\xc1\xe6J\x84\xca\x8c\x91\xb21\x10\
K\x03\x9b\x81]\x8d\x914*\xf1\x05\xe4\xa2\x86\xaf\xce\
n\xa5\x90\x96\xc7V\x84\x9f\xc46H\x8d(\xc01\x0f\
\x06\xbet4\xd6U\x0e\xc6\xf8\xcc\xe7\xf3\x97\xa1\xb4*\
\x8c\xfc\x04x\x0b+\xe7\xe6ba HU\xc0i\xd8\
\xea\xd6.!\xcf\xa5\x18=\x01\xac\x83\xa5n,I\xfb\
\xa8\xd8R \xc6\x0e\xf5C\xb8\xb1y2{\xd4\xad\xc0\
\xb7\xb16fE\x17\xd1A<\xdd\xeau\x15p&\xf6\
:Q\xce\xbb[U\xb8\xaf\xf9_n\xc6b\xed\xd9\x1f\
\x01V\x0dy.E\xa9\x12\x83\xec\xef\x1c\x8c\xa1 [\
\x0a\xa1\x0a[\xb9\x9eA\xf7z\xc2\xc7\x17\xe0\xd8K\x81\
\x9f:\x1akc\xac\xfe\xaa\x1fs\xf1\xd7H\xaa\x9a\xd2\
h\x1d\xbc\x07\xf0\x12p/\x96R0\x80\xc2\xfc\xbc\xf3\
\xb5\x1bV}\xe0\x5c\xdcl*/'\x9fb\xbfC[\
b\x9b\x0f\xbd\xc5\xda \xd6\xc6\xd4\xda\x01\x5c\xd1<\x91\
3\x9aF3 R\xc3\x8c\xe8\x22\xda\xd2\x07\xd7`W\
\x89f\x02g9\x9e\xb7H\xae\xb6\xc3\xf6\x16\x9c\x8dJ\
\xfeuS\x89A\xf6\x02\x07c(]D\x82\xb6\x17\xb6\
\x92y!=7\x99\x1cHaR\x1f\x9e\x04\xeet4\
\x96\xdf\xd5\xec\xef\x80y>\xc7(\xe6\x95\xec\xfd\x80W\
\x81\xbb\x805S\xee;\x93\xe2Ku\xd9\x14\xeb\x16z\
\x1f02\xe4\xb9\x14\x9b\xef\xb0j!c\xb0\x9f\xa7\x87\
\x08\xc4; \xda\xca*5-\x9c\xd24\x86\xcb\x9a\xc7\
\xb3ZM?\xde\x8f.\xe6\xebx;5\xe9?f6\
\x01\xfe\x01\xfc\x11}\xef\xa5xT\x03g\xe0nOO\
Y(\xf6\xcb\x90Apq\xf9\xa7T6>\xae\x08\x0c\
\xc7\xda\xc0\xc7\x80(\xf0\x11\xb6*\xb8(\xbciI\x06\
\x9b`oT\x9bfxL\x1dp\x00pe\x01\xe6s\
\x10\xb6\x91\xad\xc5\xe78S\x81\xed\xb1\xcb\x8a\xf9\xfa\x0c\
\xbb<\x99\xafb\x0c\xb2\x7f\x0e\xfc\x12\x98\x98\xe11\x0d\
X\xaa\xc1\xd9\x05\x99Qf+be\xe1~\x16\xf6D\
\x8a\xd45\xd8\xca\xf2W\xdewG\x80\x18D[\xa9\xaf\
\xaeg\xdf\xa6\xe1\xecR\xb7\x02\x03\x225|\x14]\xc2\
RbT\xa5\xafw=\x1c\xbbb\xb0W\x00\xf3\x16q\
et\xd8\x13(&\x95\x18d\xbbP\xcc%\xfc6\x01\
v\xc7.\xcfO\xc4\xfbj\xc5\x97\xc0\xcb\xc0\x0b\xc0\xa3\
\x89?%\x5c\xa3\xb0\x15\xcb=\xb3|\xfcq\x14&\xc8\
^\x04\xfc\x82\xb4+r9\xb9\x04\x7fA\xf6\xa7>\x8f\
_,\x95.j\x80\xc3\xb0\xefk\xa6\xe0:\xd9q\xd8\
F\xa3\xa5AM*\x0b\xc7`A\x9e\xba\x05\xf6\xf4\x02\
p\x0a\xd6\xf4%\xbdD\xbd\xeb\xcd\xebW`\xff\xfa\x95\
\x19S\xdd\xc8'\xb1V\xbe\x8c-\xa5\x9aH\xa6\x92|\
'\x03\xe7P\xdc\x9f=\x22\x00C\xc2\x9e@1\xa9\xc4\
t\x91r\xf5S\xace\xee?\xb1\x0f\xf0\xc9\xa4\xff\xf9\
.\x07l\x8b\xad\xb8<\x9f\xf8:\x1c\xdb\x1c&\x85\xd5\
\x02\xfc\x0a\xcbg\xcb6\xc0\x06\x18\x86\xe5z\x16\xc2\xdd\
\xc0S\x0e\xc6\x19\x87\xbfK\x89\xa5\x1ed\xf7\x01\x0e\xc1\
r\xec\xaf \xfb\x00\x1b\xecj\xd4>AL*\x0b;\
\x02\xafc\xf5q\x15`w\xf7\x05\xf63]\x97L\x01\
v\xac\x1db\xad\x8c\xad\xed\xc7\x85\xcd\x139\xafi,\
\x83\xaa\xfa\xf0Nt\x11\x8b\xe3\xb1Ly\xd7\xdb\x01\xff\
\xc5\xd2\xc6\x14`K)(\xa5\x8aH\x81\xab\xc4 \xdb\
E>u\xbb\x831\x5c\x19\x89\xadF\xdfI\xfe-s\
\xd7\xc1\xaaW\xcc\xc4\xaa\x04H\xf0\x22\xd8\xea\xd4\xbbX\
\xba@>\xbf\x8b\xc7\xb8\x9cP/~\xeeh\x9c\x8b|\
<\xd7o\xd7\xc7\x81>\x9f\x9f\xaf&\xe0\x08\xecg}\
-\xf9\xef\xc2?\xd6\xd9\x8c\xb2\xb3.]%\xf9&\x17\
\xf8\xd8\xc5\xae\x1d8\x1f\xbb\x02u\xbd\xf7C\xbaZ\xa1\
/_\xdd\xc0\x09Mc\xb9\xaay\x22\x1b\xd7.\xc3\x9c\
\xe8b\xbe\xc8\xdc\x0a}}\xec\xaa\xcf#\xc0jA\xfc\
\x07D\x02\xb2R\xd8\x13(&\x95\x18d\xbb\xe0\xa7\xca\
\x81K\xbb\x01o\x02[;\x1aoY\xecr\xf0[\xe8\
\x8d=hq\xac)\x85\x9f\xd5\xd5\xed|>?\x17\x9f\
\x00\x178\x18g\x18\xf9W-\xf9\xdc\xe7\xb1\x07\xf9|\
~>\x1a\x81\xffa\x1b?\x87\xfb\x1ck,\xb0\x91\xdf\
\x09ea\x00\x168\xfe\x07\x95\xe4\xf3r\x07\x96wz\
\x1ai\x9b\x9b\xc5!\xdaJU\xa4\x8a}\x1aGpC\
\x8b\x95\xe4[\x10k\xe7\x83\xd8b\xe2\xa4\xfd\xf0\x1d\x88\
-x<\x8b\xfd~\x8b\x94\x9a\x15\xd1\x15\xaf\x1fTb\
\x90\x9dfCJN\x8a\xe1\xfbv4\xb6\xb3\xbf>\x80\
\xb1\xc7ce\xc4\xb6\x0f`l\xe9r\x80\x831\xf6s\
0F\xb6N\xc76\xcd\xfaun\x9e\xcf\xf3[+;\
\x8c\x0ex\xadXz\x88+\x07;\x1c+\x9d\x99\xd8\x86\
W\xe9\xeem`\x1b\xec\xaa\xce\xec\xb4\x8f\x8a\xb5A\xac\
\x9d\x0d\xea\x06\xf1\xbb\xbeS8\xb2a\x04UDx7\
\xba\x88\xa5\x99K\xf2\x1d\x83\xd5\x1a?<\xdd\x03DJ\
@#\xea6\xfa\x83b\x08\x16\x0b\xcd\xc5\xc6\xa1V\x07\
c\xf8q\x14\xf0\x9b\x80\x8fQ\x8d\x95\xe8\xda*\xe0\xe3\
T\xb2\xbfaW\x0d\xfc(d0\x14\xc3\xf2O\xfd\x1a\
\x89\xe5\xf9\xe6\xcaoN\xf6 \x829)\xcd$\x86m\
pt\xe5'\xf8\xaf\xf4\xd2\x9b[\x03\x1e\xbf\xd4,\x04\
N\x04&`\xddP=t\xb5B_\xa9\xa6\x99\xd3\x9b\
\xc7\xf2\xab\xa6q\xac\x14\xa9\xe3\xdd\xe8B\xbe\xcf\xdc\x0a\
}\x03\xe0\x19,\xe7\xbd\xbf\xf3\xd9\x8b\x14^\x18W\x0d\
\x8bR%\x06\xd9.J\xf8\xb9hh\x93\xaf\x1d\xb1M\
S\x85\xf2(V~M\x82q\x96\xcf\xe7\x0f#\xff\x5c\
\xfc|<\x0c\xfc\xdb\xc18\xf9\xe4f\x7f\x83\xbf:\xf7\
\xfd\x08'/{.p\x93\xa3\xb1\xfa\x10|g\xbf\x13\
\xb1\xdfyWs.e\x97c9\xf4\x97z\xdf\xdd\xd5\
\x0a}@u\x1f\x8en\x1a\xcd\xb5\xcd\x93\xd8\xaev\x10\
sc\xad|\x16k\xcbT\x92o\x0dlS\xf1\xbf\xf1\
\xdf\xacI\xa4\x98h%;\xa1\x12\x83l\xbf\x96\x00\x8b\
C:\xf60\xe0\xc1\x02\x1f3\x825%Q\xe5\x91`\
\xdc\x87\xff\x15\xda}\x1d\xcc#\x17.\xd2\x5c\xc6\x03\x9b\
\xe7\xf8\x9c\xef\xf1\xb7\xf91\x82U\xd6\x09\xc3\x19\x0e\xc7\
\x9a\xe6p\xact^\xc7V\xe0\xd7'S\xb7\xc2\xf2\xf5\
\x100\x09\xeb\xb6\x99\xbe\x09R\xa2\x15\xfa\xae\x0d+q\
c\xcbd\xf6\xae\x1fJ\x94\x18\xef\xc7\x16\x13%\x9e\xee\
\x03\xb6\x01\xdb\xdf\xf02\x85\xf9Y\x8a\x14Z1\xf6$\
\x08\x85\x82\xec\xdc-$\xbc\x8d\x8f\x0f\x13\xce\xcfl\x19\
\xe0\xb1\x10\x8e\x9b\xc9P\xec\x83\xf0jl#\xdd\xfaX\
\x99\xb3 \xed\x05\xdc\x988\xde\x8fpwi\xf7|\x9f\
\xcf\xdf\x9d\xc2\x96\xf7\x9a\x89\x9bU\xces\xf2x\x8e\xdf\
=\x15aU\x18\xf9\x0c\xb8\xc5\xd1X\xdbP\xb8\x86X\
\xff\xc1\xaa\x0f\x1d\x82\xff\x8e\x9b\xa5`6\xb0s\xe2\xeb\
\xcd\xb4\x8f\x8a\xb5C\xb4\x95u\xfa\x0c\xe4\xba\xbeS9\
\xb9qU\x9a\xa8fFtao%\xf9\xf6\xc3~\x7f\
Nq<o\x91b\xb2l\xd8\x13(\x16\x0a\xb2s\xb7\
\x90pV\xb2\xcf\xc2VV\xc2\xb2\x06\xfe\x83A\x976\
\xc4Rg\x0e\xc7\xca\x17>\x0b\xcc\xc2ZS\xdf\x8c}\
\x88m\x87]\xeau\xd5t\xe9 \xac\xa5\xf9\x9dX\x0e\
\xe5,\xacr\xc4\xddX7\xbe\xbd\xb1\x9fQ\xae\xf9h\
7\xe1\xef\xc4m\x00\x85\xab\x99\xdd\xe9D\xa0\xcd\xe7\x18\
\xeb\xd3\xb3\x85xo\xbe\xf0y\xcc\xb0\x82l\xb0\x8d\xa3\
q\x07\xe3\xf4\xa1\xf0{%\xae\xc7~\x97\x0a\x99\xaaV\
H1\xec\xfdm\x0cv\xf2\xee\xa1\xab\x15\xfa\xa0\xea\x06\
\x8eo\x1e\xcb\xa5M\xe3\x19_\xd5\xc4\xac\xe8b\xbe\x8d\
\xb7g\x0a\xae'cW\x04oAu\x84\xa5\xfc\x95J\
W\xec\xc0\xa9\xe3c\xee\xbe\x09\xe1\x98\xab`\xdd\x00\xc3\
\xf6\x7f\xd8\x87\xc4\xfbaO\x04\xebl\x99j\xb9\xc4\xd7\
\xd4\x94\xdb?\xc0v\xed\xbf\x05\xbc\x81]\xa6\xcdg\xc3\
a\xbf\x94\x7f/\x9b\xf8Jm*\xb2\x00\xabD\xf0)\
\xf0\x0a\xf0'2W\x98h\x07n\x00N\xcacN\x9d\
v\x07\xfe\xea\xe3\xf9\xb9\x9a\x8fU\x09\xc9\xb7RH\xa7\
\xff\x03v\xcd\xe1\xf1~\x83\xec\xb0\xd2E\xc0r\xb3\xef\
\x22\xff\x12\x86\xc9\xb6\xc5N\xee\x0ai!V\x01\xe3\x0e\
\xac\xbaQ\xb9\xb4\xf7\xbe\x12;y\xf8\xc0\xfb\xeeD\xbd\
\xebX\x1b-\xd5\x8d\xec\xd94\x9c\xad\xfa,\xc7\xd0\xaa\
z\xe6$Z\xa1g\x08\xae\xc7`\xbf\xd7\x85\xac\x02$\
\x126\xadd'h%;w_\x87p\xcc\xdf\x87p\
\xcctn\x0c{\x02\x09[\xe4\xf0\xd8U\xb0Z\xe2\xc7\
a\x95\x13~\x96\xc7\xf1\x06$\xc6\xc9F\x0bv\x89}\
Wlu,\x9bUG\xbf+\x84;P\xf8\xdf\xe7\x0b\
\xf0\x9f:\xb5\x0b\xb0r\x0e\x8f\xf7[+;\xec\x0d9\
\xaer\xb37s4N>^\xc6\xca\xd8m\x8c\x9dD\
\x96\xaa\xa7\xb0\xab)G\x936\xc0\xc6\xf2\xae\xe3q\xb6\
\xab\x1f\xc2\x8d-\x939\xa8~ej\xa9bft\x11\
\x1d\x99K\xf2\x9d\x8eurU\x80-\x95F{\xb8\x12\
\x14d\xe7\xae\xd0\xf9\xd8;a\x1f\x04\xc5bS\xc2\x9f\
\xcfx\xb2\x0fx\xbd<\x9a\xc7sF\x93\x7f\x81\xfdw\
\xb3x\xccgXw\xbd|\x0d\xc4Rh\x0a)\x86\x9b\
\xdc\xd2crx\xac\xdf ;\xec\xcb\x98\xb3\x80{\x1c\
\x8c\xb3\x12\xb9\xb5e\x0f\xc2\xd3X\xba\xcf\xf1\xa4m\xca\
R\x94>\xc1N\x126\xc5r\xce=$RCbm\
L\xaa\x1d\xc0e-\xe39\xb3i4\x03\x225\xbc\x1d\
]\xc8\xc2\xcc%\xf9v\xc3\xae\x5c\xe5\xb3\xe7@\xa4\x1c\
\x04]f\xb4d(\xc8\xce]\xa1W\xb2\xaf*\xf0\xf1\
\xb2qI\xc8\xc7\xf7\xd3\xe1\xf2[\xd2~\xb0f\xe4'\
\xa0\xf92\xcb\xc7]\xee\xe3\x18`\xab\xd9\x85v=\xfe\
\xdb\x9d\x1f\x04\xd4e\xf9\xd8R\xce\xc9\xeet\x9a\xa3q\
6v4\x8e_\x97c\xed\xc5\xaf\x0b{\x22Y\xb8\x12\
\xeb\x9cy\x87\xf7\xdd\x9d\xad\xd0\x97\xd07R\xcbQM\
\xabru\xf3D\xd6\xa9\xe9\xcf\x07\xd1\xc5|\x9d9\xef\
zU\xac\x0d\xfa}\x89c\x88T\xaal\xdf\xcf\xcb\x9e\
\x82\xec\xdc\x15\xb2F\xf6\xbe\xe4v)\xbdP\xd6\x07\xd6\
\x0a\xf1\xf8~\xea\x04?\x0bt\xe4\xf1\xbc\xa9y\x1e\xaf\
\x9d\xecW_\x9f\xc5r\xc7\xf3\x15V\xe3\xa0\xd3}>\
\xbf\x89\xec\xf3{\xfd\x9e\xe4\x16C\xae\xe0{X#\x22\
\xbf\x8a\xa9\xb6\xf2\x17\xc0\xa1X\xdb\xf7\x07\xc3\x9d\x8a\xa7\
\x9b\xb0\xcd\x87G\x03\x8bz\xde\x1d\xa1\xb3\x15z]\xa4\
\x9a\xbd\x1b\x87s}\xcbd\xf6\xaa\x1b\xc2W\xb1\xa5\xcc\
\x8e-\xf9\xe1Q\x1e\x86`\xc1\xfb;\xa8\x15\xba\x08(\
\xc8\xfe\x81\x82\xec\xdc\x152\xc8.\x86\xcd\x8e\xe9\x84u\
)t\x19\xfc\x05\x17\xf96RY;\xcf\xe7}Mn\
\xed\xc0\xfd\x94y\x9bL8\x95\x0bn\xc5\x7f\xbb\xf5c\
\xb2|\x9c\xdf\x8d\xc7\xfd}>\xdf\x15\x17\xbf\xdb\xf9\xbe\
&\x83\xf4\x0c\x96g\xbf#Vy'l\xaf`\xf9\xeb\
\xbf \xd3|bK!\xd6\xce\xa6\xf5\x83\xf9]\xcb\x14\
\x8enX\x85~\x91\x1af\xf6\xde\x0a\xfd$\xec\xa4\xe9\
H\xdc4:\x13)\x07}\xc2\x9e@\xb1\xa8\xc4 ;\
\xea\xf3\xf9\x0b\x9d\xcc\xa2w?\x06\x86\xfb\x1c\xe3%\xac\
\xea\xc4>\xc0\xc5\xc0\x7f}\x8e\x97l\x1b\xec\x12q\xa1\
m\x87\xbf\xaa8\xff\xca\xe39\x03\x80\xd5\xf2<\xde\x5c\
,w9[i.cgm\x13\x9f\xcf\xcf\xd7\xa9>\
\x9f?\x11X7\x8b\xc7}\x03\xb4\xfa8N_\x8a\xe3\
}\xef%\xe0y\x9fc\xacr\xd7=\xf7\x0fw0\x97\
 \xfc\x05;\xe9;\x07\xff\xef\xb9\xf9\xf8\x0a8\x02\xcb\
\x19\xff\xa7\xf7C:\xf3\xae[\x19U\xd3\x97\xf3\x9a'\
p^\xd3X\x06U\xf5aFt!\xf3\x13y\xd7i\
\xc2\xeb-\xb1&=\x17a\xcdeD\xa4\x8b\x82\xec\x84\
b\xf8\xb0)\xb4z\x9f\xcf\x9f\xefb\x12Y\xf0[\x1a\
\xedk,g\xf3>\xe0vl\xc5e\x0d\xac*\xc7\xdf\
}\x8e\xdd\xe9hG\xe3\xe4bg\x1f\xcf\xfd\x8a\xfcN\
4\xd6'\xfff/\xb9\xe6+\x7f\x82\xbf\xb6\xe5\xd9\x04\
\xaaA\xb8\x15\xf8\xd8\xe7\x18\x87g\xf1\x98\xaf\xf1\xf7;\
\xd8\x97\xfc7\xb0\xbav\xa1\x831\xd6p0F\x90\xce\
\xc46\x0d\xff\xb1\x80\xc7\xbc\x05\xcb\x8f\xbe\xc6\xfb\xee\xae\
\xbc\xeb\xdaH\x0d\x874\x8e\xe2\xda\x96Il^\xbb,\
\x9fD\x970/\xd6\x96)\xb8\x1e\x86\xfd_\x1e#\xdc\
\x94\xb9b\xf5\x00\xd6\xb8\xe8 \xac\xb1\x8f\xb8w>v\
e\xe6F\xc2k\x8c\xd7\x1b\x95\x87N\xa8\xc4 \xdbo\
N\xa6\x8bf\x12\xbd\xd9\x01\xff\x95\x03\x0e\xc0Z\xc0\xa7\
z\x12[\x85>\xc6\xe7\xf8`\xcdW\x0a\x99{\xd5\x82\
\xbf\x9c\xc7\xe7\xc9\xaf\x81\x8a\x9f\xaa\x1d\xf9T\xc3\xf0S\
}\x22\xcc\x0f\xfe\x8b|>\xff'X~v&m\xf8\
K\xd9j\xa1x\x82\xec\x87\xf0\xdfEq\xbc\x8b\x89\x04\
\xec\x03\xacl\xe6f\xc0?\x02<\xce\xdd\xc0z\xd8{\
_\x9a\xd7H\x1c\xa2K\x80\x08\xd3\x1b\x86qc\xdf\xc9\
\xec_?\x94\x85\xf1\x0e\xde\x8f-&F\xda\x0f\xc5\xfe\
X\xc9\xcaw\x80\xe9\xceg^\xfa~\x07\xac\x8eUV\
\xb9\x1e\x0b\x00\xd7\xa6pW~+\xc5~\xd8\xc6\xe9\x9b\
\xb0\x13\x99U\xb0^\x03\xc5\xf6}V\xeaTB%\x06\
\xd9~\xa5M\xces\xe8b\x9f\xcf\x7f\x19\xf8s/\x8f\
\xb9\x02K%\xf1\xa3\xc5\xc1\x18\xb9\xd8\x15h\xf4\xf1\xfc\
\x97\xf2|\xde6>\x8e\x99O\x90\x9d\xa6\xe3\x5cV&\
\x10^\xde\xb1\xdf\x95\x95z\xb2k\xd4\xe2g\xf3c=\
\xc5\x13d\x83\x05$~\x84\xd9\x056W\xff\x046\xc7\
\x02\xee\xf4u\xa9s\xf7.\xf6;:\x9dL)8\xb1\
v\x88\xb5\xf3\xa3\xba\xc1\xdc\xd2w\x0a'4\x8edE\
\xfa03\xba\xa8\xb7V\xe8\x87cy\xd7\xa7\xe0\xffJ\
h\xb9y\x0a\xbb\xd2\xb7?\xd6m7\xd9\x97X#.\
q\xe3\x0b\xec\x8aa\xb2\xf9\xd8\x15\xb1Q\xf8\x7f/q\
I+\xd9\x09\x95\x18d\x17b%\xda\x8fm\x81q>\
\xc78*\xcb\xc7\xdd\x87\xe5k\xfbq\xa8\xcf\xe7\xe7b\
_\x9f\xcf\x7f1\x8f\xe7\xac\x02L\xf1q\xcc|\x82\xec\
9Xg\xca|4a\x81v\x18\xda\xf1\xdfT\xe7\xc0\
,\x1e3\xdf\xc7\xf8\x11z_-/$?\x1b]\xa1\
4K\xc5\xfd\x11K!\xf1{\xe5c\x09\x16\xf8\x8e%\
m\x0a\x5cgjH+Cj\x1a9\xady,\x175\
\x8fc\x95\xaa\x06\xde\x8d.\xe4\xabDI\xbe4\xe1\xf5\
:X-\xf0\xab)\x8e\xd2\x8f\xc5\xe4\x1b\xec\xe4#C\
\xadq\x00^+\xc8l*C\xa6\xcf\x84\xcf\xb14\x9d\
u\xc9\xefs\xce\xb5J\x8c-=U\xe27\xc2o\x90\
\x1d\xf4&\x1e\xbfA\xca\xbf\xc8\xad\x0e\xf4\xed\xf8\xeb\xe2\
\xb8>\xfe\x1a\xc3dk(\xfe6\xf5\xc5\xc9/p\xcd\
\xa5\xe5\xb7\x97lkd\xa7z\xcc\xc71\xc3\x0c\xbc\xae\
\xc0\xdf\xef\xc8:X>m&_\xf9\x18\x1f,/\xbb\
X\xcc\xc1\x02\xb9|\xadt\xd7=\xf7\x17\xd3\xff'[\
Q,@\x9eL\xefW\xdd\xbc\xdc\x8e\xad\xde\xa5\x09\xd4\
#\x10\x8fAt\x09\xd5T\xb1_\xe3\x08nh\x99\xcc\
\x8e}\x0637\xda\xca\xa7\xb1V\xaa\xd2\x07\xd7\x83\xb1\
\x9a\xdf\xcfS\xf8\x06O\xa5\xe0J\xecw\xf4\xb7Y<\
\xb6\xd8\xd2\x18JY6ir/`\xef\xa1G\xe0\xff\
}\xd2\x8fb_\xcc,\x98J\x0c\xb2\xfd\x0ar\xd7\xec\
\xde\xf8\xaf\xd8qB\x1e\xcf9\x08\x7f\x0dE\x0a\xb1\x9a\
}\x98\xcf\xe7\xbfG~e\xe6\xf6\xf0y\xdc|\xf3\x87\
\x9f\xf3q\xcc\x91>\x9e\xeb\xd7|\xfcor\xeb\xadf\
\xf6\x02\x9f\xe3\xf7\xf3\xf9|\xd7\xfc\xe4\xe0\xf7\x07Vt\
4\x8f0\xfc\x0f\xab\xa4\xb4\x19\xf0{2w\x8e\xfc\x10\
\xb8\x0c;\xb1\xdf\x07\xf84\xed#\xa3\xad@\x8c\x9d\xea\
\x87rc\xdf\xc9\x1c\xd60\x9cX<\xce{\xd1ED\
\x89S\xe5\x1d^\xd7b\xf9\xae\xb3\x80\x83\xf3\xf8\xbf\x94\
\xbb{\xb1\xabzG\x93}Z\x98b\x0cwr\x09\x5c\
\xaf\xc1N\x84\xce \xb7\xeaV\xe2X%\xe6\xcd,\xe3\
\xf3\xf9A^6\xbc\xcc\xe7\xf3\x9f\xc5\xf2\xb1\xf3q\x00\
\xf9W\x1d9\x10\xdb|\xd1\x9e\xe7\xf3{S\x83\xff@\
>\x9f&/c\xb1\x12`~\xe4\x9b\xa3\x9co\xba\x08\
\x84S+;\xd9%d\xdf\x5c\xc6\xcbO\x81\xb32\xdc\
\xef7H.\xb6\x96\xbfO\xf8|\xfe\xf2\xd8\x86\xbcR\
\xf6\xcf\xc4\xd7\x00\xec\x92\xf7x`9\xacq\xd4\xe7X\
\xdaA\xefUwb\xed@\x9c\xb5\xeb\x06\xb2O\xfdJ\
\xacU\xd3\x9f\xef\xe3\xed\xcc\x8c.\x22B$S\xde\xf5\
^XE\xa7\xe1>\xff\x1f\xe5\xe8e\xacDg>W\
\xd7\x0a\xb1\x87\xa9R\xe4z\xc2\xf2\x1d\xf6\x9a\xbe\x138\
\x8f\xc2n\xd8\xd5\xcf=\xa1\x12\x83l\xbf\x1bW\x069\
\x99EO\x17\xe3?\x80\xf7\xd3y\xef1\xec\xf2h>\
%\xe0\xfac\x81\xf6\xb5>\x8e\x9f\xc9/\xf0\xbf\x99o\
N\x1e\xcf9\xd2\xe71!\xff\x13\x8f\xf7\xb1\xab\x0b\xf9\
\x04\xccA\xbdF\xb3\xf5\x06\xf9\xbf\x96\xc0\xf2u\xa7\x92\
>\x9fs\xd3<\xc7\xedTlA\xf6\xbb\xd8\xebsX\
\x9e\xcf/\x86.\x96\xae|\x8bu\xc3\xcc\xa1#f\x22\
\xef:\xd6\xc6\x80\x9aF\x0e\xa8_\x99\x9d\xfb,O\x9c\
8\xb3\xa2\xd6\xdc1\xcd\xca5\xd8\xfe\x85+\xb0\x0d\x99\
\xd2\xddR,\xa5\xe7\xd7aOD|y\x1f[\xb8\xb8\
\x19[\x00\x99Z\x80c\x86Q\x1b\xbf(U\xe2\xa5\x1c\
\xbf?\xfc\x11Nf\xd1\xdd\x18\xe0D\x9fc\xbcH\xda\
\xa6\x0bY;\xcf\xc7sO\xf6y\xect\x22\xc0\xd9\x0e\
\xc6I\x7fi\xd9[#\xb6c\xde/?\x97\xea>\xcc\
\xf3y\xc5\x90\x0e\x91\xa6Fq\xd6\xd2U\xad\xd9\x1dk\
c\xedG\xb1\x05\xd9\x00o\xfbxn\x7fW\x93(I\
\xb1\xa5\x10\x8f\xb2[\xc3\xca\xdc\xd22\x95iu+0\
/\xd6\xca\xc7\xb1%DH\xbb\xa4\xd6\x8c\x05\x1co\xa2\
\x00\xdb\xcbmX\xea\xa2\x02\xec\xf2\xf1\x04\xd6T\xed\x14\
\xbc\xcb\xfb\xba\xa4 ;\xa1\x12\x83l\xbf\xfcV\xfe\xf0\
r\xbf\x831\xfc\x06\xe9\x00\x7f%\xff\xf2h+c\x9b\
-\x5c\xbb\x08\xbbl\xecW\xae\x9b@\x8e\xc2M\xb9.\
?u\xc4\xf3M5)\x86 \xfb\x1e\xfc\xe5N\xff$\
\xcd\xed\x97\xf8\x18\xb3S1n\x14\xfc\xcc\xc7s+\xf1\
\x8a$V\xf3\xba\x95!5M\x5c\xde2\x89\x93\x1aG\
RO\x153\xa3\x8bhO\x9fw\x0d\xd6\x98k\x16\xf9\
\xed_)w\x0fc\xb5\xc6\xf7\xc5\x7fs\xa9R\x17\xa3\
<\x83\xc5\x8b\xb0|m\x17\xcd\xb0\xd2)\xc7\xef[^\
\x14d\xe7n,n\xf3\xb2/\xc7\x7f\xc9\xb5{\xf1W\
\xa1\xa0S\x9c\xdc*\x93\xa4\xba\x18\x7fu\xacSM\x02\
~\xe9h\xac\x5c\x02\xd6Fl\x03\x94\x0b+\xf8xn\
G\x9e\xcfk\x22\xfc\x9c\xb86\xe0\x0f>\x9e?\x9a\x9e\
UR~K\xfe)\x15\xc9\x828Q\x0e\xd3\xd2\xb0'\
PX\x9de\xf9\x96\xb2q\xfd\xf2\xdc\xdc2\x85\xf5k\
\xfb\xf3~t1\xdf$J\xf2\xa5\xb13\xb6\xd1\xf2\x22\
\xac\x82\x88t\x99\x09L\x03v\x22S\xad\xf1\xca\x12\xa7\
|7\x0d\xce\xc5\xf6QM\xc4\x16\xd7\x5c\x0bj\x7fV\
\xc9\xa9\xc4 \xdbo\xf0Q\x8b\x9d\xe9\xbb0\x1d8\xd6\
\xc18Q\xdcU=\xf1\xb3z\xd1\x80\xe5}\xb9\xe2\xb2\
\x91A.;\xb3/\xc5]-e?A\xe1J\x8e\xe6\
\x10\x96\x9b|>\xff\xc7I\x7f?\x06wUl6r\
4\x8eK~6\xd8\xfai\xceSb\x22\x10k\x83x\
\x8c\x03\x9aV\xe5\xa2\xa6qD\xe2\xf0^t1\x90\xf6\
\x03m\x14\xd6\xe0\xe9A\xfcw\xd2-G\xa7b)\x8b\
\xf7\x86=\x91\x22\x14\xf6bE\xd0\xde\x02\xb6\xc7\xae\x1c\
\xba\xdc<\xad ;AAv~\xb6u0\xc6\xa6\xf8\
/u\xd6i:\xf6\x0b\x92\xee\x12{.\xfc\xbe&\xa6\
\xe3\xaf\xb2D\xa7\xbf\xe0\xb6\x14]\xb6\x97\xafV\xc7m\
I\xc2u\xf2|\xde\x08\xf2o\x91\xbe\x98\xe2\xa8S\xfa\
\x0a\xb6\xa9/_\x9d\x1b\x1c\x0f\xc6mn\xe8rX\xc9\
\xb8b\xb1\x17V/:_a\xd6\xc3- k\x89^\
\x15\xa9\xe2\xec\xe6q\x1cY\xbf2\x9f\xc5Z\xf92\xde\
F\x8d\xf7\xdbz5\xb6\x19|\x06\xb0cA\xa7Z\x1a\
\x1e\xc4\xaa\xb8\x5c\x10\xf2<$|\xf7cW\xf8\x5c\xbd\
\x16\xda\x1c\x8dS\xf2*1\xc8\xce\xb7nq\xb2]|\
>\x7fg\xfc\x97\xedJ5\x02[\x89\xb8\x07\x7f\x1f\xd8\
.VO\x7fO\xfe\x01\x22\xd8\x0a\xe8\xf6\x0e\xe6\x91,\
\x9bV\xdaM\xc0#\x8e\x8f\xbb=\xf9\x9d\xd8\xdd\xe0\xe3\
\x98~\xebH\xbbt\xa7\x8f\xe7N\xc0\x1a_\x5c\xe7h\
.\xc9N\x0d`\xcc\x5cU\x01\xc7c\xbf/\xf9\xea\xc0\
_\x8d\xfb\x12\x10\x81x\x07D\x97\xb2A\xdd n\xee\
\xb7\x1a[\xd5\x0edFt\x11\xad\xe9\xdb\xa1\x1f\x8b\x95\
\xed<\x07\x0b\xb6\xa5\xcbc\xc0\xd6\xd8\xe7\xd8\x8c\x90\xe7\
\x22\xc5\xe5T,U\xefj\x9f\xe3\xb4:\x98KY\xa8\
\xc4 \xdb\xc5\xaa\xcf\xf2\xd8\x0e\xdd|\x9c\x82\xad \x04\
\xf5\xbd\xdf\x1dx\x1d[\xf9\xcb\xb5\x12J\x15\xd6\xe8\xc1\
\x85\x7f\x01\x1b\xe4\xf8\x9c&\xec\x8c\xfa\x00GsH\xd6\
[\x93\x9fj\xe0\x1f\xd8\xcf\xd6\xa5\x01d\xdf\xe6\xbe\xd3\
\xf9\xc0\x16>\x8eYLA\xb6\x9fM\xbdCpSF\
\xd1\xcbf\x04\xf3:\xcb\xc6\x14\xe0Ll\x95\xffR\x9f\
c}D\xd9\x06\xd9\x11:W\xaf\xfbD\xaa9\xb6y\
\x0c\x974O`D\xa4\x8e\xf7c\x8b\x89\xe3y\xf6\xba\
\x19Vi\xe9r\x82\xa9\x04U\xca>\xc7\x1a\x8fm\x8d\
\xbf\x8e\xb2R\xde\xde\xc3\xdewW'\x9b\xda\xf4\xde\x82\
\xae^R2*1\xc8\xce\xb5\x94[:\x17\x00\x87\xe4\
\xf0\xf8\xdd\xb0M\x85\x85\xba4w\x0c\xb6\x99\xe5F\xec\
\x97%\x1b\xdb\xe3\xae\x1cX\x03\xf6\x0bzB\xe2\xef\x99\
\xd4a\x1d\xdc\xde\xc4\x7f\x1b\xf3tv\xcep\xdfp\xac\
\x1d\xed\xda\x01\x1d\xfb\x12l\x13go\xea\x81\xeb\xb1\x0d\
)~\xe4\xd3\xd92(o%\xbe\x8a\xd1MX\xa9\xc1\
 \xf3t\xeb\x12\xe3O\xc3\x02\xbf\xffb\xf5\xbf\xcf\xa2\
\xf7\xf6\xf1\xd9\xf8\xdf\xf4i\xbb\x15Cj\x90cq+\
\xcd\x17kg\xa3\xba\xc1\xdc\xd0w\x0a{\xd5\x0dan\
t\x09\x9f\xc4\x96R\xdd\xb3%z-\xf6\xf3|\x12\x7f\
W\xd1\xca\xd5%\xd8\xeb\xed\xc6\xb0'\x22%\xe3U`\
C\xac\x94m\xae'\xf2\x99:\xb7V\x94J,\xfd\xf4\
\x11\x96/\xe4b\xa3\xe0\xb5\xd8\x19\xdf\x13X \xf1\x1d\
\xb6\x8a\xf8\x0d]\xed\x8eW\x03\xb6\xc2.\xc1\x14Z\x0d\
\xd6$\xe6@,\xc7\xf9\x0e,\x1dba\x9a\xc7\x9f\x13\
\xc0\x1c.\xc1\xda\xf0\xfe\x05\xeb\x1c6\x07\xfb\x05\x5c\x16\
KMY\x0b\xd8\x127U#2\x99\x8c\x95\xee\xfaU\
\xd2m\x83\xb0\xe0\xfe\x0c\xb2K'\xc9W-v\x82u\
 p\x97\xc7\xfd\xfd\xb0+\x10\xa7\xe2\xa6\xe3\xdcG\x0e\
\xc6p\xe9\x1e\xdc\xd4:\x0f\xc2a\x89\xaf\xe7\xb1V\xf6\
\xefb\xdf\xbf\xef\xc8\xee\xfd1\x8a\xbdvZ\xb0\xd2\x80\
-XE\x99aXY\xcb\xa1\x04\xfb\xdavQU\xa8\
x\xc4\xa3\xd6\xb51R\xcdj\xb5\x03\xd8\xbdnE6\
\xee\xb3,\xad\xf1(3\xa2\x0b\xa9\xf2\xee\xda\xd8\x1f\xeb\
v;\xbe\xe0\xf3-~O\x01\xc7a\x01\x93H>~\
\x87\xed\x1f;\x97\xec\xcb^\xce\x0fl6%\xa6\x12\x83\
\xec\xcf\x81\x0f\xe8Y\x1e,_\xe3)\x8d7\xf7\x1d\x12\
_\xdf\x00\x8fc\xbb\xed\x9f\xc6\xceP[\x80\xab\x08\xae\
\x13\xd4Pr[\xf5\x0f\xcaE\xd8j\xfd\x1c\xec\x04h\
=z_ew\xa5\x09{\xa3:\x13\x0b\xb8\xe7a\xa9\
$+a):\xfd\x1d\x1e\xab\xd8V\x8e\x1f\xa4x\x83\
\xecN\xeb\x92\x7f\x87\xca0=\x18\xf6\x04\xfc\x89C<\
f\xc15\xd0\xaf\xba\x9e\x0d\xfa\x0cb\xc3\xdaeX\xbb\
\xb6?uT\xf1qt\x09QH\x97{\xbd\x22\xf6\xfb\
\xb4r\xe1\xe6\x5c\x12\xfe\x83-p\xb8\xac\xd0$\x95\xab\
\x15\xeb\xc5q'\x96\xfe\xb8o/\x8f\xaf\xa0\x8aG\x99\
Ub\x90\x0dv\xb9\xd6U\x90]j\x96\x01\xf6H|\
-\xc1V\xed\x06\x10~+\xeeB\xd90\xf1\x15\x96\xb1\
\x04\xff\xda{1\xe0\xf1s\xf5\x060\x1b7\xab\xf4\xd2\
\xe5\x85\xe9\xd3v\xfb \xecI\xe4\xac3\xa8\x8e\xc7 \
RE\xdf\xeaz&T7\xb3^m?\xd6\xae\x19\xc0\
J\xd5\x0dt\xc4c\xcc\x8b\xb5%\x9a\xcad\xcck|\
\x1a\x05\xd8\xc9\x16aW\xc4\xae\x08{\x22R\x96^\x05\
\xf6\xc3R\xb3.'}\x8a\xa5\x82\xec\x84J\x0d\xb2\x9f\
\xc4J\xcdU\xba\x06\xac>\xaa\x94\x8f\xf7\xb0nv\xc5\
\xe6Z\xba\xa7\xea\x88\x7f\xa5\x13H\xc5cV!\x04\xa0\
\xaa\x96\xd15}\x99Z\xd3\x8f\xc9\xd5\xcd\x0c\xabnd\
\xa5\xaazj\xa9\xe2\x9bx;\x1fE\x97\xfc\xb0\xa9\xb1\
\x97MC\xe7\xe3\xb6\xccg\xa9\xbb\x11\xbbR\xe6\xa7{\
\xa8H6\x9e\xc5\xca\xd3\x1e\x8d\xed/\xe9\x9fr\xbf\x82\
\xec\x84J\x0d\xb2\xff\x846\x80Hy\xfa{@\xe3\x0e\
\xc7r\xcaga\xe9V\xdfc\x95z\xbe\xc7V\xcf\x92\
\xeb\x90G\xb0\x13\xb8AXg\xbdq\xc0&\x01\xcd\xab\
R}\x82w~\x7f\x91\x88C,\x11XG\xaa\xa8\xaf\
\xea\xc3\xe4\xda\x01\xac]\xd3\x97\xf15\xcd\x8c\xa8j\xa2\
\x7fU\x0dm\xf1\x18\xdf\xc7\xa3|\x1e[J\x8c\xaej\
!Y\xd4\xbc\x5c\x06\xff\x1b\x84\xcb\xc5\xcb\xd8%|?\
\xddzE\xf2q\x05\xb6\xd7\xeb,\xe0\x88\xa4\xdbu\xa2\
\x97P\xa9A\xf6\xd7X+\xd1\xed\xc2\x9e\x88\x88c~\
\xeaRg\xb27=kK/\xa1+\xc8n\xc76\xfd\
Vc9\xfe\x0dX\xd3\x17W\x9dH\xa5\xbb\xe3)\x8e\
\x86C\xdd\xc5\xa2?\x04\xd6Ck\x9aY\xaf\xa6?\xa3\
\xaa\x1bY\xb5\xa6\x89\xe1U\x0d4Fj\xf8.\xd6\xce\
\xf7\xf1\x0e\xbe\x8d\xb6w\x0b\xa6s,&\x7f\xb0\xd3y\
\x97\xa6\xb7\x80\x8b\x81\xdb\xc3\x9e\x88T\xb4\xaf\xb1\x02\x10\
\x7f\xc4\x8a\x0b\xec\x84\xd5\xef\x17*7\xc8\x06\xb8\x10\x05\
\xd9R^\xde%\xb8\xd5\xac\xad=nk\xa0p\x1bG\
\xa5\xcbsX\xc5\x96\xe2\x90\x94\x0a\xb2bM3k\xd7\
\xf4c\xad\x9a\xfeL\xa8if\xf9\xaa:\xda\xe3q\xbe\
\x8fw\xf0e\xac\x8d(m\xb9\xacVg\x12\xe6\xbe\x8a\
\xb0\xc5\x81\x93\xb1\x00[\xa4X<\x87\x95\xca\xdd\x81\xe2\
LY\x0cE%\x07\xd9\xff\xc6J\xef\xf9i\xfa!R\
L\xce\x0ah\xdc\x15(\xcd\xca\x1b\xe5\xea\xa7aO\x00\
\x22\x10\xeb\x80x;\xd5\xd5ul\xd4g0\xeb\xd6\xf4\
g\xad\xda~\x0c\xa9j`i<\xc6W\xf16>\x88\
.\xe9|t\xb7?\x1d\xe8\xad\xb9T\xb9\xba\x078\x0d\
\xdb{!R\x8c\xfe\x12\xf6\x04\x8aI%\x07\xd9`\xbb\
d?\x0e{\x12\x22\x0e\xcc$\xb8\x1c\xdd-\xa9\xcc\xc6\
U\xc5h\x1f\x8a\xa2\x0ez\x94\x95j\x1a\xd9\xa9\xcf \
V\xaf\xed\xc7\x98\xaaf\xaa\x22\xf0El)\xb3\xa2\x8b\
\x89\xc0\x0f_\x01\x18@\xf0u\xf5\x8b\xcd\x1b\xc0/\x09\
n\xcfE\xa5\xa8\xce\xf1\xf1\x01\xbd\x84\xa5RT\xfa\x07\
\xe7'\xf4^\xef1L\x8f\x87=\x01)\x19{\x068\
\xb6\xd2\xaa\x8a\xc3\xaf(\x8a\xfc\xdb8\xc4\xa3\x1c\xd2\xb0\
2'6\xae\xc2\x90H=\x1f\xc7\x960;\xba\x84%\
\xf1\x18U\x04\x1e\x99,\x875x\xaa\x04\x1f\x01\x87\x03\
SP\x80\xedB\xae\xed\xbe\x95[,\xbeTz\x90\x0d\
p\x1b\xc5Y\x0a\xeb \xacS\xe4\xceX\xbb\xf1b\xf0\
\x10\xaa\xcaR\x8c\xce\xc1*\x0c\x04\xa1\x0f\xf6:\x94p\
]\x81\xe5\xe1\x16\x89\x08m\xf1\x18\x1fE[\xf96\xde\
\x9e\xb8\xa5`r]\x8d,U\xe7ai1\xbf\x0d{\
\x22edQ\x8e\x8f\x8f\xf6\xfe\x10\x91\xf4\x14d\x9bc\
\x80\xeb\xc3\x9eD\x92\xe3\xe8\x0af\x1f\x02&a\x97\x0a\
?\x0dmF\xb6\x83x\x17,\xf8\xbf%\xc4yt\x9a\
\x8b\xe5\xd5\x87\xe1U\xac\x8c]1\xb8\x0f\xab\x8d\x1b\x94\
\x8d\xb1\xcb\xf3\xc5\xee,\xec\xf7d~\xb8\xd3\x08\xc4\xa5\
\xd8{TQ\xe9 N<\x9c\x02'K\xc38h\x01\
\xfd\x1d[\xb9>\x1dh\x0by.\xe5&\xd7\x98G\xe9\
\x22\xe2\x8b\x82\xec.\x87`oja;\x1e\xf8\xb5\xc7\
\xed\x97`\x9d\x02\xcf\x05\xbe-\xe8\x8c\xec\xec\x7f\x13 \
\x96\xf8\xf7\x01\xd8\xe6\x9b0m\x83U\x18(t=\xce\
o\xb0.W\x9b\x15\xf8\xb8^\x1e\x02v\x0f\xf8\x18\xdb\
\x07<\xbe\x0b\xc7cm\xdb\xdf\x04\xd6\xc2\xaa\xac\x94\x83\
\x18\xf0\x0b\xac\x9d\xb1\x94\xbf\x99\xc04\xec\xbd\xed\x8d\x90\
\xe7\x22\x22\x0e(\xc8\xee\xee<\xac\xc6\xe3\xdc\x90\x8e\xbf\
/\xd6\xaa4\x9d\x85\xc0\x19\xc0\xe8\xc4\x9f\x85\x08\xb6\xbf\
\x05~D\xcf\x94\x95\xf3\xb1R=\x85\xee\xec\xf4Mb\
>\xffK\xfc{\x13\xacVs\xa1\x8e\xbd\x01\x96\xa77\
\x07\xd8\xad@\xc7\xf5r-\x96J\x14\xb4\x1d\x0ap\x8c\
|}\x82m\xcaL\xfe\x9d\x99\x05\xac\x01<\x10\xca\x8c\
\xdc\xf9\x17\xb0\x1a\xd6\xbeX\xca\xdb7\xd8\x89\xd4\x18\xe0\
\xde\x90\xe7\x22\x22\x0e)\xc8\xee\xe9a`\x02p]\x01\
\x8f9\x03[\x81\xbb-\xcb\xc7\x7f\x85\xadh\x8f\xc6V\
\xdf\x83\xaaI\xf9,0\x19x-\xcd\xfd\x8f`\xdf\xab\
Bu\x9e\xfbkb>\xcf&\xdd6\x13+/\x17\xf4\
\x8a\xf6\xeb\xc0T\xe0\x9d\xa4\xdb\x1e\x006\xa7pA>\
\xd8I\xcf\xbe\xc0a\x058\xd6x\x8a\xb7m\xf5\xef\xb1\
\xd7\xde\x13\x1e\xf7-\xc2N\x80\x0e\x02>/\xe4\xa4\x1c\
\xf8\x10\xd8\x1f;y\xd4jf\xf9\xbb\x12\xcb\xbb\xbe4\
\xec\x89\x88\x88{\x0a\xb2\xbd\xcd\x07\x0e\xc5\x82\xb7?\x12\
\xdc\x0e\xe3\x18p\x19\x96\x7f\x97\xcf\xc6\xb5\xaf\xb0\xd5\xf7\
\xb1X\xda\xc0\xbd\xb8\x09\xf8\x96`\xe9 ?\xc2V\x0b\
3\x99\x87\xd5\xed\xdd\x09x\xc9\xc1\xb1\xbd\xbc\x85U\xcf\
\xd8\x1e\xef\xbc\xf4\x19\xc0\xeax\x07\x5c.\x5c\x93\x18\xdf\
\xab\xdc\xe3?\xb0\x9f\xdf\xa3\x01\x1d;\xd9\x8dX\x8b\xf2\
lO\xc6\xfc\xda\xb1@\xc7\xc9\xc5\x1b\xd8kmoz\
\x7f\xad\xdfH\xd7U\x9f/\x02\x9e\x97_\xcf`%E\
\xc7\x00\xbf\x0by.\x12\xbc\xff`\x0b+Gc+\xd9\
\x22R\x86\x14dg\xf6\x02\xf03\xec\x83\xef\x14\xec\x83\
\xd0E\xc0\xfd\x19v\x89{,p\x02\xd6\x92\xda\x8f(\
\xb6\x01n\x1a\xb6*\xb2\x0fvr\xd0[\x80\x9c\xea=\
,\xb7u4\x96\x0e\x92\x8b\x87\xb1\x5c\xe5\xbd\xb0`\xd7\
\xef\x8e\xa86,p\xdd\x0b\x98H\xef\xed\xc2?\xc7R\
\x07\x8e\xc4\xdd\x06\xd1'\xb1\x8d\x7fG\xd0\x95\x8f\xeee\
6\xb0-\x16$\xb9\xae\x04\xf3)\xd6\xd9m,\xb62\
;\xcf\xf1\xf8\x99lS\xc0c\xf5f6\x96{=\x05\
{\xadek\x01]W}~\x81\xbd\xa6\x16\xbb\x9e\x5c\
\x1e\xda\xb1\xf7\x97\x0b\x805\x81\x8d\x80[\xf1\xff^ \
\xc5\xed3\xecu\xb8>\xc1U\x04\x12\x91\x22Q\xe9\xcd\
h\xb2\xf5\x01pQ\xe2k\x05`=\xecC{\x02\xb0\
\x0a\xd0BW\xed\xd6\x16\xac\xec\x19X@\xfe-\xf6\xc6\
\xfa9\xb6z\xf1\x22\xb6\xfa\xd9\x1a\xd0\x5c\xbf\xc0j\xe9\
\xde\x9e\x98\xc7h\xecC|\x08\x16\x80\x0f\x00\x96\xc5N\
\xb0\xbe\xc4\x82\xb6\x19\xc0\xf3\xb8i\xc9\xfd\x87\xc4\xd70\
`S\xac\xe2\xc3\xea\xd8\xf7g\x19\xa0\x19\xfb\x1eu\x8a\
b+\x92\x9d\xdf\xa3\x17\xb0\xd5\xca\xa7\xc8\xefR\xff\xd5\
X\xf5\x93C\xb1\x13\xa4\xd5s|\xfekX \xf6'\
\xecg\x95\x8b[\x13_;%\x8e\xbd)0(\xc71\
:\xb0\xff\xff\x7f\x80\xc7\xb0J\x03aTS\x18Dq\
\xb4\xae~\x0f\xcb?\xbf\x06\x7f\x95\x16\xbe\xc3\xf2\x9bo\
\x02\x06bWi&`\xf9\xdbC\x81\xc1@\x7f\xec\xf5\
\x19!\xff\x93\xc4*\xec\xf5\xbc\x14\xfb\x1d\xff\x06\x0b\xea\
\xe7b\xef#s\xb0\xff\xd3\x1b\x94^*\x8b\xe4\xaf\x0d\
+\xb5\xf9\x1br/#'\x22%JAv\xee>\xc3\
{SU_\xec\xfb\xe9\x15d\xcf/\xc8\xcczj\xc3\
VV\xc3\xa8\xb3=\x07\x0b8\x93\xb5\x00MX\xc0\x1f\
\xc1V\x19\xdb\xb1\xa0\xe4+\x87\xc7^\x8c\xa5\xe1\x5c\x86\
\xad\x82\xaf\x89m\x22[\x0e\x0b\xb0j\xe9\x0a\x80\xbe\xc1\
\x82\x9d\xd7\xb0\xdcv\x17\x95)\x1eJ|\xf5\xc3r\xc8\
\xd7\x00F`'7\xcb\x02\xf5\xd8\xcff>\xf6\xfa\xf8\
\x0e\xcb\xc5}\x07[\xb1\x9d\xed`\x0e~mIx\xf5\
\x88\xdb\xb1\xd6\xbcw\x00\x0f\x92\xf9*B>\xbeJ\x8c\
\xfb`\xd2m\xf5X\x90\xdd\x84\xff {\x01\xf6\xfaZ\
J\xee\xcd/\xa4\xfc\xdc\x8e\xed\x9d)\x82N\x9d\x22R\
H\x0a\xb2\xdd\xe9\xcc\x0fU~]z\x0b\x12_\x85\x5c\
\xc1\xeb<\xc9\xb8\xb5\x80\xc7\xec\xf4\x1d\x96b\xf4L\x08\
\xc7\xf6\xeb\xd0\x02\x1fo!\xf6}z\x18\xdbP[\xe8\
\x80\xa4\x15\xad,\x8b[\xaf`=\x0f\x9e\x0e{\x22\x22\
\x12\x0e\x05\xd9\x22\x92\xaa\x0a[\x85]\x88\xa5O\x04\xe1\
S\xe0},\xb0~\x11K\x8f\xf92\xa0c\x89\x14\xd2\
\x02lo\xcbeaODD\xc2\xa5 [DR\xc5\
\xb1\xd2\x84+\x02\xabb\xa9.\x13\x13\xff^\x09\xcb_\
\x1e\x04\xd4\x01\x0d\x1e\xcf_\x8c\xa5||\x83\xa5\xc4t\
\xe6\xdb\xcf\xc1\xea\x9b\x7f\x82]]P*\x85\x94\x9bs\
\xb0\xfd\x03\xc5^\xcdFD\x0a@A\xb6\x88\xa4\xea\xcc\
G\x9e\x9b\xf8\xf2\xba\xdc\xdd\x8c\xe51\x0fH<>N\
W\x0b\xe2o\xb1\x9c\xf3\x85\xf8\xaf2#R\x0a\x1e\x04\
\xfe\x0f\xdbD.\x22\x02(\xc8\x16\x91\xfc,L|\xb9\
\xdc\xb0*Rj\xde\xc4\x82\xeb\x5c\xcaJ\x8aH\x85P\
\x9dl\x11\x11\x7f:W\xf5]\x9a\xe8x<q+\x8a\
\xa5\x86LB\x01\xb6\x88\xa4\xa1 [D$\x7fuX\
\x9ey\xae5\xd539&1\xe6i\x0e\xc7\x14w~\
\x8d\xf5\x1c83\xec\x89\x88HqS\xba\x88\x88H~\
\xea\xb1\xea(\xc3\x13\xff~\x02\xd8\xc2\xe7\x98\x87`A\
\x1cX\xa7\xca\xc5XwX\x09\xdf?\x81c\x81\xd7\xc3\
\x9e\x88\x88\x94\x06\xadd\x8b\x88\xe4\xae\x16\x0b\xb0\xd7L\
\xbams,\xd0\xce\xd7aXw\xcbd\x97a\xed\xe4\
%<\x1f\x02{\x01\x9b\xa1\x00[Dr\xa0 [D\
$7\x0dX]\xef5=\xee\xcb7\xd0>\x14+\xfd\
\xe6\xe5R\x14h\x87\xe5\x12`4\xf0\x87\xb0'\x22\x22\
\xa5GA\xb6\x88H\xf6\xea\xb0\x92\x86kdx\xcc\xe6\
\xc0\x939\x8cy\x18\xf0\xdb^\x1e\xa3@\xbb\xb0n\x04\
&\x03\xbf\x04:B\x9e\x8b\x88\x94(\x05\xd9\x22\x22\xd9\
\xa9\x03\x9e\xc5{\x05;\xd5fd\xb7\xa2}8\xe9W\
\xb0S]\x0a\x9c\x98\xe5c%?/\x00\xeb\x00\x07a\
\x9bOED\xf2\xa6 [D\xa4w\x0d\xc0sd^\
\xc1N\xd5[\xea\xc8!\xc0\xd59\xce\xe3b\xb4\xa2\x1d\
\x84/\xb1\x13\x9euq[)FD*\x98\x82l\x11\
\x91\xccj\xb1\x14\x91\xd5\xf3xn\xba\xd4\x91\xc3\xe9\xb9\
\xc91[\x97\x02'\xe4\xf9\x5c\xe9\xe9\x0a`UzO\
\xd9\x11\x11\xc9\x89\x82l\x11\x91\xf42mr\xcc\xd6f\
t\x0f\xb4\x0f#\xf7\x15\xecT\x97P\xb9\x81v\xdc\xd1\
8\x7f\xc4\xf2\xae\x8f\x01\xbew4\xa6\x88\xc8\x0fT'\
[D\xc4\xdb8\xe0N`\xaa\x83\xb16\x03\x1e\x02\xde\
\x00Nu0\x1e\xc0%w\xdds\xff\x0a\xc0I\xd3\xa7\
\xedVI\x9b\xf3j}>\xff\xbf\xd8\x86\xc6\x5c6\xa7\
\x8a\x88\xe4LA\xb6\x88\x88\xb7mp\x13`w\xda\x11\
\xd8\xc4\xe1x`9\xc4\x95vE\xb2:\xcf\xe7-\xc6\
Z\xa1\xff\xca\xe1\x5cDD\xd2R\x90-\x22\xe2\xed7\
\xc0`\xe0$G\xe3m\x88U\xafx\x117\xc1\xfb\xc3\
\xd3\xa7\xed\xb6\x93\x83qJM>\xe9\x227\x03g\x00\
s\x1d\xcfED$\xadJ[\x01\x11\x11\xc9V\x1c8\
\x19\xab\xe8\xe1\xd7\xce\xc0\xbf\x81vl\xf5\xf95\x9f\xe3\
=\x02Tb\x80\x9d\xab\xbf`\xf9\xf4\x07\xa2\x00[D\
\x0aLA\xb6\x88Hf'\xe1/\xc5`g,\x1f\xbb\
\xd3RlU\xfb\xb5<\xc7{\x08\xd8\xc1\xc7|*\xc1\
\xdb\xc0\xaeX\x8a\xce+!\xcfED*\x94\x82l\x11\
\x91\xde\xe5\xbb\xa2\x9d\x1a`wZ\x08\xac\x0f\xbc\x9e\xe3\
x\x0f'\xc6\x94\xf4\xce\x03&\x00\x7f\x0a{\x22\x22R\
\xd9\x14d\x8b\x88d'\xd7\x15\xed\x1d\xf1\x0e\xb0;-\
\x01\xd6\x03^\xcdr\xbc\x87Q\x8aH&\xf7\x02\xa3\x81\
\xd3\xc3\x9e\x88\x88\x08(\xc8\x16\x11\xc9\xc5\xc9d\x17h\
\xef\x84\xe5\x03'\xdb\x02\xb8 \xe5\xb6%\xc0F\xf4\x1e\
h?\x84\x02\xecN\xa9\xd5E\x9e\xc6NV\xa6\x01\xef\
\x15~:\x22\x22\xdeT]DD$7'\x03\x11\xac\
\xd6\xb2\x97\x9d\xb1U\xe7d\xe3\x81\xbfb5\x9e\x1b\xb1\
\x06(\x9d\x16bA\xe2\x0b\xc0\x14\x8f\xf1\xfe\x82RD\
\x92u6\x8e\x99\x87\xfd\x0cn\x0fq.\x22\x22ii\
%[D$w\xe9RGv\xa2g\x8a\xc8$\xack\
dg\x13\x95\xa3\xb1\xf2\x80\xc9\x96\x02\x1b\xd0sE\xfb\
\xcfX\xda\x89t\xf9\x14\xd8\x12k\x85\xae\x00[D\x8a\
\x96\x82l\x11\x91\xfc\x9c\x0c\x5c\x94\xf4\xef\x9d\xe8\xb9\x82\
=\x01+\xdd\xd77\xe5\xf6\xa3\x81+Rn[\x04\xfc\
\x08x3\xf1\xef\xbf\x00?v1\xd12\x13\x03\x9e\xc0\
\xae\x00\x88\x88\x14-\xa5\x8b\x88\x88\xe4\xef\x14\xa0\x09x\
\x8b\x9e\x01\xf6$\xe0y,=\xc4\xcbQ\x89?\x8fN\
\xbam1\x96\xbb}\x14\xee\xda\xaf\x8b\x88H\x08\x14d\
\x8b\x88\xf8s\x94\xc7m\x13\x81gH\x1f`\xa7>7\
9\xd0\x9e\x87\x02l\x11\x91\x92\xa7 [D\xc4\xad\xf1\
X\x0evs\x96\x8f\xf7\x0a\xb4ED\xa4\xc4)'[\
D\xc4\x9dIX\x95\x90l\x03\xecNG\xd1s3\xa4\
\x88\x88\x940\x05\xd9\x22\x22nL\xc469\xe6\x1a`\
w:\x1a\xb8\xd2\xddtDD$L\x0a\xb2ED\xfc\
\xdb\x18\xf8\x1f=\xab\x88\xe4\xeaH\xe0n\xf4\xde,\x22\
R\xf2\xf4F.\x22\xe2\xdfb\xa0\xd5\xd1X\xf3\x81\xb8\
\xa3\xb1DD$$\x0a\xb2ED\xfc{\x09\xdb\xf0\xf8\
\x85\xcfq\xce\x05\x0eFA\xb6\x88H\xc9S\x90-\x22\
\xe2\xc6\x87\xc0\xdaX\x09\xbe|\x9c\x0d\x9c\xe1n:\x22\
\x22\x12&\x05\xd9\x22\x22\xee\xcc\x01\xd6\x05>\xcb\xf1y\
\xe7\x02g9\x9f\x8d\x88\x88\x84FA\xb6\x88\x88[\xb3\
\x81\xf5\xc9>u\xe4\x1c\xb4\x82-\x22Rv\x14d\x8b\
\x88\xb87\x1bK\x1d\xf9\xbc\x97\xc7\x9d\x0d\x9c\x19\xf8l\
DD\xa4\xe0\x14d\x8b\x88\x04c\x0e\xb6\xa2\x9d.G\
\xfb\x1c\x94\x22\x22\x22R\xb6\x14d\x8b\x88\x04\xe7C`\
\x1dz\x06\xdaZ\xc1\x16\x11)s\x0a\xb2ED\x825\
\x07\x0b\xb4\xe7'\xfe\xad\x15l\x11\x91\x0aP\x13\xf6\x04\
DD*\xc0\x1c`k`3\xe0\xa2\x90\xe7\x22\x22\x22\
\x05P\xb6A\xf6\xf4i\xbb\x85=\x05\x11\x91d/&\
\xbeDD\xa4\x02(]DDDDD\xc41\x05\xd9\
\x22\x22\x22\x22\x22\x8e)\xc8\x16\x11\x11\x91J\x10\x0f{\
\x02RY\x14d\x8b\x88\x88H%P\xcc#\x05\xa5\x17\
\x9c\x88\x88\x88T\x82\xba\xb0' \x95EA\xb6\x88\x88\
\x88\x88\x88c\x0a\xb2EDDDD\x1cS\x90-\x22\
\x22\x22\x22\xe2\x98\x82l\x11\x11\x11\x11\x11\xc7\x14d\x8b\
\x88\x88\x88\x888\xa6 [DDDD\xc41\x05\xd9\
\x22\x22\x22\x22\x22\x8e)\xc8\x16\x11\x11\x11\x11qLA\
\xb6\x88\x88\x88\x88\x88c\x0a\xb2EDDDD\x1cS\
\x90-\x22\x22\x22\x95 \xd7\x98'\x12\xc8,\xa4b(\
\xc8\x16\x11\x11\x91J\xd0\x9a\xe3\xe3\xe3\x81\xccB*\x86\
\x82l\x11\x11\x11\xa9\x04\xf3r|\xfc\x92@f!\x15\
CA\xb6\x88\x88\x88\x94\xbb%\xc0\xcc\x1c\x9f37\x88\
\x89H\xe5P\x90-\x22\x22\x22\xe5\xeeirO\x17\xf9\
G\x10\x13\x91\xca\xa1 [DDD\xca\xddmy<\
\xe7\x0f\xceg!\x15EA\xb6\x88\x88\x88\x94\xb3\xf9\xc0\
]y<\xefS\xe0A\xa73\x91\x8a\xa2 [DD\
D\xca\xd9\x01\xe4_)\xe4p\x97\x13\x91\xca\xa2 [\
DDD\xca\xd5\x95\xc0\x03>\x9e?\x17\xd8\xc9\xd1\x5c\
\xa4\xc2(\xc8\x16\x11\x11\x91r\xf4(p\xb4\x83q\x1e\
\x06\x0er0\x8eT\x18\x05\xd9\x22\x22\x22Rn\xae\x07\
\xb6u8\xde\x8d\xc0/\x1c\x8e'\x15@A\xb6\x88\x88\
\x88\x94\x8b\x8f\x81\xe9\xc0!\x01\x8c}\x130\x09x\x22\
\x80\xb1\xa5\x0c)\xc8\x16\x11\x11\x91R\xb7\x108\x09\x18\
\x0d\xdc\x1d\xe0q\xde\x04\xb6\x04v\x00\xde\x08\xf08R\
\x06\x14d\x8b\x88\x88H)\xbb\x01\x18\x05\x5cL\xee\x0d\
g\xf2\xf5\x080\x058\x16\xf8\xae@\xc7\x94\x12\xa3 \
[DDDJ\xd1\xcb\xc0f\xc0\xc1\xc0\xe7!\xcd\xe1\
7X\x80\x9fO\xb3\x1b)s\x0a\xb2EDD\xa4\x94\
|\x8e\xd5\xaf^\x0b\xf8g\xc8s\x01\xf8\x12\xd8\x17K\
#y!\xdc\xa9H1Q\x90-\x22\x22\x22\xa5 \x06\
\x9c\x03\x8c\x04~\x1b\xf2\x5c\xbc<\x01\xac\x0b\xec\x02\xbc\
\x1f\xf2\x5c\xa4\x08(\xc8\x16\x11\x11\x91bw7\xb6\xa9\
\xf1L`q\xc8s\xe9\xcd\x83\xc0X\xec\x84 \x1a\xee\
T$L\x0a\xb2EDD\xa4X\xbd\x87\xd5\xbb\x9eN\
i\xad\x0ew`'\x04c\x80{B\x9e\x8b\x84DA\
\xb6\x88\x88\x88\x14\x9bE\xc0\xe9X\x90\xfah\xc8s\xf1\
\xe3}`\x0f`\x1a\xf0n\xc8s\x91\x02S\x90-\x22\
\x22\x22\xc5\xe4R`\x15\xe0< \x1e\xf2\x5c\x5c\xb9\x17\
K!\xd9\x0f\x98\x9b\xc7\xf3\xcb\xe5\xfbPQ\x14d\x8b\
\x88\x88H1x\x02X\x078\x11\xf8\x22\xe4\xb9\x04\xe5\
V,\xd8\xceu\xe3\xa6\xe2\xb5\x12\xa4\x1f\x9a\x88\x88\x88\
\x84\xe93`O\xac\x04\xde\x8b!\xcf\xa5\x10\x16`%\
\x08\xd7\x06\x1e\xcf\xf29}\x82\x9b\x8e\x04EA\xb6\x88\
\x88\x88\x84\xe5J,\xef\xfa\xce\xb0'\x12\x82\x97\x80\xad\
\x80\x03\xb1\x13\x8dL\x22\xc1OG\x5cS\x90-\x22\x22\
\x22\x85v#V\x92\xefhle\xb7\x92\xdd\x8c\xd5\xfe\
>\x1e\xf8>\xe4\xb9\x88C\x0a\xb2EDD$\x08^\
\xab\xaf\xaf\x02\xdb\x00\x07a\xe5\xf9\xc4,\x01.\xc7Z\
\xb4{\xad\xeaw\x14v:\xe2\x82\x82l\x11\x11\x11\x09\
Br\x1e\xf1|\xe0(`u\xe0\xef\xa1\xcc\xa64|\
\x81\xe5\xa7o\x8d\xa5\x93t\xea\x1b\xcet\xc4\x0f\x05\xd9\
\x22\x22\x22\x12\x84\x0f\x80\xcf\xb1\x8a\x1a\xa3\x80\xabB\x9d\
Miy\x0c\xdb\x18y\x040\x03\xb8/\xdc\xe9H>\
\x22\xf1\xb8J/\x8a\x88\x88\x88\x88\xb8\xa4\x95l\x11\x11\
\x11\x11\x11\xc7\x14d\x8b\x88\x88\x88\x888\xa6 [D\
DDD\xc41\x05\xd9\x22\x22\x22\x22\x22\x8e)\xc8\x16\
\x11\x11\x11\x11qLA\xb6\x88\x88\x88\x88\x88c\x0a\xb2\
EDDDD\x1cS\x90-\x22\x22\x22\x22\xe2\x98\x82\
l\x11\x11\x11\x11\x11\xc7\x14d\x8b\x88\x88\x88\x888\xa6\
 [DDDD\xc41\x05\xd9\x22\x22\x22\x22\x22\x8e\
)\xc8\x16\x11\x11\x11\x11qLA\xb6\x88\x88\x88\x88\x88\
c\x0a\xb2EDDDD\x1cS\x90-\x22\x22\x22\x22\
\xe2\x98\x82l\x11\x11\x11\x11\x11\xc7\x14d\x8b\x88\x88\x88\
\x888\xa6 [DDDD\xc41\x05\xd9\x22\x22\x22\
\x22\x22\x8e)\xc8\x16\x11\x11\x11\x11qLA\xb6\x88\x88\
\x88\x88\x88c\x0a\xb2EDDDD\x1cS\x90-\x22\
\x22\x22\x22\xe2\x98\x82l\x11\x11\x11\x11\x11\xc7\x14d\x8b\
\x88\x88\x88\x888\xa6 [DDDD\xc41\x05\xd9\
\x22\x22\x22\x22\x22\x8e)\xc8\x16\x11\x11\x11\x11qLA\
\xb6\x88\x88\x88\x88\x88c\x0a\xb2EDDDD\x1cS\
\x90-\x22\x22\x22\x22\xe2\x98\x82l\x11\x11\x11\x11\x11\xc7\
\x14d\x8b\x88\x88\x88\x888\xa6 [DDDD\xc4\
1\x05\xd9\x22\x22\x22\x22\x22\x8e)\xc8\x16\x11\x11\x11\x11\
qLA\xb6\x88\x88\x88\x88\x88c\x0a\xb2EDDD\
D\x1cS\x90-\x22\x22\x22\x22\xe2\x98\x82l\x11\x11\x11\
\x11\x11\xc7\x14d\x8b\x88\x88\x88\x888\xa6 [DD\
DD\xc41\x05\xd9\x22\x22\x22\x22\x22\x8e)\xc8\x16\x11\
\x11\x11\x11qLA\xb6\x88\x88\x88\x88\x88c\x0a\xb2E\
DDDD\x1cS\x90-\x22\x22\x22\x22\xe2\x98\x82l\
\x11\x11\x11\x11\x11\xc7\x14d\x8b\x88\x88\x88\x888\xa6 \
[DDDD\xc41\x05\xd9\x22\x22\x22\x22\x22\x8e)\
\xc8\x16\x11\x11\x11\x11qLA\xb6\x88\x88\x88\x88\x88c\
\x0a\xb2EDDDD\x1cS\x90-\x22\x22\x22\x22\xe2\
\x98\x82l\x11\x11\x11\x11\x11\xc7\x14d\x8b\x88\x88\x88\x88\
8\xf6\xff\x1cE\xe0dTS\x96g\x00\x00\x00\x00I\
END\xaeB`\x82\
"

qt_resource_name = b"\
\x00\x15\
\x08\x1e\x16f\
\x00q\
\x00t\x00q\x00u\x00i\x00c\x00k\x00c\x00o\x00n\x00t\x00r\x00o\x00l\x00s\x002\x00.\
\x00c\x00o\x00n\x00f\
\x00\x17\
\x04>d\xf4\
\x00U\
\x00n\x00t\x00i\x00t\x00l\x00e\x00d\x00P\x00r\x00o\x00j\x00e\x00c\x00t\x001\x00C\
\x00o\x00n\x00t\x00e\x00n\x00t\
\x00\x10\
\x08R\xdeQ\
\x00U\
\x00n\x00t\x00i\x00t\x00l\x00e\x00d\x00P\x00r\x00o\x00j\x00e\x00c\x00t\x001\
\x00\x16\
\x0e\x86!|\
\x00E\
\x00v\x00e\x00n\x00t\x00L\x00i\x00s\x00t\x00S\x00i\x00m\x00u\x00l\x00a\x00t\x00o\
\x00r\x00.\x00q\x00m\x00l\
\x00\x12\
\x0f\x99b\xfc\
\x00E\
\x00v\x00e\x00n\x00t\x00L\x00i\x00s\x00t\x00M\x00o\x00d\x00e\x00l\x00.\x00q\x00m\
\x00l\
\x00\x06\
\x07\x84+\x02\
\x00q\
\x00m\x00l\x00d\x00i\x00r\
\x00\x0b\
\x07H\xbe\xfc\
\x00A\
\x00p\x00p\x00P\x00a\x00g\x00e\x00.\x00q\x00m\x00l\
\x00\x10\
\x06\x8b\xda\x5c\
\x00S\
\x00k\x00e\x00i\x00n\x00W\x00i\x00n\x00d\x00o\x00w\x00s\x00.\x00q\x00m\x00l\
\x00\x10\
\x02\xa7\xde\xbc\
\x00D\
\x00i\x00g\x00i\x00t\x00a\x00l\x00T\x00i\x00m\x00e\x00r\x00.\x00q\x00m\x00l\
\x00\x0e\
\x0f=t\xdc\
\x00R\
\x00e\x00p\x00o\x00r\x00t\x00P\x00a\x00g\x00e\x00.\x00q\x00m\x00l\
\x00\x0f\
\x02\x82\xe1\x9c\
\x00P\
\x00l\x00a\x00s\x00m\x00a\x00T\x00i\x00m\x00e\x00r\x00.\x00q\x00m\x00l\
\x00\x12\
\x0f\xa1c|\
\x00T\
\x00h\x00e\x00r\x00a\x00p\x00y\x00H\x00i\x00s\x00t\x00o\x00r\x00y\x00.\x00q\x00m\
\x00l\
\x00\x0f\
\x04\xc5\x19\x1c\
\x00S\
\x00c\x00r\x00e\x00e\x00n\x000\x001\x00.\x00u\x00i\x00.\x00q\x00m\x00l\
\x00\x06\
\x07\x03}\xc3\
\x00i\
\x00m\x00a\x00g\x00e\x00s\
\x00\x11\
\x0f\xf5/\xbc\
\x00P\
\x00l\x00a\x00s\x00m\x00a\x00T\x00h\x00e\x00r\x00a\x00p\x00y\x00.\x00q\x00m\x00l\
\
\x00\x12\
\x07 \x00\xfc\
\x00N\
\x00e\x00w\x00P\x00a\x00t\x00i\x00e\x00n\x00t\x00P\x00a\x00g\x00e\x00.\x00q\x00m\
\x00l\
\x00\x0d\
\x01lS\xbc\
\x00L\
\x00o\x00g\x00i\x00n\x00P\x00a\x00g\x00e\x00.\x00q\x00m\x00l\
\x00\x11\
\x03T\x9d\xfc\
\x00C\
\x00o\x00n\x00f\x00i\x00r\x00m\x00D\x00i\x00a\x00l\x00o\x00g\x00.\x00q\x00m\x00l\
\
\x00\x0e\
\x0bq\xfc\x5c\
\x00M\
\x00a\x00i\x00n\x00W\x00i\x00n\x00d\x00o\x00w\x00.\x00q\x00m\x00l\
\x00\x13\
\x0e\x98M|\
\x00V\
\x00i\x00r\x00t\x00u\x00a\x00l\x00K\x00e\x00y\x00b\x00o\x00a\x00r\x00d\x00.\x00q\
\x00m\x00l\
\x00\x0a\
\x0bh<\x07\
\x00d\
\x00o\x00c\x00t\x00o\x00r\x00.\x00p\x00n\x00g\
\x00\x0c\
\x08Qp\xa7\
\x00m\
\x00a\x00n\x00-\x00i\x00c\x00o\x00n\x00.\x00p\x00n\x00g\
\x00\x0f\
\x04\xa9\x8b\x87\
\x00p\
\x00l\x00a\x00s\x00m\x00a\x00-\x00l\x00o\x00g\x00o\x00.\x00p\x00n\x00g\
"

qt_resource_struct = b"\
\x00\x00\x00\x00\x00\x02\x00\x00\x00\x03\x00\x00\x00\x01\
\x00\x00\x00\x00\x00\x00\x00\x00\
\x00\x00\x000\x00\x02\x00\x00\x00\x0e\x00\x00\x00\x07\
\x00\x00\x00\x00\x00\x00\x00\x00\
\x00\x00\x00\x00\x00\x00\x00\x00\x00\x01\x00\x00\x00\x00\
\x00\x00\x01\x95\xb4@S\xd0\
\x00\x00\x00d\x00\x02\x00\x00\x00\x03\x00\x00\x00\x04\
\x00\x00\x00\x00\x00\x00\x00\x00\
\x00\x00\x00\xe6\x00\x00\x00\x00\x00\x01\x00\x00\x04\xc9\
\x00\x00\x01\x94Pr\xe2\x8d\
\x00\x00\x00\x8a\x00\x00\x00\x00\x00\x01\x00\x00\x013\
\x00\x00\x01\x94Pr\xe2\xac\
\x00\x00\x00\xbc\x00\x00\x00\x00\x00\x01\x00\x00\x03m\
\x00\x00\x01\x94Pr\xe2\xa3\
\x00\x00\x02X\x00\x04\x00\x00\x00\x01\x00\x00\x91\xae\
\x00\x00\x01\x95\xe87\xda'\
\x00\x00\x01\x82\x00\x04\x00\x00\x00\x01\x00\x00H\xc1\
\x00\x00\x01\x95\xe8\x94\xa1\x0e\
\x00\x00\x01:\x00\x04\x00\x00\x00\x01\x00\x00\x22\xcb\
\x00\x00\x01\x95\xb9q\x9c\x8a\
\x00\x00\x02x\x00\x00\x00\x00\x00\x01\x00\x00\x9b7\
\x00\x00\x01\x95\xb9k\xff\xb4\
\x00\x00\x01\xd0\x00\x00\x00\x00\x00\x01\x00\x00n4\
\x00\x00\x01\x95\xbf@\xb3\xea\
\x00\x00\x01\x14\x00\x00\x00\x00\x00\x01\x00\x00\x181\
\x00\x00\x01\x95\xb9,\xd0\xd3\
\x00\x00\x01\xf4\x00\x02\x00\x00\x00\x03\x00\x00\x00\x15\
\x00\x00\x00\x00\x00\x00\x00\x00\
\x00\x00\x02.\x00\x04\x00\x00\x00\x01\x00\x00}o\
\x00\x00\x01\x95\xc8I\xbb\xcc\
\x00\x00\x00\xf8\x00\x04\x00\x00\x00\x01\x00\x00\x05_\
\x00\x00\x01\x95\xec}\x83\xb5\
\x00\x00\x02\xa0\x00\x00\x00\x00\x00\x01\x00\x00\xa1w\
\x00\x00\x01\x95\xe8\xe0A%\
\x00\x00\x02\xc2\x00\x04\x00\x00\x00\x01\x00\x00\xa8\x8d\
\x00\x00\x01\x95\xc2\xf5-\x8b\
\x00\x00\x01`\x00\x04\x00\x00\x00\x01\x00\x000\xb5\
\x00\x00\x01\x95\xc8DP\xf1\
\x00\x00\x01\xa6\x00\x04\x00\x00\x00\x01\x00\x00_\xe3\
\x00\x00\x01\x95\xc8K\xa4\x8f\
\x00\x00\x02\x06\x00\x04\x00\x00\x00\x01\x00\x00pI\
\x00\x00\x01\x95\xc8H\xefM\
\x00\x00\x03&\x00\x00\x00\x00\x00\x01\x00\x00\xec.\
\x00\x00\x01\x95\xaf\x88\x15\x02\
\x00\x00\x03\x08\x00\x00\x00\x00\x00\x01\x00\x00\xcd\xc9\
\x00\x00\x01\x94V\x08\x8c\x7f\
\x00\x00\x02\xee\x00\x00\x00\x00\x00\x01\x00\x00\xae\xf6\
\x00\x00\x01\x94V\x0c\xef\x86\
"

def qInitResources():
    QtCore.qRegisterResourceData(0x03, qt_resource_struct, qt_resource_name, qt_resource_data)

def qCleanupResources():
    QtCore.qUnregisterResourceData(0x03, qt_resource_struct, qt_resource_name, qt_resource_data)

qInitResources()
